Category,name,mrp,discountPercent,availableQuantity,discountedSellingPrice,weightInGms,outOfStock,quantity,mrp_rupees,selling_price_rupees,savings,discount_category,stock_status,price_category,weight_category,quantity_category,sku_id
Fruits & Vegetables,Onion,2500,16,3,2100,1000,False,1,25.0,21.0,4.0,Medium Discount,Low Stock,Budget,Heavy,Single,1
Fruits & Vegetables,Tomato Hybrid,4200,16,3,3500,1000,False,1,42.0,35.0,7.0,Medium Discount,Low Stock,Budget,Heavy,Single,2
Fruits & Vegetables,Tender Coconut,5100,15,3,4300,58,False,1,51.0,43.0,8.0,Medium Discount,Low Stock,Budget,Light,Single,3
Fruits & Vegetables,Coriander Leaves,2000,15,3,1700,100,False,100,20.0,17.0,3.0,Medium Discount,Low Stock,Budget,Light,Bulk Pack,4
Fruits & Vegetables,Ladies Finger ,1400,14,3,1200,250,False,250,14.0,12.0,2.0,Medium Discount,Low Stock,Budget,Light,Bulk Pack,5
Fruits & Vegetables,Potato,3500,17,3,2900,1000,False,1,35.0,29.0,6.0,Medium Discount,Low Stock,Budget,Heavy,Single,6
Fruits & Vegetables,Lemon,7500,16,3,6300,200,False,200,75.0,63.0,12.0,Medium Discount,Low Stock,Affordable,Light,Bulk Pack,7
Fruits & Vegetables,Watermelon ,5800,15,3,4900,58,False,1,58.0,49.0,9.0,Medium Discount,Low Stock,Budget,Light,Single,8
Fruits & Vegetables,Capsicum Green ,2300,17,3,1900,250,False,250,23.0,19.0,4.0,Medium Discount,Low Stock,Budget,Light,Bulk Pack,9
Fruits & Vegetables,Chilli Green ,1900,15,3,1600,100,False,100,19.0,16.0,3.0,Medium Discount,Low Stock,Budget,Light,Bulk Pack,10
Fruits & Vegetables,Banana Robusta,2900,17,3,2400,348,False,6,29.0,24.0,5.0,Medium Discount,Low Stock,Budget,Medium,Large Pack,11
Fruits & Vegetables,Garlic Indian ,1100,18,3,900,100,False,100,11.0,9.0,2.0,Medium Discount,Low Stock,Budget,Light,Bulk Pack,12
Fruits & Vegetables,Cauliflower,2600,15,3,2200,58,False,1,26.0,22.0,4.0,Medium Discount,Low Stock,Budget,Light,Single,13
Fruits & Vegetables,Ginger,1400,14,3,1200,200,False,200,14.0,12.0,2.0,Medium Discount,Low Stock,Budget,Light,Bulk Pack,14
Fruits & Vegetables,Spinach,1900,15,3,1600,250,False,250,19.0,16.0,3.0,Medium Discount,Low Stock,Budget,Light,Bulk Pack,15
Fruits & Vegetables,Muskmelon,4200,16,3,3500,58,False,1,42.0,35.0,7.0,Medium Discount,Low Stock,Budget,Light,Single,16
Fruits & Vegetables,Cabbage ,1500,13,3,1300,58,False,1,15.0,13.0,2.0,Medium Discount,Low Stock,Budget,Light,Single,17
Fruits & Vegetables,Methi,3000,16,3,2500,250,False,250,30.0,25.0,5.0,Medium Discount,Low Stock,Budget,Light,Bulk Pack,18
Fruits & Vegetables,Broccoli,3600,16,3,3000,500,False,500,36.0,30.0,6.0,Medium Discount,Low Stock,Budget,Medium,Bulk Pack,19
Fruits & Vegetables,Sapota,3000,16,3,2500,348,False,6,30.0,25.0,5.0,Medium Discount,Low Stock,Budget,Medium,Large Pack,20
Fruits & Vegetables,Onion,6800,16,3,5700,3000,False,3,68.0,57.0,11.0,Medium Discount,Low Stock,Affordable,Bulk,Small Pack,21
Fruits & Vegetables,Potato,10000,16,3,8400,3000,False,3,100.0,84.0,16.0,Medium Discount,Low Stock,Affordable,Bulk,Small Pack,22
Fruits & Vegetables,Orange Nagpur,8200,15,3,6900,232,False,4,82.0,69.0,13.0,Medium Discount,Low Stock,Affordable,Light,Medium Pack,23
Fruits & Vegetables,Mint Leaves ,1100,18,3,900,100,False,100,11.0,9.0,2.0,Medium Discount,Low Stock,Budget,Light,Bulk Pack,24
Fruits & Vegetables,Beans French,3300,15,3,2800,250,False,250,33.0,28.0,5.0,Medium Discount,Low Stock,Budget,Light,Bulk Pack,25
Fruits & Vegetables,Bottle Gourd ,2600,15,3,2200,58,False,1,26.0,22.0,4.0,Medium Discount,Low Stock,Budget,Light,Single,26
Fruits & Vegetables,Banana Elaichi ,5800,15,3,4900,348,False,6,58.0,49.0,9.0,Medium Discount,Low Stock,Budget,Medium,Large Pack,27
Fruits & Vegetables,Coconut Big,3600,16,3,3000,58,False,1,36.0,30.0,6.0,Medium Discount,Low Stock,Budget,Light,Single,28
Fruits & Vegetables,Curry Leaves,1300,15,3,1100,50,False,50,13.0,11.0,2.0,Medium Discount,Low Stock,Budget,Light,Bulk Pack,29
Fruits & Vegetables,Brinjal Bharta,1900,15,3,1600,58,False,1,19.0,16.0,3.0,Medium Discount,Low Stock,Budget,Light,Single,30
Fruits & Vegetables,Lettuce Iceberg,2500,16,3,2100,250,False,250,25.0,21.0,4.0,Medium Discount,Low Stock,Budget,Light,Bulk Pack,31
Fruits & Vegetables,Papaya,5400,16,3,4500,58,False,1,54.0,45.0,9.0,Medium Discount,Low Stock,Budget,Light,Single,32
Fruits & Vegetables,Apple Shimla,14200,16,3,11900,232,False,4,142.0,119.0,23.0,Medium Discount,Low Stock,Affordable,Light,Medium Pack,33
Fruits & Vegetables,Bitter Gourd,1800,16,3,1500,250,False,250,18.0,15.0,3.0,Medium Discount,Low Stock,Budget,Light,Bulk Pack,34
Fruits & Vegetables,Brinjal Small,1800,16,3,1500,250,False,250,18.0,15.0,3.0,Medium Discount,Low Stock,Budget,Light,Bulk Pack,35
Fruits & Vegetables,Sweet Corn,3600,16,3,3000,116,False,2,36.0,30.0,6.0,Medium Discount,Low Stock,Budget,Light,Small Pack,36
Fruits & Vegetables,Spring Onion ,1800,16,3,1500,250,False,250,18.0,15.0,3.0,Medium Discount,Low Stock,Budget,Light,Bulk Pack,37
Fruits & Vegetables,Bell Peppers Red & Yellow ,11800,16,3,9900,116,False,2,118.0,99.0,19.0,Medium Discount,Low Stock,Affordable,Light,Small Pack,38
Fruits & Vegetables,Pomegranate ,10600,16,3,8900,116,False,2,106.0,89.0,17.0,Medium Discount,Low Stock,Affordable,Light,Small Pack,39
Fruits & Vegetables,Sweet Lime,3000,16,3,2500,116,False,2,30.0,25.0,5.0,Medium Discount,Low Stock,Budget,Light,Small Pack,40
Fruits & Vegetables,Baby Potato,1900,15,3,1600,500,False,500,19.0,16.0,3.0,Medium Discount,Low Stock,Budget,Medium,Bulk Pack,41
Fruits & Vegetables,Coccinia,3200,15,3,2700,250,False,250,32.0,27.0,5.0,Medium Discount,Low Stock,Budget,Light,Bulk Pack,42
Fruits & Vegetables,Guava,5400,16,3,4500,232,False,4,54.0,45.0,9.0,Medium Discount,Low Stock,Budget,Light,Medium Pack,43
Fruits & Vegetables,Apple Washington,17700,15,3,14900,232,False,4,177.0,149.0,28.0,Medium Discount,Low Stock,Affordable,Light,Medium Pack,44
Fruits & Vegetables,Amla,3200,15,3,2700,250,False,250,32.0,27.0,5.0,Medium Discount,Low Stock,Budget,Light,Bulk Pack,45
Fruits & Vegetables,Beans Cluster,3000,16,3,2500,250,False,250,30.0,25.0,5.0,Medium Discount,Low Stock,Budget,Light,Bulk Pack,46
Fruits & Vegetables,Apple Royal Gala,18900,15,3,15900,232,False,4,189.0,159.0,30.0,Medium Discount,Low Stock,Affordable,Light,Medium Pack,47
Fruits & Vegetables,Chilli Bhaji,3000,16,3,2500,250,False,250,30.0,25.0,5.0,Medium Discount,Low Stock,Budget,Light,Bulk Pack,48
Fruits & Vegetables,Lettuce Green,2300,17,3,1900,100,False,100,23.0,19.0,4.0,Medium Discount,Low Stock,Budget,Light,Bulk Pack,49
Fruits & Vegetables,Baby Corn Peeled,3500,17,3,2900,250,False,250,35.0,29.0,6.0,Medium Discount,Low Stock,Budget,Light,Bulk Pack,50
Fruits & Vegetables,Mixed Sprouts,3500,17,3,2900,200,False,200,35.0,29.0,6.0,Medium Discount,Low Stock,Budget,Light,Bulk Pack,51
Fruits & Vegetables,Zucchini Green,3500,17,3,2900,250,False,250,35.0,29.0,6.0,Medium Discount,Low Stock,Budget,Light,Bulk Pack,52
Fruits & Vegetables,Beans Broad,4200,16,3,3500,250,False,250,42.0,35.0,7.0,Medium Discount,Low Stock,Budget,Light,Bulk Pack,53
Fruits & Vegetables,Raw Banana,2000,15,6,1700,500,False,500,20.0,17.0,3.0,Medium Discount,In Stock,Budget,Medium,Bulk Pack,54
Fruits & Vegetables,Colocasia ,2900,17,6,2400,500,False,500,29.0,24.0,5.0,Medium Discount,In Stock,Budget,Medium,Bulk Pack,55
Fruits & Vegetables,Tomato Cherry ,3500,17,3,2900,200,False,200,35.0,29.0,6.0,Medium Discount,Low Stock,Budget,Light,Bulk Pack,56
Fruits & Vegetables,Sweet Potato ,3800,15,3,3200,500,False,500,38.0,32.0,6.0,Medium Discount,Low Stock,Budget,Medium,Bulk Pack,57
Fruits & Vegetables,Pineapple Slice,8900,15,3,7500,200,False,200,89.0,75.0,14.0,Medium Discount,Low Stock,Affordable,Light,Bulk Pack,58
Fruits & Vegetables,Orange,5400,16,3,4500,116,False,2,54.0,45.0,9.0,Medium Discount,Low Stock,Budget,Light,Small Pack,59
Fruits & Vegetables,Dragon Fruit Imported,7000,15,3,5900,58,False,1,70.0,59.0,11.0,Medium Discount,Low Stock,Affordable,Light,Single,60
Fruits & Vegetables,Zucchini Yellow,4200,16,3,3500,250,False,500,42.0,35.0,7.0,Medium Discount,Low Stock,Budget,Light,Bulk Pack,61
Fruits & Vegetables,Apple Kinnaur,14200,16,6,11900,232,False,4,142.0,119.0,23.0,Medium Discount,In Stock,Affordable,Light,Medium Pack,62
Fruits & Vegetables,Pineapple,9400,15,3,7900,58,False,1,94.0,79.0,15.0,Medium Discount,Low Stock,Affordable,Light,Single,63
Fruits & Vegetables,Basil,2000,15,3,1700,100,False,100,20.0,17.0,3.0,Medium Discount,Low Stock,Budget,Light,Bulk Pack,64
Fruits & Vegetables,Parsley,1700,17,3,1400,100,False,100,17.0,14.0,3.0,Medium Discount,Low Stock,Budget,Light,Bulk Pack,65
Fruits & Vegetables,Ridge Gourd,3000,16,3,2500,500,False,500,30.0,25.0,5.0,Medium Discount,Low Stock,Budget,Medium,Bulk Pack,66
Fruits & Vegetables,Papaya Cut,4600,15,3,3900,200,False,200,46.0,39.0,7.0,Medium Discount,Low Stock,Budget,Light,Bulk Pack,67
Fruits & Vegetables,Pomegranate Peeled,5800,15,2,4900,100,False,100,58.0,49.0,9.0,Medium Discount,Low Stock,Budget,Light,Bulk Pack,68
Fruits & Vegetables,Pear Green Imported,8200,15,3,6900,116,False,2,82.0,69.0,13.0,Medium Discount,Low Stock,Affordable,Light,Small Pack,69
Fruits & Vegetables,Guava Thai,7000,15,3,5900,116,False,2,70.0,59.0,11.0,Medium Discount,Low Stock,Affordable,Light,Small Pack,70
Fruits & Vegetables,Lettuce Red,2000,15,3,1700,100,False,100,20.0,17.0,3.0,Medium Discount,Low Stock,Budget,Light,Bulk Pack,71
Fruits & Vegetables,Mango Raw,6000,16,3,5000,500,False,500,60.0,50.0,10.0,Medium Discount,Low Stock,Budget,Medium,Bulk Pack,72
Fruits & Vegetables,Biryani /Pulav Mix,5800,15,3,4900,250,False,250,58.0,49.0,9.0,Medium Discount,Low Stock,Budget,Light,Bulk Pack,73
Fruits & Vegetables,Banana Nendran,5400,16,6,4500,500,False,500,54.0,45.0,9.0,Medium Discount,In Stock,Budget,Medium,Bulk Pack,74
Fruits & Vegetables,Pumpkin Cut,3000,16,3,2500,200,False,200,30.0,25.0,5.0,Medium Discount,Low Stock,Budget,Light,Bulk Pack,75
Fruits & Vegetables,Banana Red,5400,16,6,4500,500,False,500,54.0,45.0,9.0,Medium Discount,In Stock,Budget,Medium,Bulk Pack,76
Fruits & Vegetables,Radish White,2300,17,6,1900,500,False,500,23.0,19.0,4.0,Medium Discount,In Stock,Budget,Medium,Bulk Pack,77
Fruits & Vegetables,Avocado Indian Premium,17700,15,3,14900,58,False,1,177.0,149.0,28.0,Medium Discount,Low Stock,Affordable,Light,Single,78
Fruits & Vegetables,Banana Leaf,1200,16,2,1000,58,False,1,12.0,10.0,2.0,Medium Discount,Low Stock,Budget,Light,Single,79
Fruits & Vegetables,Sponge Gourd,2500,16,2,2100,300,False,300,25.0,21.0,4.0,Medium Discount,Low Stock,Budget,Medium,Bulk Pack,80
Fruits & Vegetables,Zama Organics Carrot,2000,15,3,1700,250,False,250,20.0,17.0,3.0,Medium Discount,Low Stock,Budget,Light,Bulk Pack,81
Fruits & Vegetables,Safal Frozen - Mixed Vegetables,11000,4,2,10500,1000,False,1,110.0,105.0,5.0,Low Discount,Low Stock,Affordable,Heavy,Single,82
Fruits & Vegetables,Zama Organics Sweet Potato,3700,16,3,3100,250,False,250,37.0,31.0,6.0,Medium Discount,Low Stock,Budget,Light,Bulk Pack,83
Fruits & Vegetables,Beetroot,1600,18,3,1300,500,False,500,16.0,13.0,3.0,Medium Discount,Low Stock,Budget,Medium,Bulk Pack,84
Fruits & Vegetables,Capsicum,2600,19,3,2100,500,False,500,26.0,21.0,5.0,Medium Discount,Low Stock,Budget,Medium,Bulk Pack,85
Fruits & Vegetables,Carrot,1900,21,3,1500,500,False,500,19.0,15.0,4.0,Medium Discount,Low Stock,Budget,Medium,Bulk Pack,86
Fruits & Vegetables,Garlic,1700,23,3,1300,200,False,200,17.0,13.0,4.0,Medium Discount,Low Stock,Budget,Light,Bulk Pack,87
Fruits & Vegetables,Carrot,1300,15,0,1100,250,True,200,13.0,11.0,2.0,Medium Discount,Out of Stock,Budget,Light,Bulk Pack,88
Fruits & Vegetables,Beetroot,1100,18,0,900,250,True,250,11.0,9.0,2.0,Medium Discount,Out of Stock,Budget,Light,Bulk Pack,89
Fruits & Vegetables,Moong Sprouts,3500,17,0,2900,200,True,200,35.0,29.0,6.0,Medium Discount,Out of Stock,Budget,Light,Bulk Pack,90
Fruits & Vegetables,Safal Frozen Mixed Vegetables,6000,5,0,5700,500,True,500,60.0,57.0,3.0,Low Discount,Out of Stock,Affordable,Medium,Bulk Pack,91
Fruits & Vegetables,Safal Frozen Corn,4100,4,0,3900,200,True,200,41.0,39.0,2.0,Low Discount,Out of Stock,Budget,Light,Bulk Pack,92
Fruits & Vegetables,Safal Frozen - Sweet Corn,16000,5,0,15200,1000,True,1,160.0,152.0,8.0,Low Discount,Out of Stock,Affordable,Heavy,Single,93
Cooking Essentials,Maggi 2 Minute Masala Noodles,1200,0,6,1200,70,False,70,12.0,12.0,0.0,No Discount,In Stock,Budget,Light,Bulk Pack,94
Cooking Essentials,iD Idli & Dosa Batter ,8000,15,6,6800,1000,False,1,80.0,68.0,12.0,Medium Discount,In Stock,Affordable,Heavy,Single,95
Cooking Essentials,Tata Salt,2400,0,6,2400,1000,False,1,24.0,24.0,0.0,No Discount,In Stock,Budget,Heavy,Single,96
Cooking Essentials,Arden Eggs White,9700,0,4,9700,696,False,12,97.0,97.0,0.0,No Discount,Low Stock,Affordable,Heavy,Bulk Pack,97
Cooking Essentials,Arden Eggs White,6500,15,4,5500,348,False,6,65.0,55.0,10.0,Medium Discount,Low Stock,Affordable,Medium,Large Pack,98
Cooking Essentials,Fortune Sunlite Refined Sunflower (Pouch),23000,4,6,21900,1000,False,1,230.0,219.0,11.0,Low Discount,In Stock,Mid-Range,Heavy,Single,99
Cooking Essentials,Aashirvaad Superior MP Atta,25000,2,6,24500,5000,False,5,250.0,245.0,5.0,Low Discount,In Stock,Mid-Range,Bulk,Medium Pack,100
Cooking Essentials,Amul Pure Ghee (Pouch),25500,2,6,24900,500,False,500,255.0,249.0,6.0,Low Discount,In Stock,Mid-Range,Medium,Bulk Pack,101
Cooking Essentials,Arden Eggs Brown,8500,7,4,7900,348,False,6,85.0,79.0,6.0,Low Discount,Low Stock,Affordable,Medium,Large Pack,102
Cooking Essentials,Tata Salt Lite,4000,10,6,3600,1000,False,1,40.0,36.0,4.0,Low Discount,In Stock,Budget,Heavy,Single,103
Cooking Essentials,Saffola Gold Oil (Pouch),21500,0,6,21500,1000,False,1,215.0,215.0,0.0,No Discount,In Stock,Mid-Range,Heavy,Single,104
Cooking Essentials,Fortune Sunlite Refined Sunflower (Jar),92500,0,6,92500,5000,False,5,925.0,925.0,0.0,No Discount,In Stock,Premium,Bulk,Medium Pack,105
Cooking Essentials,Fortune Rice Bran (Pouch),22500,11,6,19900,1000,False,1,225.0,199.0,26.0,Medium Discount,In Stock,Affordable,Heavy,Single,106
Cooking Essentials,Saffola Active Oil,21000,0,6,21000,1000,False,1,210.0,210.0,0.0,No Discount,In Stock,Mid-Range,Heavy,Single,107
Cooking Essentials,Amul Pure Ghee (Pouch),50500,1,2,49900,1000,False,1,505.0,499.0,6.0,Low Discount,Low Stock,Mid-Range,Heavy,Single,108
Cooking Essentials,Aashirvaad Atta,46000,13,6,39900,10000,False,10,460.0,399.0,61.0,Medium Discount,In Stock,Mid-Range,Bulk,Large Pack,109
Cooking Essentials,Popular Essentials Toor Dal (Un-Polished),16000,6,4,14900,1000,False,1,160.0,149.0,11.0,Low Discount,Low Stock,Affordable,Heavy,Single,110
Cooking Essentials,Amul Ghee (Tin),52000,2,6,50900,1000,False,1,520.0,509.0,11.0,Low Discount,In Stock,Premium,Heavy,Single,111
Cooking Essentials,Amul Fresh Cream,19700,3,3,19100,1000,False,1,197.0,191.0,6.0,Low Discount,Low Stock,Affordable,Heavy,Single,112
Cooking Essentials,Popular Essentials Pure Jaggery,5000,2,6,4900,450,False,450,50.0,49.0,1.0,Low Discount,In Stock,Budget,Medium,Bulk Pack,113
Cooking Essentials,Aashirvaad Multigrain Atta,6400,3,2,6200,1000,False,1,64.0,62.0,2.0,Low Discount,Low Stock,Affordable,Heavy,Single,114
Cooking Essentials,Fortune Soyabean Oil,100500,0,6,99900,5000,False,5,1005.0,999.0,6.0,No Discount,In Stock,Premium,Bulk,Medium Pack,115
Cooking Essentials,Popular Essentials Sunflower Seeds,2500,0,6,2500,50,False,50,25.0,25.0,0.0,No Discount,In Stock,Budget,Light,Bulk Pack,116
Cooking Essentials,Tata Sampann kabuli chana,18500,1,4,18300,1000,False,500,185.0,183.0,2.0,Low Discount,Low Stock,Affordable,Heavy,Bulk Pack,117
Cooking Essentials,Dhara Groundnut Oil (Pouch),23000,11,6,20300,1000,False,1,230.0,203.0,27.0,Medium Discount,In Stock,Mid-Range,Heavy,Single,118
Cooking Essentials,Dhara Health Refined Sun Flower Oil Jar,120000,18,6,98400,5000,False,5,1200.0,984.0,216.0,Medium Discount,In Stock,Premium,Bulk,Medium Pack,119
Cooking Essentials,24 Mantra Organic Jaggery Powder,8000,15,6,6800,500,False,500,80.0,68.0,12.0,Medium Discount,In Stock,Affordable,Medium,Bulk Pack,120
Cooking Essentials,Tata Sampann High Protien Kabuli Chana,9400,0,1,9400,500,False,500,94.0,94.0,0.0,No Discount,Low Stock,Affordable,Medium,Bulk Pack,121
Cooking Essentials,Dhara Kachi Ghani Mustard Oil Jar,125000,8,6,114300,5000,False,5,1250.0,1143.0,107.0,Low Discount,In Stock,High-End,Bulk,Medium Pack,122
Cooking Essentials,D'lecta Dairy Cream,5400,5,6,5100,200,False,200,54.0,51.0,3.0,Low Discount,In Stock,Affordable,Light,Bulk Pack,123
Cooking Essentials,Ching's Secret Instant Hot Garlic Noodles,1500,0,3,1500,60,False,60,15.0,15.0,0.0,No Discount,Low Stock,Budget,Light,Bulk Pack,124
Cooking Essentials,Dabur Ginger Garlic Paste,2500,8,3,2300,100,False,100,25.0,23.0,2.0,Low Discount,Low Stock,Budget,Light,Bulk Pack,125
Cooking Essentials,Ching's Secret Instant Schezwan Noodles,1500,0,6,1500,60,False,60,15.0,15.0,0.0,No Discount,In Stock,Budget,Light,Bulk Pack,126
Cooking Essentials,Gowardhan Ghee/Tuppa Jar,31500,1,6,30900,500,False,500,315.0,309.0,6.0,Low Discount,In Stock,Mid-Range,Medium,Bulk Pack,127
Cooking Essentials,Tata Sampann Unpolished Moong Dal ,9200,4,4,8800,500,False,500,92.0,88.0,4.0,Low Discount,Low Stock,Affordable,Medium,Bulk Pack,128
Cooking Essentials,Aashirvaad Select Atta,6400,0,6,6400,1000,False,1,64.0,64.0,0.0,No Discount,In Stock,Affordable,Heavy,Single,129
Cooking Essentials,Popular Essentials Misri Dana (Diamond Sugar) ,1500,0,4,1500,100,False,100,15.0,15.0,0.0,No Discount,Low Stock,Budget,Light,Bulk Pack,130
Cooking Essentials,Gowardhan Ghee Jar,59800,3,6,57900,1000,False,1,598.0,579.0,19.0,Low Discount,In Stock,Premium,Heavy,Single,131
Cooking Essentials,Top Ramen  Noodles Curry Veg Pouch,2000,0,1,2000,70,False,70,20.0,20.0,0.0,No Discount,Low Stock,Budget,Light,Bulk Pack,132
Cooking Essentials,Popular Essentials Refined Sugar,6000,0,6,6000,1000,False,1,60.0,60.0,0.0,No Discount,In Stock,Affordable,Heavy,Single,133
Cooking Essentials,Fortune Kachi Ghani Mustard Oil Bottle,21600,7,6,19900,1000,False,1,216.0,199.0,17.0,Low Discount,In Stock,Affordable,Heavy,Single,134
Cooking Essentials,Saffola Veggie Twist Masala Oats,1500,0,6,1500,38,False,38,15.0,15.0,0.0,No Discount,In Stock,Budget,Light,Bulk Pack,135
Cooking Essentials,Satyam Puffed Rice Kurmura (R),2300,0,6,2300,200,False,200,23.0,23.0,0.0,No Discount,In Stock,Budget,Light,Bulk Pack,136
Cooking Essentials,Quaker Oats,7900,0,2,7900,400,False,400,79.0,79.0,0.0,No Discount,Low Stock,Affordable,Medium,Bulk Pack,137
Cooking Essentials,Aashirvaad Select Sharbati Atta,31500,10,6,28300,5000,False,5,315.0,283.0,32.0,Low Discount,In Stock,Mid-Range,Bulk,Medium Pack,138
Cooking Essentials,Popular Essentials Refined Sugar,29500,10,6,26500,5000,False,5,295.0,265.0,30.0,Low Discount,In Stock,Mid-Range,Bulk,Medium Pack,139
Cooking Essentials,Gowardhan Cow Ghee Pouch,57900,10,6,52100,1000,False,1,579.0,521.0,58.0,Low Discount,In Stock,Premium,Heavy,Single,140
Cooking Essentials,Dhara Nourish Refined Sunflower Oil Pouch,21000,5,6,19900,1000,False,1,210.0,199.0,11.0,Low Discount,In Stock,Affordable,Heavy,Single,141
Cooking Essentials,Parachute Oil ,4000,7,3,3700,100,False,100,40.0,37.0,3.0,Low Discount,Low Stock,Budget,Light,Bulk Pack,142
Cooking Essentials,Popular Essentials Plain Puffed Rice (Murmura/Muri),1800,0,6,1800,100,False,100,18.0,18.0,0.0,No Discount,In Stock,Budget,Light,Bulk Pack,143
Cooking Essentials,Amul Mithai Mate Condensed Sweetened Milk,5600,3,4,5400,200,False,200,56.0,54.0,2.0,Low Discount,Low Stock,Affordable,Light,Bulk Pack,144
Cooking Essentials,Saffola Gold (Jar),124000,0,6,124000,5000,False,5,1240.0,1240.0,0.0,No Discount,In Stock,High-End,Bulk,Medium Pack,145
Cooking Essentials,McCain New Mini Samosa with Cheese Pizza Style Filling,12000,1,3,11800,240,False,240,120.0,118.0,2.0,Low Discount,Low Stock,Affordable,Light,Bulk Pack,146
Cooking Essentials,Fortune Rice Bran Health Oil (Jar),105000,1,6,103900,5000,False,5,1050.0,1039.0,11.0,Low Discount,In Stock,High-End,Bulk,Medium Pack,147
Cooking Essentials,Arden Desi Eggs,11000,13,4,9500,348,False,6,110.0,95.0,15.0,Medium Discount,Low Stock,Affordable,Medium,Large Pack,148
Cooking Essentials,Fortune Rozana Basmati Rice,58500,21,6,46200,5000,False,5,585.0,462.0,123.0,Medium Discount,In Stock,Mid-Range,Bulk,Medium Pack,149
Cooking Essentials,Fortune Biriyani Special Basmati Rice,17500,0,5,17500,1000,False,1,175.0,175.0,0.0,No Discount,Low Stock,Affordable,Heavy,Single,150
Cooking Essentials,Everest Garam Masala,7800,7,5,7200,100,False,100,78.0,72.0,6.0,Low Discount,Low Stock,Affordable,Light,Bulk Pack,151
Cooking Essentials,Popular Essentials Pumpkin Seeds,9000,16,6,7500,100,False,100,90.0,75.0,15.0,Medium Discount,In Stock,Affordable,Light,Bulk Pack,152
Cooking Essentials,Fortune Soya Health Refined Soybean Oil,21000,1,2,20600,1000,False,1,210.0,206.0,4.0,Low Discount,Low Stock,Mid-Range,Heavy,Single,153
Cooking Essentials,Gowardhan Pure Ghee Pouch,29500,4,6,28100,500,False,500,295.0,281.0,14.0,Low Discount,In Stock,Mid-Range,Medium,Bulk Pack,154
Cooking Essentials,Popular Essentials Jeera/Cumin Seeds,4000,5,3,3800,100,False,100,40.0,38.0,2.0,Low Discount,Low Stock,Budget,Light,Bulk Pack,155
Cooking Essentials,Weikfield Baking Soda,3000,3,6,2900,100,False,100,30.0,29.0,1.0,Low Discount,In Stock,Budget,Light,Bulk Pack,156
Cooking Essentials,Everest Pav Bhaji Masala,3700,10,4,3300,50,False,50,37.0,33.0,4.0,Low Discount,Low Stock,Budget,Light,Bulk Pack,157
Cooking Essentials,Tata Sampann Unpolished Chana Dal,9500,6,2,8900,1000,False,500,95.0,89.0,6.0,Low Discount,Low Stock,Affordable,Heavy,Bulk Pack,158
Cooking Essentials,Amul Mithai Mate EOE Tin,11200,2,6,10900,400,False,400,112.0,109.0,3.0,Low Discount,In Stock,Affordable,Medium,Bulk Pack,159
Cooking Essentials,Pillsbury Chakki Fresh Atta,45000,16,6,37500,10000,False,10,450.0,375.0,75.0,Medium Discount,In Stock,Mid-Range,Bulk,Large Pack,160
Cooking Essentials,Everest Chicken Masala,3900,2,1,3800,50,False,50,39.0,38.0,1.0,Low Discount,Low Stock,Budget,Light,Bulk Pack,161
Cooking Essentials,Dhara Life Refined Ricebran Oil (Pouch),20500,7,6,19000,1000,False,1,205.0,190.0,15.0,Low Discount,In Stock,Affordable,Heavy,Single,162
Cooking Essentials,Borges Extra Virgin Olive Oil,40000,25,1,29900,250,False,250,400.0,299.0,101.0,Medium Discount,Low Stock,Mid-Range,Light,Bulk Pack,163
Cooking Essentials,Everest Shahi Biryani Masala,7000,14,6,6000,50,False,50,70.0,60.0,10.0,Medium Discount,In Stock,Affordable,Light,Bulk Pack,164
Cooking Essentials,Popular Essentials Californian Almond,35000,28,6,25100,250,False,250,350.0,251.0,99.0,High Discount,In Stock,Mid-Range,Light,Bulk Pack,165
Cooking Essentials,Popular Essentials Ajwain Whole,2500,0,4,2500,50,False,50,25.0,25.0,0.0,No Discount,Low Stock,Budget,Light,Bulk Pack,166
Cooking Essentials,Everest Tikhalal Chilli Powder,23500,9,6,21200,500,False,500,235.0,212.0,23.0,Low Discount,In Stock,Mid-Range,Medium,Bulk Pack,167
Cooking Essentials,Popular Essentials Kabuli Chana Regular,8500,9,6,7700,500,False,500,85.0,77.0,8.0,Low Discount,In Stock,Affordable,Medium,Bulk Pack,168
Cooking Essentials,Pillsbury Chakki Fresh Atta,5200,0,4,5200,1000,False,1,52.0,52.0,0.0,No Discount,Low Stock,Affordable,Heavy,Single,169
Cooking Essentials,Popular Essentials Saunf/Fennel Seeds,4500,2,6,4400,100,False,100,45.0,44.0,1.0,Low Discount,In Stock,Budget,Light,Bulk Pack,170
Cooking Essentials,Popular Essentials Bansi Sooji,3500,2,3,3400,500,False,500,35.0,34.0,1.0,Low Discount,Low Stock,Budget,Medium,Bulk Pack,171
Cooking Essentials,Happilo Premium International Queen Kalmi Dates,24500,29,6,17200,200,False,200,245.0,172.0,73.0,High Discount,In Stock,Affordable,Light,Bulk Pack,172
Cooking Essentials,Tata Sampann Unpolished Urad Whole,10100,6,4,9400,500,False,500,101.0,94.0,7.0,Low Discount,Low Stock,Affordable,Medium,Bulk Pack,173
Cooking Essentials,Popular Essentials Cashew Split,32500,12,6,28300,250,False,250,325.0,283.0,42.0,Medium Discount,In Stock,Mid-Range,Light,Bulk Pack,174
Cooking Essentials,Popular Essentials Chana Dal (Un-Polished),6000,10,6,5400,500,False,500,60.0,54.0,6.0,Low Discount,In Stock,Affordable,Medium,Bulk Pack,175
Cooking Essentials,Tata Sampann Unpolished Rajma (Chitra),13400,6,6,12500,500,False,500,134.0,125.0,9.0,Low Discount,In Stock,Affordable,Medium,Bulk Pack,176
Cooking Essentials,Everest Garam Masala,4200,2,2,4100,50,False,50,42.0,41.0,1.0,Low Discount,Low Stock,Budget,Light,Bulk Pack,177
Cooking Essentials,Everest Kitchen King Masala,7000,14,2,6000,100,False,100,70.0,60.0,10.0,Medium Discount,Low Stock,Affordable,Light,Bulk Pack,178
Cooking Essentials,24 Mantra Organic Cumin,7000,7,2,6500,100,False,100,70.0,65.0,5.0,Low Discount,Low Stock,Affordable,Light,Bulk Pack,179
Cooking Essentials,Nestle Milkmaid,13200,3,6,12800,400,False,400,132.0,128.0,4.0,Low Discount,In Stock,Affordable,Medium,Bulk Pack,180
Cooking Essentials,Popular Essentials Sona Masouri Steam Rice,6500,9,6,5900,1000,False,1,65.0,59.0,6.0,Low Discount,In Stock,Affordable,Heavy,Single,181
Cooking Essentials,24 Mantra Organic Tur Dal,26000,20,6,20800,1000,False,1,260.0,208.0,52.0,Medium Discount,In Stock,Mid-Range,Heavy,Single,182
Cooking Essentials,Gits Gulab Jamun Instant Dessert Mix,9900,10,6,8900,200,False,200,99.0,89.0,10.0,Low Discount,In Stock,Affordable,Light,Bulk Pack,183
Cooking Essentials,Popular Essentials Black Masoor Whole (Un-Polished),6500,10,3,5800,500,False,500,65.0,58.0,7.0,Low Discount,Low Stock,Affordable,Medium,Bulk Pack,184
Cooking Essentials,24 Mantra Organic Peanuts,13500,7,1,12500,500,False,500,135.0,125.0,10.0,Low Discount,Low Stock,Affordable,Medium,Bulk Pack,185
Cooking Essentials,Everest Hingraj Powder,9000,10,2,8100,50,False,50,90.0,81.0,9.0,Low Discount,Low Stock,Affordable,Light,Bulk Pack,186
Cooking Essentials,Everest Black Pepper Powder,13500,14,6,11500,100,False,100,135.0,115.0,20.0,Medium Discount,In Stock,Affordable,Light,Bulk Pack,187
Cooking Essentials,Tata Sampann Masoor Dal Stand,15000,10,4,13400,1000,False,1,150.0,134.0,16.0,Low Discount,Low Stock,Affordable,Heavy,Single,188
Cooking Essentials,24 Mantra Organic Besan,9500,7,5,8800,500,False,500,95.0,88.0,7.0,Low Discount,Low Stock,Affordable,Medium,Bulk Pack,189
Cooking Essentials,Quaker Oats,19900,7,6,18400,1000,False,1,199.0,184.0,15.0,Low Discount,In Stock,Affordable,Heavy,Single,190
Cooking Essentials,Saffola Gold Refined Cooking Oil (Jar),48500,7,6,44900,2000,False,2,485.0,449.0,36.0,Low Discount,In Stock,Mid-Range,Extra Heavy,Small Pack,191
Cooking Essentials,Nestle Everyday Dairy Whitener,21000,0,4,21000,400,False,400,210.0,210.0,0.0,No Discount,Low Stock,Mid-Range,Medium,Bulk Pack,192
Cooking Essentials,24 Mantra Organic Red Poha,7500,8,1,6900,500,False,500,75.0,69.0,6.0,Low Discount,Low Stock,Affordable,Medium,Bulk Pack,193
Cooking Essentials,Everest Powder - Tea Masala,9800,9,5,8900,100,False,100,98.0,89.0,9.0,Low Discount,Low Stock,Affordable,Light,Bulk Pack,194
Cooking Essentials,Tata Sampann Urad Dal Split,9400,4,6,9000,500,False,500,94.0,90.0,4.0,Low Discount,In Stock,Affordable,Medium,Bulk Pack,195
Cooking Essentials,Popular Essentials Idli Sooji ,3000,6,6,2800,500,False,500,30.0,28.0,2.0,Low Discount,In Stock,Budget,Medium,Bulk Pack,196
Cooking Essentials,Popular Essentials Dessicated Coconut,9500,9,6,8600,200,False,200,95.0,86.0,9.0,Low Discount,In Stock,Affordable,Light,Bulk Pack,197
Cooking Essentials,Sunfeast Yippee! Mood Masala Noodles,6000,28,3,4300,260,False,260,60.0,43.0,17.0,High Discount,Low Stock,Budget,Medium,Bulk Pack,198
Cooking Essentials,Chef's Basket Durum Wheat Elbow Pasta,16000,50,6,8000,500,False,500,160.0,80.0,80.0,Very High Discount,In Stock,Affordable,Medium,Bulk Pack,199
Cooking Essentials,MTR Breakfast Khatta Meetha Poha Mix,2500,20,6,2000,60,False,60,25.0,20.0,5.0,Medium Discount,In Stock,Budget,Light,Bulk Pack,200
Cooking Essentials,Satyam Khobra,11300,10,5,10100,200,False,200,113.0,101.0,12.0,Low Discount,Low Stock,Affordable,Light,Bulk Pack,201
Cooking Essentials,Betty Crocker Complete Pancake Mix Original,11000,4,6,10500,250,False,500,110.0,105.0,5.0,Low Discount,In Stock,Affordable,Light,Bulk Pack,202
Cooking Essentials,Borges Durum Wheat Fusilli Pasta ,25000,0,3,25000,500,False,500,250.0,250.0,0.0,No Discount,Low Stock,Mid-Range,Medium,Bulk Pack,203
Cooking Essentials,24 Mantra Organic Green Moong Dal - Split,13500,0,2,13500,500,False,500,135.0,135.0,0.0,No Discount,Low Stock,Affordable,Medium,Bulk Pack,204
Cooking Essentials,Weikfield Vanilla Flavoured Custard Powder,3700,0,6,3700,100,False,100,37.0,37.0,0.0,No Discount,In Stock,Budget,Light,Bulk Pack,205
Cooking Essentials,Tata Sampann Moong Dal Split,18000,1,5,17800,1000,False,200,180.0,178.0,2.0,Low Discount,Low Stock,Affordable,Heavy,Bulk Pack,206
Cooking Essentials,Tata Sampann Kala Chana,6400,0,5,6400,500,False,500,64.0,64.0,0.0,No Discount,Low Stock,Affordable,Medium,Bulk Pack,207
Cooking Essentials,Saffola Soya Chunks Mealmaker,5000,0,2,5000,200,False,200,50.0,50.0,0.0,No Discount,Low Stock,Budget,Light,Bulk Pack,208
Cooking Essentials,24 Mantra Bura Sugar (Demerara),8000,10,6,7200,500,False,500,80.0,72.0,8.0,Low Discount,In Stock,Affordable,Medium,Bulk Pack,209
Cooking Essentials,Popular Essentials Green Cardamom (Elaichi),20000,1,6,19800,50,False,50,200.0,198.0,2.0,Low Discount,In Stock,Affordable,Light,Bulk Pack,210
Cooking Essentials,Hershey's Syrup Delicious Strawberry,9500,0,1,9500,200,False,200,95.0,95.0,0.0,No Discount,Low Stock,Affordable,Light,Bulk Pack,211
Cooking Essentials,Popular Essentials Anjeer,19000,11,4,16900,100,False,100,190.0,169.0,21.0,Medium Discount,Low Stock,Affordable,Light,Bulk Pack,212
Cooking Essentials,Popular Essentials Mustard Seeds Rai Small,2000,0,2,2000,100,False,100,20.0,20.0,0.0,No Discount,Low Stock,Budget,Light,Bulk Pack,213
Cooking Essentials,Weikfield Baking Powder,3300,3,6,3200,100,False,100,33.0,32.0,1.0,Low Discount,In Stock,Budget,Light,Bulk Pack,214
Cooking Essentials,Dabur Honey Squeezy,18500,9,6,16700,225,False,225,185.0,167.0,18.0,Low Discount,In Stock,Affordable,Light,Bulk Pack,215
Cooking Essentials,Tata Sampann High Protein Kali Urad,9100,14,6,7800,500,False,500,91.0,78.0,13.0,Medium Discount,In Stock,Affordable,Medium,Bulk Pack,216
Cooking Essentials,Everest Kitchen King Masala,3700,2,6,3600,50,False,50,37.0,36.0,1.0,Low Discount,In Stock,Budget,Light,Bulk Pack,217
Cooking Essentials,Chef's Basket Durum Wheat Fusilli Pasta,16000,50,6,8000,500,False,500,160.0,80.0,80.0,Very High Discount,In Stock,Affordable,Medium,Bulk Pack,218
Cooking Essentials,TilSona Til Oil,18000,10,2,16200,500,False,500,180.0,162.0,18.0,Low Discount,Low Stock,Affordable,Medium,Bulk Pack,219
Cooking Essentials,Top Ramen Chicken Noodles,6000,10,1,5400,280,False,280,60.0,54.0,6.0,Low Discount,Low Stock,Affordable,Medium,Bulk Pack,220
Cooking Essentials,Everest Chaat Masala,3500,2,1,3400,50,False,50,35.0,34.0,1.0,Low Discount,Low Stock,Budget,Light,Bulk Pack,221
Cooking Essentials,Keya Wonder Red Hot Chilli Flakes,8900,10,2,8000,40,False,40,89.0,80.0,9.0,Low Discount,Low Stock,Affordable,Light,Bulk Pack,222
Cooking Essentials,Popular Essentials White Peas (Un-Polished),8000,10,5,7200,500,False,500,80.0,72.0,8.0,Low Discount,Low Stock,Affordable,Medium,Bulk Pack,223
Cooking Essentials,Ching’s Secret Chowmein Hakka Noodles Masala ,4400,0,2,4400,60,False,60,44.0,44.0,0.0,No Discount,Low Stock,Budget,Light,Bulk Pack,224
Cooking Essentials,Dhara Filtered Groundnut Oil (Jar),105000,1,6,103500,5000,False,5,1050.0,1035.0,15.0,Low Discount,In Stock,High-End,Bulk,Medium Pack,225
Cooking Essentials,Pillsbury Choco Chip Pancake Mix,9900,5,6,9400,165,False,165,99.0,94.0,5.0,Low Discount,In Stock,Affordable,Light,Bulk Pack,226
Cooking Essentials,Hershey's Caramel Syrup,23000,0,1,23000,623,False,623,230.0,230.0,0.0,No Discount,Low Stock,Mid-Range,Heavy,Bulk Pack,227
Cooking Essentials,Pillsbury Multi Grain Atta,6000,6,3,5600,1000,False,1,60.0,56.0,4.0,Low Discount,Low Stock,Affordable,Heavy,Single,228
Cooking Essentials,McCain New Mini Samosa with Cheese Corn Style Filling,12000,1,2,11800,240,False,240,120.0,118.0,2.0,Low Discount,Low Stock,Affordable,Light,Bulk Pack,229
Cooking Essentials,Satyam Puffed Rice Kurmura (A),4300,0,6,4300,200,False,200,43.0,43.0,0.0,No Discount,In Stock,Budget,Light,Bulk Pack,230
Cooking Essentials,MTR 3 Min Poha,2500,0,6,2500,60,False,60,25.0,25.0,0.0,No Discount,In Stock,Budget,Light,Bulk Pack,231
Cooking Essentials,Ching's Manchurian Instant Noodles,1500,0,5,1500,60,False,60,15.0,15.0,0.0,No Discount,Low Stock,Budget,Light,Bulk Pack,232
Cooking Essentials,Everest Pav Bhaji Masala,7000,0,2,7000,100,False,100,70.0,70.0,0.0,No Discount,Low Stock,Affordable,Light,Bulk Pack,233
Cooking Essentials,Hershey's Chocolate Flavour Syrup,22000,6,6,20500,623,False,680,220.0,205.0,15.0,Low Discount,In Stock,Mid-Range,Heavy,Bulk Pack,234
Cooking Essentials,Popular Essentials Dhania (Coriander Seeds),5500,16,4,4600,200,False,200,55.0,46.0,9.0,Medium Discount,Low Stock,Budget,Light,Bulk Pack,235
Cooking Essentials,24 Mantra Red Chilly Whole,7000,7,1,6500,100,False,100,70.0,65.0,5.0,Low Discount,Low Stock,Affordable,Light,Bulk Pack,236
Cooking Essentials,Dabur Honey - World's No.1,12000,0,6,12000,250,False,250,120.0,120.0,0.0,No Discount,In Stock,Affordable,Light,Bulk Pack,237
Cooking Essentials,24 Mantra Organic Puffed Rice,4000,2,6,3900,200,False,200,40.0,39.0,1.0,Low Discount,In Stock,Budget,Light,Bulk Pack,238
Cooking Essentials,24 Mantra Organic Wheat Daliya ,4800,2,2,4700,500,False,500,48.0,47.0,1.0,Low Discount,Low Stock,Budget,Medium,Bulk Pack,239
Cooking Essentials,24 Mantra Organic Ragi Flour,6500,20,4,5200,500,False,500,65.0,52.0,13.0,Medium Discount,Low Stock,Affordable,Medium,Bulk Pack,240
Cooking Essentials,Popular Essentials Cinnamon Whole (Dalchini),3500,5,6,3300,25,False,25,35.0,33.0,2.0,Low Discount,In Stock,Budget,Light,Bulk Pack,241
Cooking Essentials,Sundrop Super Lite Advanced - Sunflower Oil,21500,0,4,21500,1000,False,1,215.0,215.0,0.0,No Discount,Low Stock,Mid-Range,Heavy,Single,242
Cooking Essentials,Pillsbury Atta/Godihittu - Chakki Fresh,10200,7,4,9400,2000,False,2,102.0,94.0,8.0,Low Discount,Low Stock,Affordable,Extra Heavy,Small Pack,243
Cooking Essentials,Popular Essentials Green Moong Chilka/Chilka (Un-Polished),8500,7,5,7900,500,False,500,85.0,79.0,6.0,Low Discount,Low Stock,Affordable,Medium,Bulk Pack,244
Cooking Essentials,Popular Essentials HMT Kolam Steam,7500,0,3,7500,1000,False,1,75.0,75.0,0.0,No Discount,Low Stock,Affordable,Heavy,Single,245
Cooking Essentials,Popular Essentials Black Urad Split,8000,10,4,7200,500,False,500,80.0,72.0,8.0,Low Discount,Low Stock,Affordable,Medium,Bulk Pack,246
Cooking Essentials,Keya Oregano,10900,10,5,9800,9,False,9,109.0,98.0,11.0,Low Discount,Low Stock,Affordable,Light,Large Pack,247
Cooking Essentials,Popular Essentials Pink Rajma,10000,10,6,9000,500,False,500,100.0,90.0,10.0,Low Discount,In Stock,Affordable,Medium,Bulk Pack,248
Cooking Essentials,Everest Chicken Masala,7400,2,6,7200,100,False,100,74.0,72.0,2.0,Low Discount,In Stock,Affordable,Light,Bulk Pack,249
Cooking Essentials,Popular Essentials HMT Kolam Steam,37000,10,6,33300,5000,False,5,370.0,333.0,37.0,Low Discount,In Stock,Mid-Range,Bulk,Medium Pack,250
Cooking Essentials,Everest Shahi Paneer Masala,4200,4,5,4000,50,False,50,42.0,40.0,2.0,Low Discount,Low Stock,Budget,Light,Bulk Pack,251
Cooking Essentials,Godrej Yummiez Chicken Nuggets,32500,9,1,29300,500,False,500,325.0,293.0,32.0,Low Discount,Low Stock,Mid-Range,Medium,Bulk Pack,252
Cooking Essentials,Flying Bird Vanilla Essence,3500,2,6,3400,20,False,20,35.0,34.0,1.0,Low Discount,In Stock,Budget,Light,Bulk Pack,253
Cooking Essentials,Everest Sabji Masala,3000,3,6,2900,50,False,50,30.0,29.0,1.0,Low Discount,In Stock,Budget,Light,Bulk Pack,254
Cooking Essentials,Popular Essentials Californian Almond,69500,32,6,47000,500,False,500,695.0,470.0,225.0,High Discount,In Stock,Mid-Range,Medium,Bulk Pack,255
Cooking Essentials,Cornitos Cornitos Taco Shells - 4 Inches,11000,20,6,8800,80,False,80,110.0,88.0,22.0,Medium Discount,In Stock,Affordable,Light,Bulk Pack,256
Cooking Essentials,Everest Rajma Masala,3300,3,5,3200,50,False,50,33.0,32.0,1.0,Low Discount,Low Stock,Budget,Light,Bulk Pack,257
Cooking Essentials,Popular Essentials White Til,4000,5,1,3800,100,False,100,40.0,38.0,2.0,Low Discount,Low Stock,Budget,Light,Bulk Pack,258
Cooking Essentials,Amul Dark Compound Chocolate Slab,12500,2,6,12200,500,False,500,125.0,122.0,3.0,Low Discount,In Stock,Affordable,Medium,Bulk Pack,259
Cooking Essentials,Mothers Recipe Papad Chana Masala,7900,10,6,7100,200,False,200,79.0,71.0,8.0,Low Discount,In Stock,Affordable,Light,Bulk Pack,260
Cooking Essentials,Ching's Schezwan Masala Instant Noodles,6000,0,1,6000,240,False,240,60.0,60.0,0.0,No Discount,Low Stock,Affordable,Light,Bulk Pack,261
Cooking Essentials,Amul Milk Compound Chocolate Slab,11000,2,6,10700,500,False,500,110.0,107.0,3.0,Low Discount,In Stock,Affordable,Medium,Bulk Pack,262
Cooking Essentials,Eastern Chicken Masala,7000,7,3,6500,100,False,100,70.0,65.0,5.0,Low Discount,Low Stock,Affordable,Light,Bulk Pack,263
Cooking Essentials,Popular Essentials Methi Seeds,2500,0,5,2500,100,False,100,25.0,25.0,0.0,No Discount,Low Stock,Budget,Light,Bulk Pack,264
Cooking Essentials,Saffola Yummy Masala Noodles ,2000,0,2,2000,46,False,46,20.0,20.0,0.0,No Discount,Low Stock,Budget,Light,Bulk Pack,265
Cooking Essentials,Cadbury Hot Chocolate,17500,5,6,16600,200,False,200,175.0,166.0,9.0,Low Discount,In Stock,Affordable,Light,Bulk Pack,266
Cooking Essentials,Ching's Chicken Chilli Masala,1000,0,6,1000,20,False,20,10.0,10.0,0.0,No Discount,In Stock,Budget,Light,Bulk Pack,267
Cooking Essentials,Dabur Keora water - Authentic flavour for Biryani's and Desserts,6200,6,6,5800,250,False,250,62.0,58.0,4.0,Low Discount,In Stock,Affordable,Light,Bulk Pack,268
Cooking Essentials,Popular Essentials Black Cardamom/Elaichi ,10000,10,6,9000,50,False,50,100.0,90.0,10.0,Low Discount,In Stock,Affordable,Light,Bulk Pack,269
Cooking Essentials,Popular Essentials Idli Rice,6000,10,4,5400,1000,False,1,60.0,54.0,6.0,Low Discount,Low Stock,Affordable,Heavy,Single,270
Cooking Essentials,Everest Chole Masala,3300,3,1,3200,50,False,50,33.0,32.0,1.0,Low Discount,Low Stock,Budget,Light,Bulk Pack,271
Cooking Essentials,Dabur Hommade Tamarind Paste,4800,6,6,4500,200,False,200,48.0,45.0,3.0,Low Discount,In Stock,Budget,Light,Bulk Pack,272
Cooking Essentials,"""Maggi Magic Cubes, Vegetarian Masala (Free 2 Cubes Inside)""",3500,2,6,3400,48,False,48,35.0,34.0,1.0,Low Discount,In Stock,Budget,Light,Bulk Pack,273
Cooking Essentials,Popular Essentials Cooking Soda,3000,10,6,2700,200,False,200,30.0,27.0,3.0,Low Discount,In Stock,Budget,Light,Bulk Pack,274
Cooking Essentials,RRO Primio Refined Groundnut Oil Pet Bottle,25500,6,2,23900,1000,False,1,255.0,239.0,16.0,Low Discount,Low Stock,Mid-Range,Heavy,Single,275
Cooking Essentials,Everest Pani Puri Masala,3100,3,6,3000,50,False,50,31.0,30.0,1.0,Low Discount,In Stock,Budget,Light,Bulk Pack,276
Cooking Essentials,Nissin Cup Noodles Tangy Tomato,5000,10,2,4500,70,False,70,50.0,45.0,5.0,Low Discount,Low Stock,Budget,Light,Bulk Pack,277
Cooking Essentials,Ching's Veg Manchurian Masala,1000,0,2,1000,20,False,20,10.0,10.0,0.0,No Discount,Low Stock,Budget,Light,Bulk Pack,278
Cooking Essentials,Ceres Foods Fish Mustard Instant Liquid Masala,22000,50,6,11000,200,False,200,220.0,110.0,110.0,Very High Discount,In Stock,Affordable,Light,Bulk Pack,279
Cooking Essentials,Everest Garam Masala,15800,10,6,14200,200,False,200,158.0,142.0,16.0,Low Discount,In Stock,Affordable,Light,Bulk Pack,280
Cooking Essentials,24 Mantra Organic Jowar Flour,7000,7,6,6500,500,False,500,70.0,65.0,5.0,Low Discount,In Stock,Affordable,Medium,Bulk Pack,281
Cooking Essentials,Maggi Coconut Milkpowder,10000,0,6,10000,100,False,100,100.0,100.0,0.0,No Discount,In Stock,Affordable,Light,Bulk Pack,282
Cooking Essentials,On1y Pepper Grinder,15900,9,1,14400,50,False,50,159.0,144.0,15.0,Low Discount,Low Stock,Affordable,Light,Bulk Pack,283
Cooking Essentials,Popular Essentials Rice Flour,6000,0,3,6000,1000,False,1,60.0,60.0,0.0,No Discount,Low Stock,Affordable,Heavy,Single,284
Cooking Essentials,Sunfeast Yippee! Pasta Treat - Sour Cream Onion,2800,10,1,2500,65,False,65,28.0,25.0,3.0,Low Discount,Low Stock,Budget,Light,Bulk Pack,285
Cooking Essentials,24 Mantra Organic Brown Sona Masoori Rice,9500,0,6,9500,1000,False,1,95.0,95.0,0.0,No Discount,In Stock,Affordable,Heavy,Single,286
Cooking Essentials,Happilo Premium Afghani Anjeer,36500,29,2,25600,200,False,200,365.0,256.0,109.0,High Discount,Low Stock,Mid-Range,Light,Bulk Pack,287
Cooking Essentials,Popular Essentials Chiroti Sooji,3500,2,6,3400,500,False,500,35.0,34.0,1.0,Low Discount,In Stock,Budget,Medium,Bulk Pack,288
Cooking Essentials,RRO Til Dil Premium Til Oil Bottle,33000,10,5,29400,1000,False,1,330.0,294.0,36.0,Low Discount,Low Stock,Mid-Range,Heavy,Single,289
Cooking Essentials,Popular Essentials Red Rajma,9000,10,6,8100,500,False,500,90.0,81.0,9.0,Low Discount,In Stock,Affordable,Medium,Bulk Pack,290
Cooking Essentials,Cornitos Peanut - Premium Salted ,12000,10,6,10800,150,False,150,120.0,108.0,12.0,Low Discount,In Stock,Affordable,Light,Bulk Pack,291
Cooking Essentials,Popular Essentials Black Pepper,10000,10,5,9000,100,False,100,100.0,90.0,10.0,Low Discount,Low Stock,Affordable,Light,Bulk Pack,292
Cooking Essentials,24 Mantra Organic Tur Dal - Split,13000,7,6,12000,500,False,500,130.0,120.0,10.0,Low Discount,In Stock,Affordable,Medium,Bulk Pack,293
Cooking Essentials,Sugarfree Gold Low Calorie Sweetner,6500,6,3,6100,110,False,100,65.0,61.0,4.0,Low Discount,Low Stock,Affordable,Light,Bulk Pack,294
Cooking Essentials,Ching's Secret Paneer Chilli Masala,1000,0,2,1000,20,False,20,10.0,10.0,0.0,No Discount,Low Stock,Budget,Light,Bulk Pack,295
Cooking Essentials,Dabur Honey ,22000,7,3,20400,500,False,500,220.0,204.0,16.0,Low Discount,Low Stock,Mid-Range,Medium,Bulk Pack,296
Cooking Essentials,Sunfeast Yippee! Pasta Treat - Sour Cream Onion,2800,17,3,2300,65,False,65,28.0,23.0,5.0,Medium Discount,Low Stock,Budget,Light,Bulk Pack,297
Cooking Essentials,Everest Tea Masala,5500,9,2,5000,50,False,50,55.0,50.0,5.0,Low Discount,Low Stock,Budget,Light,Bulk Pack,298
Cooking Essentials,Ching's Paneer Chilli Masala,4400,0,4,4400,60,False,60,44.0,44.0,0.0,No Discount,Low Stock,Budget,Light,Bulk Pack,299
Cooking Essentials,Sunfeast YiPPee! Magic Masala Noodles,7000,10,3,6300,405,False,405,70.0,63.0,7.0,Low Discount,Low Stock,Affordable,Medium,Bulk Pack,300
Cooking Essentials,Everest Meat Masala Powder,7400,9,3,6700,100,False,100,74.0,67.0,7.0,Low Discount,Low Stock,Affordable,Light,Bulk Pack,301
Cooking Essentials,Pillsbury Atta With Multigrains Wheat Grains,29500,16,6,24500,5000,False,5,295.0,245.0,50.0,Medium Discount,In Stock,Mid-Range,Bulk,Medium Pack,302
Cooking Essentials,Mother's Recipe Tamarind Paste,5000,2,6,4900,200,False,200,50.0,49.0,1.0,Low Discount,In Stock,Budget,Light,Bulk Pack,303
Cooking Essentials,Quaker Oats Breakfast Cereals - With Flavour Mix Nutritious Rich Source Of Energy,4900,8,6,4500,200,False,200,49.0,45.0,4.0,Low Discount,In Stock,Budget,Light,Bulk Pack,304
Cooking Essentials,Popular Essentials Cloves (Lavang),7500,17,6,6200,50,False,50,75.0,62.0,13.0,Medium Discount,In Stock,Affordable,Light,Bulk Pack,305
Cooking Essentials,Sunfeast Yippee! Power Up Atta Noodles,9600,15,6,8100,280,False,280,96.0,81.0,15.0,Medium Discount,In Stock,Affordable,Medium,Bulk Pack,306
Cooking Essentials,Suhana Paneer Tikka Masala Mix,4000,5,6,3800,50,False,50,40.0,38.0,2.0,Low Discount,In Stock,Budget,Light,Bulk Pack,307
Cooking Essentials,24 Mantra Turmeric Powder,3500,2,6,3400,100,False,100,35.0,34.0,1.0,Low Discount,In Stock,Budget,Light,Bulk Pack,308
Cooking Essentials,24 Mantra Super Grain Quinoa,19000,0,4,19000,500,False,500,190.0,190.0,0.0,No Discount,Low Stock,Affordable,Medium,Bulk Pack,309
Cooking Essentials,Everest Powder - Egg Curry Masala,4000,2,6,3900,50,False,50,40.0,39.0,1.0,Low Discount,In Stock,Budget,Light,Bulk Pack,310
Cooking Essentials,Popular Essentials Pe Shah Jeera ,6000,15,6,5100,50,False,50,60.0,51.0,9.0,Medium Discount,In Stock,Affordable,Light,Bulk Pack,311
Cooking Essentials,24 Mantra Organic Sattu Atta,9500,0,6,9500,500,False,500,95.0,95.0,0.0,No Discount,In Stock,Affordable,Medium,Bulk Pack,312
Cooking Essentials,Smith & Jones Pasta Masala,4600,0,6,4600,54,False,54,46.0,46.0,0.0,No Discount,In Stock,Budget,Light,Bulk Pack,313
Cooking Essentials,Weikfield Vanilla Custard Powder,14200,9,3,12800,500,False,500,142.0,128.0,14.0,Low Discount,Low Stock,Affordable,Medium,Bulk Pack,314
Cooking Essentials,Sugarfree Natura Low Calorie Sweetner ,30000,10,3,27000,42,False,42,300.0,270.0,30.0,Low Discount,Low Stock,Mid-Range,Light,Bulk Pack,315
Cooking Essentials,Pillsbury Vanilla Custard Powder,3700,2,6,3600,100,False,100,37.0,36.0,1.0,Low Discount,In Stock,Budget,Light,Bulk Pack,316
Cooking Essentials,24 Mantra Organic Rajma,14500,0,6,14500,500,False,500,145.0,145.0,0.0,No Discount,In Stock,Affordable,Medium,Bulk Pack,317
Cooking Essentials,Popular Essentials Broken Wheat/Daliya,3500,2,6,3400,500,False,500,35.0,34.0,1.0,Low Discount,In Stock,Budget,Medium,Bulk Pack,318
Cooking Essentials,Zorabian Chicken Smoked Ham,20500,5,1,19400,250,False,250,205.0,194.0,11.0,Low Discount,Low Stock,Affordable,Light,Bulk Pack,319
Cooking Essentials,Smith & Jones Peri Peri Masala,9900,0,6,9900,75,False,75,99.0,99.0,0.0,No Discount,In Stock,Affordable,Light,Bulk Pack,320
Cooking Essentials,Saffola Veggie Twist Masala Oats,19500,12,2,17100,500,False,500,195.0,171.0,24.0,Medium Discount,Low Stock,Affordable,Medium,Bulk Pack,321
Cooking Essentials,Popular Essentials Urad Dal Split (Un-Polished),8500,9,5,7700,500,False,500,85.0,77.0,8.0,Low Discount,Low Stock,Affordable,Medium,Bulk Pack,322
Cooking Essentials,Weikfield Baking Powder,2200,0,6,2200,50,False,50,22.0,22.0,0.0,No Discount,In Stock,Budget,Light,Bulk Pack,323
Cooking Essentials,Popular Essentials Bajra Whole,6500,13,6,5600,1000,False,1,65.0,56.0,9.0,Medium Discount,In Stock,Affordable,Heavy,Single,324
Cooking Essentials,Weikfield Veg Jelly Crystals - Strawberry,4500,2,6,4400,90,False,90,45.0,44.0,1.0,Low Discount,In Stock,Budget,Light,Bulk Pack,325
Cooking Essentials,Weikfield Veg Jelly Crystals - Raspberry,4500,2,6,4400,90,False,90,45.0,44.0,1.0,Low Discount,In Stock,Budget,Light,Bulk Pack,326
Cooking Essentials,Popular Essentials Masoor Dal Split (Un-Polished),7000,10,4,6300,500,False,500,70.0,63.0,7.0,Low Discount,Low Stock,Affordable,Medium,Bulk Pack,327
Cooking Essentials,Popular Essentials Ajwain Whole,5000,12,2,4400,100,False,100,50.0,44.0,6.0,Medium Discount,Low Stock,Budget,Light,Bulk Pack,328
Cooking Essentials,Popular Essentials Pista Salted (With Shell),47000,21,5,37100,250,False,250,470.0,371.0,99.0,Medium Discount,Low Stock,Mid-Range,Light,Bulk Pack,329
Cooking Essentials,The Bake Shop Bread Crumbs,5000,6,3,4700,400,False,400,50.0,47.0,3.0,Low Discount,Low Stock,Budget,Medium,Bulk Pack,330
Cooking Essentials,Popular Essentials Horse Gram,4000,10,4,3600,500,False,500,40.0,36.0,4.0,Low Discount,Low Stock,Budget,Medium,Bulk Pack,331
Cooking Essentials,Hershey's Chocolate Syrup,9500,0,4,9500,200,False,200,95.0,95.0,0.0,No Discount,Low Stock,Affordable,Light,Bulk Pack,332
Cooking Essentials,Godrej Yummiez Chilli Chicken Sausages ,16000,10,3,14400,250,False,250,160.0,144.0,16.0,Low Discount,Low Stock,Affordable,Light,Bulk Pack,333
Cooking Essentials,Everest Kasuri Methi,2500,0,6,2500,25,False,25,25.0,25.0,0.0,No Discount,In Stock,Budget,Light,Bulk Pack,334
Cooking Essentials,Satyam Makhana,20800,0,6,20800,100,False,100,208.0,208.0,0.0,No Discount,In Stock,Mid-Range,Light,Bulk Pack,335
Cooking Essentials,Everest Tandoori Chicken Masala,3900,2,5,3800,50,False,50,39.0,38.0,1.0,Low Discount,Low Stock,Budget,Light,Bulk Pack,336
Cooking Essentials,Weikfield Falooda Mix - Kesar Pista,4900,2,3,4800,200,False,200,49.0,48.0,1.0,Low Discount,Low Stock,Budget,Light,Bulk Pack,337
Cooking Essentials,Weikfield Cocoa Powder,7000,7,6,6500,50,False,50,70.0,65.0,5.0,Low Discount,In Stock,Affordable,Light,Bulk Pack,338
Cooking Essentials,Pantai Coconut Cream,15000,4,4,14300,400,False,400,150.0,143.0,7.0,Low Discount,Low Stock,Affordable,Medium,Bulk Pack,339
Cooking Essentials,Popular Essentials Coriander Seeds,1500,0,5,1500,50,False,50,15.0,15.0,0.0,No Discount,Low Stock,Budget,Light,Bulk Pack,340
Cooking Essentials,Ching's Singapore Curry Instant Noodles,6000,0,4,6000,240,False,240,60.0,60.0,0.0,No Discount,Low Stock,Affordable,Light,Bulk Pack,341
Cooking Essentials,Eastern Fish Masala,4800,2,5,4700,100,False,100,48.0,47.0,1.0,Low Discount,Low Stock,Budget,Light,Bulk Pack,342
Cooking Essentials,Pillsbury Atta/Godihittu - Chakki Fresh,27500,0,6,27500,5000,False,5,275.0,275.0,0.0,No Discount,In Stock,Mid-Range,Bulk,Medium Pack,343
Cooking Essentials,"Oleev Smart Oil Fortified with VIT A, D, E & K (Pouch)",21500,9,4,19400,1000,False,1,215.0,194.0,21.0,Low Discount,Low Stock,Affordable,Heavy,Single,344
Cooking Essentials,Everest Dry Ginger Powder,7500,9,4,6800,100,False,100,75.0,68.0,7.0,Low Discount,Low Stock,Affordable,Light,Bulk Pack,345
Cooking Essentials,Pillsbury Cooker Cake Mix - Choco,10000,11,6,8900,159,False,159,100.0,89.0,11.0,Medium Discount,In Stock,Affordable,Light,Bulk Pack,346
Cooking Essentials,Hersheys Chocolate Almond Syrup,20000,0,2,20000,450,False,450,200.0,200.0,0.0,No Discount,Low Stock,Affordable,Medium,Bulk Pack,347
Cooking Essentials,Satyam Nighties Spices  Chilli Pandi,5600,7,5,5200,100,False,100,56.0,52.0,4.0,Low Discount,Low Stock,Affordable,Light,Bulk Pack,348
Cooking Essentials,Popular Essentials Popular Essential Pista Salted (With Shell),19000,10,6,17100,100,False,100,190.0,171.0,19.0,Low Discount,In Stock,Affordable,Light,Bulk Pack,349
Cooking Essentials,Godrej Yummiez Chicken Punjabi Tikka ,29500,9,6,26600,360,False,360,295.0,266.0,29.0,Low Discount,In Stock,Mid-Range,Medium,Bulk Pack,350
Cooking Essentials,Popular Essentials Rozana Sona Masuri Raw Rice,35000,10,5,31200,5000,False,5,350.0,312.0,38.0,Low Discount,Low Stock,Mid-Range,Bulk,Medium Pack,351
Cooking Essentials,24 Mantra Mustard Oil (Cold Pressed) ,35000,10,6,31200,1000,False,1,350.0,312.0,38.0,Low Discount,In Stock,Mid-Range,Heavy,Single,352
Cooking Essentials,24 Mantra Organic Black Pepper,17000,7,6,15700,100,False,100,170.0,157.0,13.0,Low Discount,In Stock,Affordable,Light,Bulk Pack,353
Cooking Essentials,Popular Essentials Green Moong Whole,9000,16,3,7500,500,False,500,90.0,75.0,15.0,Medium Discount,Low Stock,Affordable,Medium,Bulk Pack,354
Cooking Essentials,24 Mantra Organic Masoor Dal - Split,9500,7,6,8800,500,False,500,95.0,88.0,7.0,Low Discount,In Stock,Affordable,Medium,Bulk Pack,355
Cooking Essentials,Praakritik Organic Natural Rock Salt,6000,6,3,5600,500,False,500,60.0,56.0,4.0,Low Discount,Low Stock,Affordable,Medium,Bulk Pack,356
Cooking Essentials,24 Mantra Sunflower Oil (Cold Pressed) Pet Bottle,39000,11,5,34700,1000,False,1,390.0,347.0,43.0,Medium Discount,Low Stock,Mid-Range,Heavy,Single,357
Cooking Essentials,"Ching's Secret Instant Noodles, Hot Garlic",6000,0,4,6000,240,False,240,60.0,60.0,0.0,No Discount,Low Stock,Affordable,Light,Bulk Pack,358
Cooking Essentials,Saffola Everyday Peppy Tomato Masala Oats,19500,12,6,17100,500,False,500,195.0,171.0,24.0,Medium Discount,In Stock,Affordable,Medium,Bulk Pack,359
Cooking Essentials,Dabur 100% Pure Honey - Worlds No.1,43000,10,6,38700,1000,False,1,430.0,387.0,43.0,Low Discount,In Stock,Mid-Range,Heavy,Single,360
Cooking Essentials,Popular Essentials Star Anise,7000,10,5,6300,25,False,25,70.0,63.0,7.0,Low Discount,Low Stock,Affordable,Light,Bulk Pack,361
Cooking Essentials,Ching's Secret Chicken 65 Masala - Chicken,1000,0,5,1000,20,False,20,10.0,10.0,0.0,No Discount,Low Stock,Budget,Light,Bulk Pack,362
Cooking Essentials,Cadbury Cocoa Powder,22300,5,6,21100,150,False,150,223.0,211.0,12.0,Low Discount,In Stock,Mid-Range,Light,Bulk Pack,363
Cooking Essentials,Praakritik Natural Desi Gir Cow A2 Ghee,145000,10,6,130500,540,False,540,1450.0,1305.0,145.0,Low Discount,In Stock,High-End,Heavy,Bulk Pack,364
Cooking Essentials,Praakritik Organic Poha,12000,6,5,11200,500,False,500,120.0,112.0,8.0,Low Discount,Low Stock,Affordable,Medium,Bulk Pack,365
Cooking Essentials,Praakritik Organic Natural Wild Forest Honey,16000,6,4,15000,200,False,200,160.0,150.0,10.0,Low Discount,Low Stock,Affordable,Light,Bulk Pack,366
Cooking Essentials,Popular Essentials Dry Dates (Kharak),14000,15,6,11800,250,False,250,140.0,118.0,22.0,Medium Discount,In Stock,Affordable,Light,Bulk Pack,367
Cooking Essentials,Popular Essentials Kashmiri Red Rajma,9500,6,4,8900,500,False,500,95.0,89.0,6.0,Low Discount,Low Stock,Affordable,Medium,Bulk Pack,368
Cooking Essentials,Dabur Hommade - Garlic Paste,5000,6,6,4700,200,False,200,50.0,47.0,3.0,Low Discount,In Stock,Budget,Light,Bulk Pack,369
Cooking Essentials,Dabur 100% Pure Honey,33000,10,1,29700,400,False,400,330.0,297.0,33.0,Low Discount,Low Stock,Mid-Range,Medium,Bulk Pack,370
Cooking Essentials,Ching's Schezwan Fried Rice(Miracle Masala),4400,0,5,4400,60,False,60,44.0,44.0,0.0,No Discount,Low Stock,Budget,Light,Bulk Pack,371
Cooking Essentials,"""Maggi Magic Cubes, Vegetarian Masala""",3500,2,1,3400,40,False,40,35.0,34.0,1.0,Low Discount,Low Stock,Budget,Light,Bulk Pack,372
Cooking Essentials,Everest Tandoori Chicken Masala,7400,9,3,6700,100,False,100,74.0,67.0,7.0,Low Discount,Low Stock,Affordable,Light,Bulk Pack,373
Cooking Essentials,Popular Essentials Red Poha,4500,4,6,4300,500,False,500,45.0,43.0,2.0,Low Discount,In Stock,Budget,Medium,Bulk Pack,374
Cooking Essentials,Everest Kitchen King Masala,14200,9,6,12800,200,False,200,142.0,128.0,14.0,Low Discount,In Stock,Affordable,Light,Bulk Pack,375
Cooking Essentials,Pillsbury Oven Cake Mix - Rich Chocolate,16500,10,5,14700,285,False,285,165.0,147.0,18.0,Low Discount,Low Stock,Affordable,Medium,Bulk Pack,376
Cooking Essentials,Eastern Super Garam Masala,7400,6,2,6900,200,False,200,74.0,69.0,5.0,Low Discount,Low Stock,Affordable,Light,Bulk Pack,377
Cooking Essentials,Maggi Magic Cubes Extra Chicken,4000,2,6,3900,48,False,48,40.0,39.0,1.0,Low Discount,In Stock,Budget,Light,Bulk Pack,378
Cooking Essentials,Satyam Nighties Spices  Chilli Kashmiri,10200,6,6,9500,100,False,100,102.0,95.0,7.0,Low Discount,In Stock,Affordable,Light,Bulk Pack,379
Cooking Essentials,Eastern Cumin Powder,4900,2,6,4800,100,False,100,49.0,48.0,1.0,Low Discount,In Stock,Budget,Light,Bulk Pack,380
Cooking Essentials,Popular Essentials Urad Gola White(Un-Polished),9000,10,6,8100,500,False,500,90.0,81.0,9.0,Low Discount,In Stock,Affordable,Medium,Bulk Pack,381
Cooking Essentials,24 Mantra Organic Chana Dal,9500,6,5,8900,500,False,500,95.0,89.0,6.0,Low Discount,Low Stock,Affordable,Medium,Bulk Pack,382
Cooking Essentials,Delight Nuts Cashew Roasted & Salted,42500,20,6,34000,200,False,200,425.0,340.0,85.0,Medium Discount,In Stock,Mid-Range,Light,Bulk Pack,383
Cooking Essentials,Popular Essentials Mace/Javitri,9000,10,3,8100,20,False,20,90.0,81.0,9.0,Low Discount,Low Stock,Affordable,Light,Bulk Pack,384
Cooking Essentials,Dlicia Whip Topping Bottle,23500,27,5,17100,1000,False,1,235.0,171.0,64.0,High Discount,Low Stock,Affordable,Heavy,Single,385
Cooking Essentials,Mother's Recipe Paste Ginger & Garlic,7600,10,4,6800,300,False,300,76.0,68.0,8.0,Low Discount,Low Stock,Affordable,Medium,Bulk Pack,386
Cooking Essentials,24 Mantra Groundnut Oil (Cold Pressed) Pet Bottle,41000,10,6,36900,1000,False,1,410.0,369.0,41.0,Low Discount,In Stock,Mid-Range,Heavy,Single,387
Cooking Essentials,Satyam Pulses Masur Dal,8700,6,6,8100,500,False,500,87.0,81.0,6.0,Low Discount,In Stock,Affordable,Medium,Bulk Pack,388
Cooking Essentials,Delight Nuts Pista Roasted & Salted,42500,20,6,34000,200,False,200,425.0,340.0,85.0,Medium Discount,In Stock,Mid-Range,Light,Bulk Pack,389
Cooking Essentials,"Top Ramen Noodles, Atta",8000,0,1,8000,280,False,280,80.0,80.0,0.0,No Discount,Low Stock,Affordable,Medium,Bulk Pack,390
Cooking Essentials,Hershey's Cocoa Powder,9500,0,5,9500,70,False,70,95.0,95.0,0.0,No Discount,Low Stock,Affordable,Light,Bulk Pack,391
Cooking Essentials,Praakritik Organic Singhara Atta,24000,6,4,22500,500,False,500,240.0,225.0,15.0,Low Discount,Low Stock,Mid-Range,Medium,Bulk Pack,392
Cooking Essentials,Gits Veg Biryani Ready to Eat,11000,10,6,9900,265,False,265,110.0,99.0,11.0,Low Discount,In Stock,Affordable,Medium,Bulk Pack,393
Cooking Essentials,Delight Nuts Cranberries Sliced ,29900,20,6,23900,200,False,200,299.0,239.0,60.0,Medium Discount,In Stock,Mid-Range,Light,Bulk Pack,394
Cooking Essentials,Borges Durum Wheat Pasta Superior Quality,25000,40,6,14900,500,False,500,250.0,149.0,101.0,High Discount,In Stock,Affordable,Medium,Bulk Pack,395
Cooking Essentials,Ceres Foods Laal Maas Instant Liquid Masala,22000,50,5,11000,200,False,200,220.0,110.0,110.0,Very High Discount,Low Stock,Affordable,Light,Bulk Pack,396
Cooking Essentials,Popular Essentials Sattu Atta,9000,12,3,7900,500,False,500,90.0,79.0,11.0,Medium Discount,Low Stock,Affordable,Medium,Bulk Pack,397
Cooking Essentials,Popular Essentials Mustard Seeds Rai Yellow,2500,0,5,2500,100,False,100,25.0,25.0,0.0,No Discount,Low Stock,Budget,Light,Bulk Pack,398
Cooking Essentials,Praakritik Organic Extra Virgin Coconut Oil,15000,10,5,13400,100,False,100,150.0,134.0,16.0,Low Discount,Low Stock,Affordable,Light,Bulk Pack,399
Cooking Essentials,Praakritik Organic Garlic Powder,11000,1,5,10800,100,False,100,110.0,108.0,2.0,Low Discount,Low Stock,Affordable,Light,Bulk Pack,400
Cooking Essentials,Sugarfree Gold Low Calorie Sweetner ,12500,5,6,11800,100,False,100,125.0,118.0,7.0,Low Discount,In Stock,Affordable,Light,Bulk Pack,401
Cooking Essentials,Aashirvaad Breakfast Instant Mix - Rice Idli,7500,30,6,5200,200,False,200,75.0,52.0,23.0,High Discount,In Stock,Affordable,Light,Bulk Pack,402
Cooking Essentials,Kitchens Of India Mutter Paneer,13000,4,6,12400,285,False,285,130.0,124.0,6.0,Low Discount,In Stock,Affordable,Medium,Bulk Pack,403
Cooking Essentials,Ching's Secret Veg Manchurian Masala,4400,0,6,4400,60,False,60,44.0,44.0,0.0,No Discount,In Stock,Budget,Light,Bulk Pack,404
Cooking Essentials,Popular Essentials Jowa Flour,5000,2,5,4900,500,False,500,50.0,49.0,1.0,Low Discount,Low Stock,Budget,Medium,Bulk Pack,405
Cooking Essentials,Everest Shahi Biryani Masala,24500,0,6,24500,200,False,200,245.0,245.0,0.0,No Discount,In Stock,Mid-Range,Light,Bulk Pack,406
Cooking Essentials,Popular Essentials Black Til,5000,6,4,4700,100,False,100,50.0,47.0,3.0,Low Discount,Low Stock,Budget,Light,Bulk Pack,407
Cooking Essentials,Popular Essentials Pancharatna Dal,8000,10,6,7200,500,False,500,80.0,72.0,8.0,Low Discount,In Stock,Affordable,Medium,Bulk Pack,408
Cooking Essentials,Saffola 100% Pure Honey,47500,8,2,43700,1000,False,750,475.0,437.0,38.0,Low Discount,Low Stock,Mid-Range,Heavy,Bulk Pack,409
Cooking Essentials,Popular Essentials Tamarind,15000,14,6,12800,500,False,500,150.0,128.0,22.0,Medium Discount,In Stock,Affordable,Medium,Bulk Pack,410
Cooking Essentials,Gits Rice Dosa Instant Breakfast Mix,6000,5,5,5700,200,False,200,60.0,57.0,3.0,Low Discount,Low Stock,Affordable,Light,Bulk Pack,411
Cooking Essentials,Popular Essentials Poppy Seeds (Gasagase),28000,7,6,26000,100,False,100,280.0,260.0,20.0,Low Discount,In Stock,Mid-Range,Light,Bulk Pack,412
Cooking Essentials,Hershey's Hot Chocolate Powder,21000,0,4,21000,250,False,250,210.0,210.0,0.0,No Discount,Low Stock,Mid-Range,Light,Bulk Pack,413
Cooking Essentials,Borges Farfalle Durum Wheat Pasta ,25000,0,5,25000,500,False,500,250.0,250.0,0.0,No Discount,Low Stock,Mid-Range,Medium,Bulk Pack,414
Cooking Essentials,Satyam Chilli  Bedgi,8200,10,5,7300,100,False,100,82.0,73.0,9.0,Low Discount,Low Stock,Affordable,Light,Bulk Pack,415
Cooking Essentials,Aashirvaad Instant Mix - Rice Dosa,7500,30,6,5200,200,False,200,75.0,52.0,23.0,High Discount,In Stock,Affordable,Light,Bulk Pack,416
Cooking Essentials,Hershey's Cocoa - Natural Unsweetened,27000,10,4,24300,225,False,225,270.0,243.0,27.0,Low Discount,Low Stock,Mid-Range,Light,Bulk Pack,417
Cooking Essentials,Weikfield Veg Jelly Crystals - Mango,4500,2,6,4400,90,False,90,45.0,44.0,1.0,Low Discount,In Stock,Budget,Light,Bulk Pack,418
Cooking Essentials,Praakritik Orrganic Cold Pressed Sesame Oil,13000,10,5,11700,100,False,100,130.0,117.0,13.0,Low Discount,Low Stock,Affordable,Light,Bulk Pack,419
Cooking Essentials,Amulya Dairy Whitener ,38000,2,4,37200,1000,False,1,380.0,372.0,8.0,Low Discount,Low Stock,Mid-Range,Heavy,Single,420
Cooking Essentials,ITC Master Chef Hyderabadi Biryani,7500,30,5,5200,80,False,80,75.0,52.0,23.0,High Discount,Low Stock,Affordable,Light,Bulk Pack,421
Cooking Essentials,Flying Bird Butter Scotch Essence,5000,2,6,4900,20,False,20,50.0,49.0,1.0,Low Discount,In Stock,Budget,Light,Bulk Pack,422
Cooking Essentials,Dabur Hommade - Ginger Paste,5000,6,6,4700,200,False,200,50.0,47.0,3.0,Low Discount,In Stock,Budget,Light,Bulk Pack,423
Cooking Essentials,Popular Essentials Green Peas (Un-Polished),12000,10,5,10800,500,False,500,120.0,108.0,12.0,Low Discount,Low Stock,Affordable,Medium,Bulk Pack,424
Cooking Essentials,Quaker Oats Pouch,27600,10,6,24800,1500,False,1,276.0,248.0,28.0,Low Discount,In Stock,Mid-Range,Extra Heavy,Single,425
Cooking Essentials,24 Mantra Organic Urad White Whole,14500,15,4,12200,500,False,500,145.0,122.0,23.0,Medium Discount,Low Stock,Affordable,Medium,Bulk Pack,426
Cooking Essentials,Popular Essentials Guntur Chilli Stemless,4000,2,2,3900,100,False,100,40.0,39.0,1.0,Low Discount,Low Stock,Budget,Light,Bulk Pack,427
Cooking Essentials,Popular Essentials Moth Whole,9000,10,6,8100,500,False,500,90.0,81.0,9.0,Low Discount,In Stock,Affordable,Medium,Bulk Pack,428
Cooking Essentials,Keya Pizza Seasoning,10900,17,6,9000,45,False,45,109.0,90.0,19.0,Medium Discount,In Stock,Affordable,Light,Bulk Pack,429
Cooking Essentials,Keya Piri Piri | Exotic Spices Mix,10900,20,6,8700,80,False,80,109.0,87.0,22.0,Medium Discount,In Stock,Affordable,Light,Bulk Pack,430
Cooking Essentials,24 Mantra Organic Moong Dal,13500,7,6,12500,500,False,500,135.0,125.0,10.0,Low Discount,In Stock,Affordable,Medium,Bulk Pack,431
Cooking Essentials,Betty Crocker French Vanilla Cake Mix,31000,10,6,27600,520,False,520,310.0,276.0,34.0,Low Discount,In Stock,Mid-Range,Heavy,Bulk Pack,432
Cooking Essentials,Delight Nuts Dried Cranberries ,34000,20,6,27200,200,False,200,340.0,272.0,68.0,Medium Discount,In Stock,Mid-Range,Light,Bulk Pack,433
Cooking Essentials,Everest Kesari Milk Masala,20500,0,2,20500,50,False,50,205.0,205.0,0.0,No Discount,Low Stock,Mid-Range,Light,Bulk Pack,434
Cooking Essentials,Tong Garden Salted Cocktail Nuts,29500,9,5,26600,160,False,160,295.0,266.0,29.0,Low Discount,Low Stock,Mid-Range,Light,Bulk Pack,435
Cooking Essentials,MTR Uttapam Mix,16500,5,6,15600,500,False,500,165.0,156.0,9.0,Low Discount,In Stock,Affordable,Medium,Bulk Pack,436
Cooking Essentials,Gits Khaman Dhokla Instant Snack Mix,6500,6,6,6100,180,False,180,65.0,61.0,4.0,Low Discount,In Stock,Affordable,Light,Bulk Pack,437
Cooking Essentials,Happilo Premium 100% Natural Whole Cashews,33500,29,6,23500,200,False,200,335.0,235.0,100.0,High Discount,In Stock,Mid-Range,Light,Bulk Pack,438
Cooking Essentials,Everest Dry Mango Powder,8000,0,5,8000,100,False,100,80.0,80.0,0.0,No Discount,Low Stock,Affordable,Light,Bulk Pack,439
Cooking Essentials,Dabur Hommade - Ginger Garlic Past Tub,11000,5,6,10400,400,False,400,110.0,104.0,6.0,Low Discount,In Stock,Affordable,Medium,Bulk Pack,440
Cooking Essentials,Everest Chicken Masala,14700,10,6,13200,200,False,200,147.0,132.0,15.0,Low Discount,In Stock,Affordable,Light,Bulk Pack,441
Cooking Essentials,Gits Medu Vada Instant Snack Mix,9000,4,6,8600,200,False,200,90.0,86.0,4.0,Low Discount,In Stock,Affordable,Light,Bulk Pack,442
Cooking Essentials,Weikfield Drinking Chocolate Powder,6500,10,6,5800,100,False,100,65.0,58.0,7.0,Low Discount,In Stock,Affordable,Light,Bulk Pack,443
Cooking Essentials,Popular Essentials Regular White Lobia,7000,10,6,6300,500,False,500,70.0,63.0,7.0,Low Discount,In Stock,Affordable,Medium,Bulk Pack,444
Cooking Essentials,Puro Healthy Salt Crystal,13500,7,6,12500,1000,False,1,135.0,125.0,10.0,Low Discount,In Stock,Affordable,Heavy,Single,445
Cooking Essentials,Popular Essentials Premium Jeera Rice,14000,0,5,14000,1000,False,1,140.0,140.0,0.0,No Discount,Low Stock,Affordable,Heavy,Single,446
Cooking Essentials,Smith & Jones Shahi Paneer Masala Mix,4400,0,6,4400,60,False,60,44.0,44.0,0.0,No Discount,In Stock,Budget,Light,Bulk Pack,447
Cooking Essentials,Betty Crocker Mug Treats - Chocolate Mix - Pack of 4,20000,11,6,17800,264,False,264,200.0,178.0,22.0,Medium Discount,In Stock,Affordable,Medium,Bulk Pack,448
Cooking Essentials,Smith & Jones Pasta Masala,6000,10,5,5400,108,False,108,60.0,54.0,6.0,Low Discount,Low Stock,Affordable,Light,Bulk Pack,449
Cooking Essentials,Catch Black Pepper Sprinkler,10000,0,1,10000,50,False,50,100.0,100.0,0.0,No Discount,Low Stock,Affordable,Light,Bulk Pack,450
Cooking Essentials,Weikfield Cooker Cake Mix - Chocolate,9500,6,6,8900,150,False,150,95.0,89.0,6.0,Low Discount,In Stock,Affordable,Light,Bulk Pack,451
Cooking Essentials,ITC Master Chef Butter Chicken,7500,30,6,5200,80,False,80,75.0,52.0,23.0,High Discount,In Stock,Affordable,Light,Bulk Pack,452
Cooking Essentials,Masala Oats Masala & Coriander ,19500,9,5,17600,500,False,500,195.0,176.0,19.0,Low Discount,Low Stock,Affordable,Medium,Bulk Pack,453
Cooking Essentials,Smith & Jones Mutter Paneer Masala,4200,0,6,4200,60,False,60,42.0,42.0,0.0,No Discount,In Stock,Budget,Light,Bulk Pack,454
Cooking Essentials,Kitchens of India Dal Bukhara Gravy Mix,11000,30,6,7700,285,False,285,110.0,77.0,33.0,High Discount,In Stock,Affordable,Medium,Bulk Pack,455
Cooking Essentials,Popular Essentials Fried Gram (Bengal Gram),7000,10,6,6300,500,False,500,70.0,63.0,7.0,Low Discount,In Stock,Affordable,Medium,Bulk Pack,456
Cooking Essentials,Gits Jalebi with Maker Dessert Mix,7500,16,6,6300,100,False,100,75.0,63.0,12.0,Medium Discount,In Stock,Affordable,Light,Bulk Pack,457
Cooking Essentials,Popular Essentials Soya Beans ,8000,6,6,7500,500,False,500,80.0,75.0,5.0,Low Discount,In Stock,Affordable,Medium,Bulk Pack,458
Cooking Essentials,24 Mantra Organic Roasted Bengal Gram Dal,10500,7,6,9700,500,False,500,105.0,97.0,8.0,Low Discount,In Stock,Affordable,Medium,Bulk Pack,459
Cooking Essentials,Keya Italian Seasoning,10900,10,6,9800,35,False,35,109.0,98.0,11.0,Low Discount,In Stock,Affordable,Light,Bulk Pack,460
Cooking Essentials,MTR Idli/Dosa/Chilly Chutney Powder,11500,0,3,11500,200,False,200,115.0,115.0,0.0,No Discount,Low Stock,Affordable,Light,Bulk Pack,461
Cooking Essentials,Delight Nuts Trail Mix ,39900,25,6,29900,200,False,200,399.0,299.0,100.0,Medium Discount,In Stock,Mid-Range,Light,Bulk Pack,462
Cooking Essentials,Praakritik Organic Chilka Moong Dal,12000,10,6,10800,500,False,500,120.0,108.0,12.0,Low Discount,In Stock,Affordable,Medium,Bulk Pack,463
Cooking Essentials,Smith & Jones Garlic & Herbs Masala Mix,9900,0,6,9900,75,False,75,99.0,99.0,0.0,No Discount,In Stock,Affordable,Light,Bulk Pack,464
Cooking Essentials,Eastern Tamarind,6300,0,6,6300,200,False,200,63.0,63.0,0.0,No Discount,In Stock,Affordable,Light,Bulk Pack,465
Cooking Essentials,Tong Garden Wasabi Coated Greenpeas Tin,20000,11,6,17800,180,False,180,200.0,178.0,22.0,Medium Discount,In Stock,Affordable,Light,Bulk Pack,466
Cooking Essentials,Flying Bird Pineapple Artifical Food Essence,5000,2,6,4900,20,False,20,50.0,49.0,1.0,Low Discount,In Stock,Budget,Light,Bulk Pack,467
Cooking Essentials,Mother's Recipe Tamarind Paste,5000,2,2,4900,200,False,200,50.0,49.0,1.0,Low Discount,Low Stock,Budget,Light,Bulk Pack,468
Cooking Essentials,Japanese Choice Udon Noodles,29500,9,6,26600,250,False,250,295.0,266.0,29.0,Low Discount,In Stock,Mid-Range,Light,Bulk Pack,469
Cooking Essentials,Pantai Coconut Milk,15000,0,4,15000,400,False,400,150.0,150.0,0.0,No Discount,Low Stock,Affordable,Medium,Bulk Pack,470
Cooking Essentials,Praakritik Organic Masoor Dal,13000,10,6,11600,500,False,500,130.0,116.0,14.0,Low Discount,In Stock,Affordable,Medium,Bulk Pack,471
Cooking Essentials,Popular Essentials Classic Sona Masuri Rice,43000,10,6,38700,5000,False,5,430.0,387.0,43.0,Low Discount,In Stock,Mid-Range,Bulk,Medium Pack,472
Cooking Essentials,Popular Essentials Salted Murmure ,7000,18,6,5700,400,False,400,70.0,57.0,13.0,Medium Discount,In Stock,Affordable,Medium,Bulk Pack,473
Cooking Essentials,Oleev Active Oil (Pouch),26500,9,6,23900,1000,False,1,265.0,239.0,26.0,Low Discount,In Stock,Mid-Range,Heavy,Single,474
Cooking Essentials,Delight Nuts Dried Blueberries ,54000,20,6,43200,150,False,150,540.0,432.0,108.0,Medium Discount,In Stock,Mid-Range,Light,Bulk Pack,475
Cooking Essentials,Popular Essentials Double Beans White,6000,10,6,5400,250,False,250,60.0,54.0,6.0,Low Discount,In Stock,Affordable,Light,Bulk Pack,476
Cooking Essentials,Delight Nuts Almond Natural ,34900,20,6,27900,200,False,200,349.0,279.0,70.0,Medium Discount,In Stock,Mid-Range,Light,Bulk Pack,477
Cooking Essentials,Praakritik Organic Jaggery,16000,6,6,15000,900,False,900,160.0,150.0,10.0,Low Discount,In Stock,Affordable,Heavy,Bulk Pack,478
Cooking Essentials,Praakritik Organic Raw Sugar,9000,6,6,8400,500,False,500,90.0,84.0,6.0,Low Discount,In Stock,Affordable,Medium,Bulk Pack,479
Cooking Essentials,MTR Masala - Sambar Powder,11500,0,4,11500,200,False,200,115.0,115.0,0.0,No Discount,Low Stock,Affordable,Light,Bulk Pack,480
Cooking Essentials,RRO Til Dil Premium Til Oil Bottle,17300,6,6,16200,500,False,500,173.0,162.0,11.0,Low Discount,In Stock,Affordable,Medium,Bulk Pack,481
Cooking Essentials,ITC Master Chef Vegetable Biryani Cooking Paste,7500,30,5,5200,80,False,80,75.0,52.0,23.0,High Discount,Low Stock,Affordable,Light,Bulk Pack,482
Cooking Essentials,Jivana Jaggery,10000,0,2,10000,950,False,950,100.0,100.0,0.0,No Discount,Low Stock,Affordable,Heavy,Bulk Pack,483
Cooking Essentials,Praakritik Organic Besan,17000,6,6,15900,500,False,500,170.0,159.0,11.0,Low Discount,In Stock,Affordable,Medium,Bulk Pack,484
Cooking Essentials,MTR Instant Gulab Jamun Mix,19500,9,6,17600,500,False,500,195.0,176.0,19.0,Low Discount,In Stock,Affordable,Medium,Bulk Pack,485
Cooking Essentials,Maggi Magic Cubes Extra Chicken,19900,0,2,19900,240,False,240,199.0,199.0,0.0,No Discount,Low Stock,Affordable,Light,Bulk Pack,486
Cooking Essentials,On1y Mixed Herbs,9900,0,6,9900,14,False,14,99.0,99.0,0.0,No Discount,In Stock,Affordable,Light,Bulk Pack,487
Cooking Essentials,Popular Essentials Urad Gola Black (Un-Polished),8000,10,6,7200,500,False,500,80.0,72.0,8.0,Low Discount,In Stock,Affordable,Medium,Bulk Pack,488
Cooking Essentials,Gits Dessert Mix China Grass Bombay Halwa,5500,0,4,5500,80,False,80,55.0,55.0,0.0,No Discount,Low Stock,Affordable,Light,Bulk Pack,489
Cooking Essentials,Praakritik Organic Basmati Rice,17000,0,5,17000,500,False,500,170.0,170.0,0.0,No Discount,Low Stock,Affordable,Medium,Bulk Pack,490
Cooking Essentials,Ceres Foods Nalli Nihari Instant Liquid Masala,22000,50,6,11000,200,False,200,220.0,110.0,110.0,Very High Discount,In Stock,Affordable,Light,Bulk Pack,491
Cooking Essentials,Borges Canola Oil Pet Bottle,39900,0,6,39900,1000,False,1,399.0,399.0,0.0,No Discount,In Stock,Mid-Range,Heavy,Single,492
Cooking Essentials,Suhana Biryani Masala,6600,0,6,6600,50,False,50,66.0,66.0,0.0,No Discount,In Stock,Affordable,Light,Bulk Pack,493
Cooking Essentials,On1y Black Salt Grinder,9900,0,6,9900,100,False,100,99.0,99.0,0.0,No Discount,In Stock,Affordable,Light,Bulk Pack,494
Cooking Essentials,Popular Essentials Nylon Til,4000,2,6,3900,100,False,100,40.0,39.0,1.0,Low Discount,In Stock,Budget,Light,Bulk Pack,495
Cooking Essentials,Pillsbury Rich Choco Oven Cake Mix - Egg Free,17000,6,6,15900,270,False,270,170.0,159.0,11.0,Low Discount,In Stock,Affordable,Medium,Bulk Pack,496
Cooking Essentials,Weikfield Tomato Salsa Instant Pasta,2500,0,1,2500,77,False,77,25.0,25.0,0.0,No Discount,Low Stock,Budget,Light,Bulk Pack,497
Cooking Essentials,Praakritik Organic Jowar Atta,11000,6,6,10300,500,False,500,110.0,103.0,7.0,Low Discount,In Stock,Affordable,Medium,Bulk Pack,498
Cooking Essentials,Sugarfree Gold Low Calorie Sweetner ,27000,7,6,25100,50,False,50,270.0,251.0,19.0,Low Discount,In Stock,Mid-Range,Light,Bulk Pack,499
Cooking Essentials,Epicurea Thai Jasmine Rice,29500,0,4,29500,500,False,500,295.0,295.0,0.0,No Discount,Low Stock,Mid-Range,Medium,Bulk Pack,500
Cooking Essentials,Yummiez Chicken Garlic Fingers Pouch,25000,0,5,25000,400,False,400,250.0,250.0,0.0,No Discount,Low Stock,Mid-Range,Medium,Bulk Pack,501
Cooking Essentials,RRO Primio Refined Groundnut (Jar),49000,11,6,43600,2000,False,2,490.0,436.0,54.0,Medium Discount,In Stock,Mid-Range,Extra Heavy,Small Pack,502
Cooking Essentials,Praakritik Organic Tuvar Dal,14000,0,6,14000,500,False,500,140.0,140.0,0.0,No Discount,In Stock,Affordable,Medium,Bulk Pack,503
Cooking Essentials,Sugarfree Gold Low Calorie Sweetner,18500,5,3,17500,300,False,300,185.0,175.0,10.0,Low Discount,Low Stock,Affordable,Medium,Bulk Pack,504
Cooking Essentials,Cantina Beans Mexican Beans,25000,14,6,21300,410,False,410,250.0,213.0,37.0,Medium Discount,In Stock,Mid-Range,Medium,Bulk Pack,505
Cooking Essentials,Pillsbury Oven Cake Mix - Vanilla,17500,10,6,15600,225,False,225,175.0,156.0,19.0,Low Discount,In Stock,Affordable,Light,Bulk Pack,506
Cooking Essentials,Hershey's Chocolate Milk Booster,20000,0,6,20000,450,False,450,200.0,200.0,0.0,No Discount,In Stock,Affordable,Medium,Bulk Pack,507
Cooking Essentials,Popular Essentials Byadagi Chilli Stemless,8000,0,6,8000,100,False,100,80.0,80.0,0.0,No Discount,In Stock,Affordable,Light,Bulk Pack,508
Cooking Essentials,Suhana Spice Mix - Chicken Biryani,6600,0,6,6600,50,False,50,66.0,66.0,0.0,No Discount,In Stock,Affordable,Light,Bulk Pack,509
Cooking Essentials,Praakritik Organic Yellow Moon Dal,13500,0,6,13500,500,False,500,135.0,135.0,0.0,No Discount,In Stock,Affordable,Medium,Bulk Pack,510
Cooking Essentials,Maggi Magic Cubes Extra Chicken,19900,10,6,17900,240,False,240,199.0,179.0,20.0,Low Discount,In Stock,Affordable,Light,Bulk Pack,511
Cooking Essentials,Dhara Filtered Groundnut Oil (Jar),105000,0,2,105000,5000,False,5,1050.0,1050.0,0.0,No Discount,Low Stock,High-End,Bulk,Medium Pack,512
Cooking Essentials,24 Mantra Sona Masuri Brown Rice,47500,10,6,42300,5000,False,5,475.0,423.0,52.0,Low Discount,In Stock,Mid-Range,Bulk,Medium Pack,513
Cooking Essentials,24 Mantra Organic Pancharatna Dal - Split,13000,7,6,12000,500,False,500,130.0,120.0,10.0,Low Discount,In Stock,Affordable,Medium,Bulk Pack,514
Cooking Essentials,24 Mantra Organic Cumin Powder,7000,0,6,7000,100,False,100,70.0,70.0,0.0,No Discount,In Stock,Affordable,Light,Bulk Pack,515
Cooking Essentials,Popular Essentials Samba Broken Wheat,10000,11,6,8900,500,False,500,100.0,89.0,11.0,Medium Discount,In Stock,Affordable,Medium,Bulk Pack,516
Cooking Essentials,Betty Crocker Chocolate Fudge Cake Mix,29500,0,6,29500,475,False,475,295.0,295.0,0.0,No Discount,In Stock,Mid-Range,Medium,Bulk Pack,517
Cooking Essentials,Borges Extra Light Olive Oil Bottle ,260000,46,6,139900,2000,False,2,2600.0,1399.0,1201.0,Very High Discount,In Stock,High-End,Extra Heavy,Small Pack,518
Cooking Essentials,Flying Bird Premium Orange Artificial Food Essence,6000,0,6,6000,20,False,20,60.0,60.0,0.0,No Discount,In Stock,Affordable,Light,Bulk Pack,519
Cooking Essentials,Popular Essentials Red Cherry/Gundu Chilli,9500,0,6,9500,100,False,100,95.0,95.0,0.0,No Discount,In Stock,Affordable,Light,Bulk Pack,520
Cooking Essentials,Super Saver Kolam Rice Sortex Clean ,70000,10,3,63000,5000,False,5,700.0,630.0,70.0,Low Discount,Low Stock,Premium,Bulk,Medium Pack,521
Cooking Essentials,Flying Bird Food Essence - Kewra,5000,0,6,5000,20,False,20,50.0,50.0,0.0,No Discount,In Stock,Budget,Light,Bulk Pack,522
Cooking Essentials,MTR Vada Breakfast,20000,0,1,20000,500,False,500,200.0,200.0,0.0,No Discount,Low Stock,Affordable,Medium,Bulk Pack,523
Cooking Essentials,On1y Pasta Seasoning,9900,0,6,9900,30,False,30,99.0,99.0,0.0,No Discount,In Stock,Affordable,Light,Bulk Pack,524
Cooking Essentials,Praakritik Organic Indrayani Rice,7000,0,6,7000,500,False,500,70.0,70.0,0.0,No Discount,In Stock,Affordable,Medium,Bulk Pack,525
Cooking Essentials,On1y Pizza Seasoning,9900,0,6,9900,28,False,28,99.0,99.0,0.0,No Discount,In Stock,Affordable,Light,Bulk Pack,526
Cooking Essentials,Kitchens of India Mutter Paneer Mix,12000,30,4,8400,285,False,285,120.0,84.0,36.0,High Discount,Low Stock,Affordable,Medium,Bulk Pack,527
Cooking Essentials,Aashirvaad Svasti Cow Ghee Tetra Pack,29500,0,6,29500,500,False,500,295.0,295.0,0.0,No Discount,In Stock,Mid-Range,Medium,Bulk Pack,528
Cooking Essentials,Weikfield Cooker Cake Mix - Vanilla,9500,0,6,9500,150,False,150,95.0,95.0,0.0,No Discount,In Stock,Affordable,Light,Bulk Pack,529
Cooking Essentials,Praakritik Organic Kapli Wheat Atta,16500,10,6,14700,1000,False,1,165.0,147.0,18.0,Low Discount,In Stock,Affordable,Heavy,Single,530
Cooking Essentials,Epicurea Sushi Rice,29500,0,6,29500,500,False,500,295.0,295.0,0.0,No Discount,In Stock,Mid-Range,Medium,Bulk Pack,531
Cooking Essentials,Sugarfree Natural Green Stevia Leaves Zero Calorie,7500,0,2,7500,100,False,100,75.0,75.0,0.0,No Discount,Low Stock,Affordable,Light,Bulk Pack,532
Cooking Essentials,Smith & Jones Italian Spices Masala Mix,9900,0,6,9900,75,False,75,99.0,99.0,0.0,No Discount,In Stock,Affordable,Light,Bulk Pack,533
Cooking Essentials,Satyam Nighties Spices  Chilli Bore,8900,10,6,8000,100,False,100,89.0,80.0,9.0,Low Discount,In Stock,Affordable,Light,Bulk Pack,534
Cooking Essentials,Weikfield Veg Jelly Crystals - Orange,4500,2,6,4400,90,False,90,45.0,44.0,1.0,Low Discount,In Stock,Budget,Light,Bulk Pack,535
Cooking Essentials,Praakritik Organic Jumbo Rolled Oats,19000,11,6,16900,500,False,500,190.0,169.0,21.0,Medium Discount,In Stock,Affordable,Medium,Bulk Pack,536
Cooking Essentials,On1y Sea Salt Grinder,8900,0,6,8900,100,False,100,89.0,89.0,0.0,No Discount,In Stock,Affordable,Light,Bulk Pack,537
Cooking Essentials,Delight Nuts Berries Mix ,39900,20,6,31900,200,False,200,399.0,319.0,80.0,Medium Discount,In Stock,Mid-Range,Light,Bulk Pack,538
Cooking Essentials,Everest Kesari Milk Masala,20500,0,6,20500,50,False,20,205.0,205.0,0.0,No Discount,In Stock,Mid-Range,Light,Bulk Pack,539
Cooking Essentials,Praakritik Organic Ginger Powder,13900,10,6,12500,100,False,100,139.0,125.0,14.0,Low Discount,In Stock,Affordable,Light,Bulk Pack,540
Cooking Essentials,Suhana Mutton Gravy Mix,4500,0,4,4500,80,False,80,45.0,45.0,0.0,No Discount,Low Stock,Budget,Light,Bulk Pack,541
Cooking Essentials,On1y Salad Seasoning Grinder,13900,0,6,13900,45,False,45,139.0,139.0,0.0,No Discount,In Stock,Affordable,Light,Bulk Pack,542
Cooking Essentials,Figaro Pure Olive Oil,32500,8,1,29900,200,False,200,325.0,299.0,26.0,Low Discount,Low Stock,Mid-Range,Light,Bulk Pack,543
Cooking Essentials,Madhur Sugar,6000,6,0,5600,1000,True,1,60.0,56.0,4.0,Low Discount,Out of Stock,Affordable,Heavy,Single,544
Cooking Essentials,Amul Fresh Cream,6300,0,0,6300,250,True,250,63.0,63.0,0.0,No Discount,Out of Stock,Affordable,Light,Bulk Pack,545
Cooking Essentials,Madhur Pure And Hygienic Sugar,29500,9,0,26600,5000,True,5,295.0,266.0,29.0,Low Discount,Out of Stock,Mid-Range,Bulk,Medium Pack,546
Cooking Essentials,Satyam Poha Jada,3500,8,0,3200,500,True,500,35.0,32.0,3.0,Low Discount,Out of Stock,Budget,Medium,Bulk Pack,547
Cooking Essentials,Aashirvaad Superior MP Whole Wheat Atta,5300,1,0,5200,1000,True,1,53.0,52.0,1.0,Low Discount,Out of Stock,Affordable,Heavy,Single,548
Cooking Essentials,Fortune Soyabean Oil,21000,13,0,18100,1000,True,1,210.0,181.0,29.0,Medium Discount,Out of Stock,Affordable,Heavy,Single,549
Cooking Essentials,Maggi Masala Ae Magic,5800,6,0,5400,72,True,72,58.0,54.0,4.0,Low Discount,Out of Stock,Affordable,Light,Bulk Pack,550
Cooking Essentials,Aashirvaad Iodised Salt ,2200,13,0,1900,1000,True,1,22.0,19.0,3.0,Medium Discount,Out of Stock,Budget,Heavy,Single,551
Cooking Essentials,Maggi 2-Minute Instant Noodles - Masala,4400,0,0,4400,280,True,280,44.0,44.0,0.0,No Discount,Out of Stock,Budget,Medium,Bulk Pack,552
Cooking Essentials,Popular Essentials Phool Makhana (Jumbo Size),15000,14,0,12800,100,True,100,150.0,128.0,22.0,Medium Discount,Out of Stock,Affordable,Light,Bulk Pack,553
Cooking Essentials,Aashirvaad Atta With Mutigrains,31500,8,0,28700,5000,True,5,315.0,287.0,28.0,Low Discount,Out of Stock,Mid-Range,Bulk,Medium Pack,554
Cooking Essentials,Tata Sampann Poha,4400,6,0,4100,500,True,500,44.0,41.0,3.0,Low Discount,Out of Stock,Budget,Medium,Bulk Pack,555
Cooking Essentials,Fortune Besan Flour,12000,0,0,12000,1000,True,1,120.0,120.0,0.0,No Discount,Out of Stock,Affordable,Heavy,Single,556
Cooking Essentials,Popular Essentials Toor Dal (Un-Polished),8000,7,0,7400,500,True,500,80.0,74.0,6.0,Low Discount,Out of Stock,Affordable,Medium,Bulk Pack,557
Cooking Essentials,Everest Tikhalal Hot & Red Chilly Powder,4700,2,0,4600,100,True,100,47.0,46.0,1.0,Low Discount,Out of Stock,Budget,Light,Bulk Pack,558
Cooking Essentials,Popular Essentials Chia Seeds,5000,2,0,4900,100,True,100,50.0,49.0,1.0,Low Discount,Out of Stock,Budget,Light,Bulk Pack,559
Cooking Essentials,Tata Sampann Unpolished Toor Dal/Arhar Dal,17900,1,0,17700,1000,True,200,179.0,177.0,2.0,Low Discount,Out of Stock,Affordable,Heavy,Bulk Pack,560
Cooking Essentials,Everest Coriander Powder,3200,3,0,3100,100,True,100,32.0,31.0,1.0,Low Discount,Out of Stock,Budget,Light,Bulk Pack,561
Cooking Essentials,Satyam Thin Poha Patla,3800,7,0,3500,500,True,500,38.0,35.0,3.0,Low Discount,Out of Stock,Budget,Medium,Bulk Pack,562
Cooking Essentials,Popular Essentials Sona Masouri Raw Rice,7500,0,0,7500,1000,True,1,75.0,75.0,0.0,No Discount,Out of Stock,Affordable,Heavy,Single,563
Cooking Essentials,Tata Sampann High Protien Chana Dal - Split,6400,0,0,6400,500,True,500,64.0,64.0,0.0,No Discount,Out of Stock,Affordable,Medium,Bulk Pack,564
Cooking Essentials,Satyam Singdana ,11900,6,0,11100,500,True,500,119.0,111.0,8.0,Low Discount,Out of Stock,Affordable,Medium,Bulk Pack,565
Cooking Essentials,Tata Sampann Moong Chilka ,8800,6,0,8200,500,True,500,88.0,82.0,6.0,Low Discount,Out of Stock,Affordable,Medium,Bulk Pack,566
Cooking Essentials,Tata Sampann High Protien Toor Dal - Split,9100,2,0,8900,500,True,500,91.0,89.0,2.0,Low Discount,Out of Stock,Affordable,Medium,Bulk Pack,567
Cooking Essentials,Ching's Chow Mein Hakka Noodles Masala,1000,0,0,1000,20,True,20,10.0,10.0,0.0,No Discount,Out of Stock,Budget,Light,Bulk Pack,568
Cooking Essentials,Everest Chat Masala,6500,9,0,5900,100,True,100,65.0,59.0,6.0,Low Discount,Out of Stock,Affordable,Light,Bulk Pack,569
Cooking Essentials,Popular Essentials Black Brown Chana (Un-Polished),5500,9,0,5000,500,True,500,55.0,50.0,5.0,Low Discount,Out of Stock,Budget,Medium,Bulk Pack,570
Cooking Essentials,Dabur Ginger Garlic Paste,5000,6,0,4700,200,True,200,50.0,47.0,3.0,Low Discount,Out of Stock,Budget,Light,Bulk Pack,571
Cooking Essentials,Ching's Secret Veg Hakka Noodles,10700,0,0,10700,600,True,600,107.0,107.0,0.0,No Discount,Out of Stock,Affordable,Heavy,Bulk Pack,572
Cooking Essentials,Saffola Oats 100 % Natural,1500,0,0,1500,38,True,38,15.0,15.0,0.0,No Discount,Out of Stock,Budget,Light,Bulk Pack,573
Cooking Essentials,Everest Kashmiri Lal Chilli Powder,31000,10,0,27900,500,True,500,310.0,279.0,31.0,Low Discount,Out of Stock,Mid-Range,Medium,Bulk Pack,574
Cooking Essentials,Popular Essentials Black Raisins Seedless,6000,10,0,5400,100,True,100,60.0,54.0,6.0,Low Discount,Out of Stock,Affordable,Light,Bulk Pack,575
Cooking Essentials,Daawat Rozana Super Basmati Rice,7900,0,0,7900,1000,True,1,79.0,79.0,0.0,No Discount,Out of Stock,Affordable,Heavy,Single,576
Cooking Essentials,Everest Cumin Powder (Jeera),3000,3,0,2900,50,True,50,30.0,29.0,1.0,Low Discount,Out of Stock,Budget,Light,Bulk Pack,577
Cooking Essentials,Everest Sambhar Masala,3400,2,0,3300,50,True,50,34.0,33.0,1.0,Low Discount,Out of Stock,Budget,Light,Bulk Pack,578
Cooking Essentials,Maggi Chilly Chow Cuppa Noodles,5000,0,0,5000,70,True,70,50.0,50.0,0.0,No Discount,Out of Stock,Budget,Light,Bulk Pack,579
Cooking Essentials,Popular Essentials Mustard Seeds Rai Big,2000,0,0,2000,100,True,100,20.0,20.0,0.0,No Discount,Out of Stock,Budget,Light,Bulk Pack,580
Cooking Essentials,Patanjali Cow's Ghee,56500,0,0,56500,1000,True,1,565.0,565.0,0.0,No Discount,Out of Stock,Premium,Heavy,Single,581
Cooking Essentials,Everest Amchur Powder,4200,2,0,4100,50,True,50,42.0,41.0,1.0,Low Discount,Out of Stock,Budget,Light,Bulk Pack,582
Cooking Essentials,Daawat Super Basmati Rice,18500,8,0,16900,1000,True,1,185.0,169.0,16.0,Low Discount,Out of Stock,Affordable,Heavy,Single,583
Cooking Essentials,Popular Essentials Sabudana,6000,10,0,5400,500,True,500,60.0,54.0,6.0,Low Discount,Out of Stock,Affordable,Medium,Bulk Pack,584
Cooking Essentials,Popular Essentials Brown Sugar,4000,0,0,4000,500,True,500,40.0,40.0,0.0,No Discount,Out of Stock,Budget,Medium,Bulk Pack,585
Cooking Essentials,Everest Coriander Powder,7000,10,0,6300,200,True,200,70.0,63.0,7.0,Low Discount,Out of Stock,Affordable,Light,Bulk Pack,586
Cooking Essentials,Sunfeast Yippee! Magic Masala Noodles,4800,6,0,4500,240,True,240,48.0,45.0,3.0,Low Discount,Out of Stock,Budget,Light,Bulk Pack,587
Cooking Essentials,Tata Tea Gold,3500,0,0,3500,100,True,200,35.0,35.0,0.0,No Discount,Out of Stock,Budget,Light,Bulk Pack,588
Cooking Essentials,Daawat Rozana Gold Basmati Rice,9000,1,0,8900,1000,True,1,90.0,89.0,1.0,Low Discount,Out of Stock,Affordable,Heavy,Single,589
Cooking Essentials,Top Ramen Masala,9100,9,0,8200,560,True,560,91.0,82.0,9.0,Low Discount,Out of Stock,Affordable,Heavy,Bulk Pack,590
Cooking Essentials,Everest Turmeric Powder,6700,10,0,6000,200,True,200,67.0,60.0,7.0,Low Discount,Out of Stock,Affordable,Light,Bulk Pack,591
Cooking Essentials,Popular Essentials Buckwheat Flour (Kuttu Atta),12500,9,0,11300,500,True,500,125.0,113.0,12.0,Low Discount,Out of Stock,Affordable,Medium,Bulk Pack,592
Cooking Essentials,Keya Italian Pizza Oregano,10900,11,0,9700,80,True,80,109.0,97.0,12.0,Medium Discount,Out of Stock,Affordable,Light,Bulk Pack,593
Cooking Essentials,Chef's Basket Durum Wheat Penne Pasta,16000,50,0,8000,500,True,500,160.0,80.0,80.0,Very High Discount,Out of Stock,Affordable,Medium,Bulk Pack,594
Cooking Essentials,Tata Sampann Kala Chana,12500,0,0,12500,1000,True,1,125.0,125.0,0.0,No Discount,Out of Stock,Affordable,Heavy,Single,595
Cooking Essentials,India Gate Basmati Rice,21000,0,0,21000,1000,True,1,210.0,210.0,0.0,No Discount,Out of Stock,Mid-Range,Heavy,Single,596
Cooking Essentials,24 Mantra Organic Whole Wheat Atta,6400,7,0,5900,1000,True,1,64.0,59.0,5.0,Low Discount,Out of Stock,Affordable,Heavy,Single,597
Cooking Essentials,Zorabian Chicken Kheema Parathas,19000,0,0,19000,300,True,300,190.0,190.0,0.0,No Discount,Out of Stock,Affordable,Medium,Bulk Pack,598
Cooking Essentials,Sunfeast Pasta Treat Pack of Tomato Cheese,2800,17,0,2300,65,True,65,28.0,23.0,5.0,Medium Discount,Out of Stock,Budget,Light,Bulk Pack,599
Cooking Essentials,Sugarlite 50% Less Calories Sugar Pouch,9900,40,0,5900,500,True,500,99.0,59.0,40.0,High Discount,Out of Stock,Affordable,Medium,Bulk Pack,600
Cooking Essentials,Popular Essentials Sabja/Basil Seeds,6000,15,0,5100,100,True,100,60.0,51.0,9.0,Medium Discount,Out of Stock,Affordable,Light,Bulk Pack,601
Cooking Essentials,Patanjali Pure Honey,9500,0,0,9500,250,True,250,95.0,95.0,0.0,No Discount,Out of Stock,Affordable,Light,Bulk Pack,602
Cooking Essentials,Weikfield Falooda Mix - Mango,4900,2,0,4800,200,True,200,49.0,48.0,1.0,Low Discount,Out of Stock,Budget,Light,Bulk Pack,603
Cooking Essentials,Pro Nature Organic Sonamasoori Brown Rice,10200,7,0,9400,1000,True,1,102.0,94.0,8.0,Low Discount,Out of Stock,Affordable,Heavy,Single,604
Cooking Essentials,Maggi Special Masala Spicy Yummy Noodles,7200,0,0,7200,280,True,280,72.0,72.0,0.0,No Discount,Out of Stock,Affordable,Medium,Bulk Pack,605
Cooking Essentials,Godrej Yummiez Chicken Breakfast Salami,15000,4,0,14300,250,True,250,150.0,143.0,7.0,Low Discount,Out of Stock,Affordable,Light,Bulk Pack,606
Cooking Essentials,Everest Saffron Kesar,12000,0,0,12000,1,True,0,120.0,120.0,0.0,No Discount,Out of Stock,Affordable,Light,Single,607
Munchies,Maggi 2 Minute Masala Noodles,1200,0,6,1200,70,False,70,12.0,12.0,0.0,No Discount,In Stock,Budget,Light,Bulk Pack,608
Munchies,iD Idli & Dosa Batter ,8000,15,6,6800,1000,False,1,80.0,68.0,12.0,Medium Discount,In Stock,Affordable,Heavy,Single,609
Munchies,Tata Salt,2400,0,6,2400,1000,False,1,24.0,24.0,0.0,No Discount,In Stock,Budget,Heavy,Single,610
Munchies,Arden Eggs White,9700,0,4,9700,696,False,12,97.0,97.0,0.0,No Discount,Low Stock,Affordable,Heavy,Bulk Pack,611
Munchies,Arden Eggs White,6500,15,4,5500,348,False,6,65.0,55.0,10.0,Medium Discount,Low Stock,Affordable,Medium,Large Pack,612
Munchies,Fortune Sunlite Refined Sunflower (Pouch),23000,4,6,21900,1000,False,1,230.0,219.0,11.0,Low Discount,In Stock,Mid-Range,Heavy,Single,613
Munchies,Aashirvaad Superior MP Atta,25000,2,6,24500,5000,False,5,250.0,245.0,5.0,Low Discount,In Stock,Mid-Range,Bulk,Medium Pack,614
Munchies,Amul Pure Ghee (Pouch),25500,2,6,24900,500,False,500,255.0,249.0,6.0,Low Discount,In Stock,Mid-Range,Medium,Bulk Pack,615
Munchies,Arden Eggs Brown,8500,7,4,7900,348,False,6,85.0,79.0,6.0,Low Discount,Low Stock,Affordable,Medium,Large Pack,616
Munchies,Tata Salt Lite,4000,10,6,3600,1000,False,1,40.0,36.0,4.0,Low Discount,In Stock,Budget,Heavy,Single,617
Munchies,Saffola Gold Oil (Pouch),21500,0,6,21500,1000,False,1,215.0,215.0,0.0,No Discount,In Stock,Mid-Range,Heavy,Single,618
Munchies,Fortune Sunlite Refined Sunflower (Jar),92500,0,6,92500,5000,False,5,925.0,925.0,0.0,No Discount,In Stock,Premium,Bulk,Medium Pack,619
Munchies,Fortune Rice Bran (Pouch),22500,11,6,19900,1000,False,1,225.0,199.0,26.0,Medium Discount,In Stock,Affordable,Heavy,Single,620
Munchies,Saffola Active Oil,21000,0,6,21000,1000,False,1,210.0,210.0,0.0,No Discount,In Stock,Mid-Range,Heavy,Single,621
Munchies,Amul Pure Ghee (Pouch),50500,1,2,49900,1000,False,1,505.0,499.0,6.0,Low Discount,Low Stock,Mid-Range,Heavy,Single,622
Munchies,Aashirvaad Atta,46000,13,6,39900,10000,False,10,460.0,399.0,61.0,Medium Discount,In Stock,Mid-Range,Bulk,Large Pack,623
Munchies,Popular Essentials Toor Dal (Un-Polished),16000,6,4,14900,1000,False,1,160.0,149.0,11.0,Low Discount,Low Stock,Affordable,Heavy,Single,624
Munchies,Amul Ghee (Tin),52000,2,6,50900,1000,False,1,520.0,509.0,11.0,Low Discount,In Stock,Premium,Heavy,Single,625
Munchies,Amul Fresh Cream,19700,3,3,19100,1000,False,1,197.0,191.0,6.0,Low Discount,Low Stock,Affordable,Heavy,Single,626
Munchies,Popular Essentials Pure Jaggery,5000,2,6,4900,450,False,450,50.0,49.0,1.0,Low Discount,In Stock,Budget,Medium,Bulk Pack,627
Munchies,Aashirvaad Multigrain Atta,6400,3,2,6200,1000,False,1,64.0,62.0,2.0,Low Discount,Low Stock,Affordable,Heavy,Single,628
Munchies,Fortune Soyabean Oil,100500,0,6,99900,5000,False,5,1005.0,999.0,6.0,No Discount,In Stock,Premium,Bulk,Medium Pack,629
Munchies,Popular Essentials Sunflower Seeds,2500,0,6,2500,50,False,50,25.0,25.0,0.0,No Discount,In Stock,Budget,Light,Bulk Pack,630
Munchies,Tata Sampann kabuli chana,18500,1,4,18300,1000,False,500,185.0,183.0,2.0,Low Discount,Low Stock,Affordable,Heavy,Bulk Pack,631
Munchies,Dhara Groundnut Oil (Pouch),23000,11,6,20300,1000,False,1,230.0,203.0,27.0,Medium Discount,In Stock,Mid-Range,Heavy,Single,632
Munchies,Dhara Health Refined Sun Flower Oil Jar,120000,18,6,98400,5000,False,5,1200.0,984.0,216.0,Medium Discount,In Stock,Premium,Bulk,Medium Pack,633
Munchies,24 Mantra Organic Jaggery Powder,8000,15,6,6800,500,False,500,80.0,68.0,12.0,Medium Discount,In Stock,Affordable,Medium,Bulk Pack,634
Munchies,Tata Sampann High Protien Kabuli Chana,9400,0,1,9400,500,False,500,94.0,94.0,0.0,No Discount,Low Stock,Affordable,Medium,Bulk Pack,635
Munchies,Dhara Kachi Ghani Mustard Oil Jar,125000,8,6,114300,5000,False,5,1250.0,1143.0,107.0,Low Discount,In Stock,High-End,Bulk,Medium Pack,636
Munchies,D'lecta Dairy Cream,5400,5,6,5100,200,False,200,54.0,51.0,3.0,Low Discount,In Stock,Affordable,Light,Bulk Pack,637
Munchies,Ching's Secret Instant Hot Garlic Noodles,1500,0,3,1500,60,False,60,15.0,15.0,0.0,No Discount,Low Stock,Budget,Light,Bulk Pack,638
Munchies,Dabur Ginger Garlic Paste,2500,8,3,2300,100,False,100,25.0,23.0,2.0,Low Discount,Low Stock,Budget,Light,Bulk Pack,639
Munchies,Ching's Secret Instant Schezwan Noodles,1500,0,6,1500,60,False,60,15.0,15.0,0.0,No Discount,In Stock,Budget,Light,Bulk Pack,640
Munchies,Gowardhan Ghee/Tuppa Jar,31500,1,6,30900,500,False,500,315.0,309.0,6.0,Low Discount,In Stock,Mid-Range,Medium,Bulk Pack,641
Munchies,Tata Sampann Unpolished Moong Dal ,9200,4,4,8800,500,False,500,92.0,88.0,4.0,Low Discount,Low Stock,Affordable,Medium,Bulk Pack,642
Munchies,Aashirvaad Select Atta,6400,0,6,6400,1000,False,1,64.0,64.0,0.0,No Discount,In Stock,Affordable,Heavy,Single,643
Munchies,Popular Essentials Misri Dana (Diamond Sugar) ,1500,0,4,1500,100,False,100,15.0,15.0,0.0,No Discount,Low Stock,Budget,Light,Bulk Pack,644
Munchies,Gowardhan Ghee Jar,59800,3,6,57900,1000,False,1,598.0,579.0,19.0,Low Discount,In Stock,Premium,Heavy,Single,645
Munchies,Top Ramen  Noodles Curry Veg Pouch,2000,0,1,2000,70,False,70,20.0,20.0,0.0,No Discount,Low Stock,Budget,Light,Bulk Pack,646
Munchies,Popular Essentials Refined Sugar,6000,0,6,6000,1000,False,1,60.0,60.0,0.0,No Discount,In Stock,Affordable,Heavy,Single,647
Munchies,Fortune Kachi Ghani Mustard Oil Bottle,21600,7,6,19900,1000,False,1,216.0,199.0,17.0,Low Discount,In Stock,Affordable,Heavy,Single,648
Munchies,Saffola Veggie Twist Masala Oats,1500,0,6,1500,38,False,38,15.0,15.0,0.0,No Discount,In Stock,Budget,Light,Bulk Pack,649
Munchies,Satyam Puffed Rice Kurmura (R),2300,0,6,2300,200,False,200,23.0,23.0,0.0,No Discount,In Stock,Budget,Light,Bulk Pack,650
Munchies,Quaker Oats,7900,0,2,7900,400,False,400,79.0,79.0,0.0,No Discount,Low Stock,Affordable,Medium,Bulk Pack,651
Munchies,Aashirvaad Select Sharbati Atta,31500,10,6,28300,5000,False,5,315.0,283.0,32.0,Low Discount,In Stock,Mid-Range,Bulk,Medium Pack,652
Munchies,Popular Essentials Refined Sugar,29500,10,6,26500,5000,False,5,295.0,265.0,30.0,Low Discount,In Stock,Mid-Range,Bulk,Medium Pack,653
Munchies,Gowardhan Cow Ghee Pouch,57900,10,6,52100,1000,False,1,579.0,521.0,58.0,Low Discount,In Stock,Premium,Heavy,Single,654
Munchies,Dhara Nourish Refined Sunflower Oil Pouch,21000,5,6,19900,1000,False,1,210.0,199.0,11.0,Low Discount,In Stock,Affordable,Heavy,Single,655
Munchies,Parachute Oil ,4000,7,3,3700,100,False,100,40.0,37.0,3.0,Low Discount,Low Stock,Budget,Light,Bulk Pack,656
Munchies,Popular Essentials Plain Puffed Rice (Murmura/Muri),1800,0,6,1800,100,False,100,18.0,18.0,0.0,No Discount,In Stock,Budget,Light,Bulk Pack,657
Munchies,Amul Mithai Mate Condensed Sweetened Milk,5600,3,4,5400,200,False,200,56.0,54.0,2.0,Low Discount,Low Stock,Affordable,Light,Bulk Pack,658
Munchies,Saffola Gold (Jar),124000,0,6,124000,5000,False,5,1240.0,1240.0,0.0,No Discount,In Stock,High-End,Bulk,Medium Pack,659
Munchies,McCain New Mini Samosa with Cheese Pizza Style Filling,12000,1,3,11800,240,False,240,120.0,118.0,2.0,Low Discount,Low Stock,Affordable,Light,Bulk Pack,660
Munchies,Fortune Rice Bran Health Oil (Jar),105000,1,6,103900,5000,False,5,1050.0,1039.0,11.0,Low Discount,In Stock,High-End,Bulk,Medium Pack,661
Munchies,Arden Desi Eggs,11000,13,4,9500,348,False,6,110.0,95.0,15.0,Medium Discount,Low Stock,Affordable,Medium,Large Pack,662
Munchies,Fortune Rozana Basmati Rice,58500,21,6,46200,5000,False,5,585.0,462.0,123.0,Medium Discount,In Stock,Mid-Range,Bulk,Medium Pack,663
Munchies,Fortune Biriyani Special Basmati Rice,17500,0,5,17500,1000,False,1,175.0,175.0,0.0,No Discount,Low Stock,Affordable,Heavy,Single,664
Munchies,Everest Garam Masala,7800,7,5,7200,100,False,100,78.0,72.0,6.0,Low Discount,Low Stock,Affordable,Light,Bulk Pack,665
Munchies,Popular Essentials Pumpkin Seeds,9000,16,6,7500,100,False,100,90.0,75.0,15.0,Medium Discount,In Stock,Affordable,Light,Bulk Pack,666
Munchies,Fortune Soya Health Refined Soybean Oil,21000,1,2,20600,1000,False,1,210.0,206.0,4.0,Low Discount,Low Stock,Mid-Range,Heavy,Single,667
Munchies,Gowardhan Pure Ghee Pouch,29500,4,6,28100,500,False,500,295.0,281.0,14.0,Low Discount,In Stock,Mid-Range,Medium,Bulk Pack,668
Munchies,Popular Essentials Jeera/Cumin Seeds,4000,5,3,3800,100,False,100,40.0,38.0,2.0,Low Discount,Low Stock,Budget,Light,Bulk Pack,669
Munchies,Weikfield Baking Soda,3000,3,6,2900,100,False,100,30.0,29.0,1.0,Low Discount,In Stock,Budget,Light,Bulk Pack,670
Munchies,Everest Pav Bhaji Masala,3700,10,4,3300,50,False,50,37.0,33.0,4.0,Low Discount,Low Stock,Budget,Light,Bulk Pack,671
Munchies,Tata Sampann Unpolished Chana Dal,9500,6,2,8900,1000,False,500,95.0,89.0,6.0,Low Discount,Low Stock,Affordable,Heavy,Bulk Pack,672
Munchies,Amul Mithai Mate EOE Tin,11200,2,6,10900,400,False,400,112.0,109.0,3.0,Low Discount,In Stock,Affordable,Medium,Bulk Pack,673
Munchies,Pillsbury Chakki Fresh Atta,45000,16,6,37500,10000,False,10,450.0,375.0,75.0,Medium Discount,In Stock,Mid-Range,Bulk,Large Pack,674
Munchies,Everest Chicken Masala,3900,2,1,3800,50,False,50,39.0,38.0,1.0,Low Discount,Low Stock,Budget,Light,Bulk Pack,675
Munchies,Dhara Life Refined Ricebran Oil (Pouch),20500,7,6,19000,1000,False,1,205.0,190.0,15.0,Low Discount,In Stock,Affordable,Heavy,Single,676
Munchies,Borges Extra Virgin Olive Oil,40000,25,1,29900,250,False,250,400.0,299.0,101.0,Medium Discount,Low Stock,Mid-Range,Light,Bulk Pack,677
Munchies,Everest Shahi Biryani Masala,7000,14,6,6000,50,False,50,70.0,60.0,10.0,Medium Discount,In Stock,Affordable,Light,Bulk Pack,678
Munchies,Popular Essentials Californian Almond,35000,28,6,25100,250,False,250,350.0,251.0,99.0,High Discount,In Stock,Mid-Range,Light,Bulk Pack,679
Munchies,Popular Essentials Ajwain Whole,2500,0,4,2500,50,False,50,25.0,25.0,0.0,No Discount,Low Stock,Budget,Light,Bulk Pack,680
Munchies,Everest Tikhalal Chilli Powder,23500,9,6,21200,500,False,500,235.0,212.0,23.0,Low Discount,In Stock,Mid-Range,Medium,Bulk Pack,681
Munchies,Popular Essentials Kabuli Chana Regular,8500,9,6,7700,500,False,500,85.0,77.0,8.0,Low Discount,In Stock,Affordable,Medium,Bulk Pack,682
Munchies,Pillsbury Chakki Fresh Atta,5200,0,4,5200,1000,False,1,52.0,52.0,0.0,No Discount,Low Stock,Affordable,Heavy,Single,683
Munchies,Popular Essentials Saunf/Fennel Seeds,4500,2,6,4400,100,False,100,45.0,44.0,1.0,Low Discount,In Stock,Budget,Light,Bulk Pack,684
Munchies,Popular Essentials Bansi Sooji,3500,2,3,3400,500,False,500,35.0,34.0,1.0,Low Discount,Low Stock,Budget,Medium,Bulk Pack,685
Munchies,Happilo Premium International Queen Kalmi Dates,24500,29,6,17200,200,False,200,245.0,172.0,73.0,High Discount,In Stock,Affordable,Light,Bulk Pack,686
Munchies,Tata Sampann Unpolished Urad Whole,10100,6,4,9400,500,False,500,101.0,94.0,7.0,Low Discount,Low Stock,Affordable,Medium,Bulk Pack,687
Munchies,Popular Essentials Cashew Split,32500,12,6,28300,250,False,250,325.0,283.0,42.0,Medium Discount,In Stock,Mid-Range,Light,Bulk Pack,688
Munchies,Popular Essentials Chana Dal (Un-Polished),6000,10,6,5400,500,False,500,60.0,54.0,6.0,Low Discount,In Stock,Affordable,Medium,Bulk Pack,689
Munchies,Tata Sampann Unpolished Rajma (Chitra),13400,6,6,12500,500,False,500,134.0,125.0,9.0,Low Discount,In Stock,Affordable,Medium,Bulk Pack,690
Munchies,Everest Garam Masala,4200,2,2,4100,50,False,50,42.0,41.0,1.0,Low Discount,Low Stock,Budget,Light,Bulk Pack,691
Munchies,Everest Kitchen King Masala,7000,14,2,6000,100,False,100,70.0,60.0,10.0,Medium Discount,Low Stock,Affordable,Light,Bulk Pack,692
Munchies,24 Mantra Organic Cumin,7000,7,2,6500,100,False,100,70.0,65.0,5.0,Low Discount,Low Stock,Affordable,Light,Bulk Pack,693
Munchies,Nestle Milkmaid,13200,3,6,12800,400,False,400,132.0,128.0,4.0,Low Discount,In Stock,Affordable,Medium,Bulk Pack,694
Munchies,Popular Essentials Sona Masouri Steam Rice,6500,9,6,5900,1000,False,1,65.0,59.0,6.0,Low Discount,In Stock,Affordable,Heavy,Single,695
Munchies,24 Mantra Organic Tur Dal,26000,20,6,20800,1000,False,1,260.0,208.0,52.0,Medium Discount,In Stock,Mid-Range,Heavy,Single,696
Munchies,Gits Gulab Jamun Instant Dessert Mix,9900,10,6,8900,200,False,200,99.0,89.0,10.0,Low Discount,In Stock,Affordable,Light,Bulk Pack,697
Munchies,Popular Essentials Black Masoor Whole (Un-Polished),6500,10,3,5800,500,False,500,65.0,58.0,7.0,Low Discount,Low Stock,Affordable,Medium,Bulk Pack,698
Munchies,24 Mantra Organic Peanuts,13500,7,1,12500,500,False,500,135.0,125.0,10.0,Low Discount,Low Stock,Affordable,Medium,Bulk Pack,699
Munchies,Everest Hingraj Powder,9000,10,2,8100,50,False,50,90.0,81.0,9.0,Low Discount,Low Stock,Affordable,Light,Bulk Pack,700
Munchies,Everest Black Pepper Powder,13500,14,6,11500,100,False,100,135.0,115.0,20.0,Medium Discount,In Stock,Affordable,Light,Bulk Pack,701
Munchies,Tata Sampann Masoor Dal Stand,15000,10,4,13400,1000,False,1,150.0,134.0,16.0,Low Discount,Low Stock,Affordable,Heavy,Single,702
Munchies,24 Mantra Organic Besan,9500,7,5,8800,500,False,500,95.0,88.0,7.0,Low Discount,Low Stock,Affordable,Medium,Bulk Pack,703
Munchies,Quaker Oats,19900,7,6,18400,1000,False,1,199.0,184.0,15.0,Low Discount,In Stock,Affordable,Heavy,Single,704
Munchies,Saffola Gold Refined Cooking Oil (Jar),48500,7,6,44900,2000,False,2,485.0,449.0,36.0,Low Discount,In Stock,Mid-Range,Extra Heavy,Small Pack,705
Munchies,Nestle Everyday Dairy Whitener,21000,0,4,21000,400,False,400,210.0,210.0,0.0,No Discount,Low Stock,Mid-Range,Medium,Bulk Pack,706
Munchies,24 Mantra Organic Red Poha,7500,8,1,6900,500,False,500,75.0,69.0,6.0,Low Discount,Low Stock,Affordable,Medium,Bulk Pack,707
Munchies,Everest Powder - Tea Masala,9800,9,5,8900,100,False,100,98.0,89.0,9.0,Low Discount,Low Stock,Affordable,Light,Bulk Pack,708
Munchies,Tata Sampann Urad Dal Split,9400,4,6,9000,500,False,500,94.0,90.0,4.0,Low Discount,In Stock,Affordable,Medium,Bulk Pack,709
Munchies,Popular Essentials Idli Sooji ,3000,6,6,2800,500,False,500,30.0,28.0,2.0,Low Discount,In Stock,Budget,Medium,Bulk Pack,710
Munchies,Popular Essentials Dessicated Coconut,9500,9,6,8600,200,False,200,95.0,86.0,9.0,Low Discount,In Stock,Affordable,Light,Bulk Pack,711
Munchies,Sunfeast Yippee! Mood Masala Noodles,6000,28,3,4300,260,False,260,60.0,43.0,17.0,High Discount,Low Stock,Budget,Medium,Bulk Pack,712
Munchies,Chef's Basket Durum Wheat Elbow Pasta,16000,50,6,8000,500,False,500,160.0,80.0,80.0,Very High Discount,In Stock,Affordable,Medium,Bulk Pack,713
Munchies,MTR Breakfast Khatta Meetha Poha Mix,2500,20,6,2000,60,False,60,25.0,20.0,5.0,Medium Discount,In Stock,Budget,Light,Bulk Pack,714
Munchies,Satyam Khobra,11300,10,5,10100,200,False,200,113.0,101.0,12.0,Low Discount,Low Stock,Affordable,Light,Bulk Pack,715
Munchies,Betty Crocker Complete Pancake Mix Original,11000,4,6,10500,250,False,500,110.0,105.0,5.0,Low Discount,In Stock,Affordable,Light,Bulk Pack,716
Munchies,Borges Durum Wheat Fusilli Pasta ,25000,0,3,25000,500,False,500,250.0,250.0,0.0,No Discount,Low Stock,Mid-Range,Medium,Bulk Pack,717
Munchies,24 Mantra Organic Green Moong Dal - Split,13500,0,2,13500,500,False,500,135.0,135.0,0.0,No Discount,Low Stock,Affordable,Medium,Bulk Pack,718
Munchies,Weikfield Vanilla Flavoured Custard Powder,3700,0,6,3700,100,False,100,37.0,37.0,0.0,No Discount,In Stock,Budget,Light,Bulk Pack,719
Munchies,Tata Sampann Moong Dal Split,18000,1,5,17800,1000,False,200,180.0,178.0,2.0,Low Discount,Low Stock,Affordable,Heavy,Bulk Pack,720
Munchies,Tata Sampann Kala Chana,6400,0,5,6400,500,False,500,64.0,64.0,0.0,No Discount,Low Stock,Affordable,Medium,Bulk Pack,721
Munchies,Saffola Soya Chunks Mealmaker,5000,0,2,5000,200,False,200,50.0,50.0,0.0,No Discount,Low Stock,Budget,Light,Bulk Pack,722
Munchies,24 Mantra Bura Sugar (Demerara),8000,10,6,7200,500,False,500,80.0,72.0,8.0,Low Discount,In Stock,Affordable,Medium,Bulk Pack,723
Munchies,Popular Essentials Green Cardamom (Elaichi),20000,1,6,19800,50,False,50,200.0,198.0,2.0,Low Discount,In Stock,Affordable,Light,Bulk Pack,724
Munchies,Hershey's Syrup Delicious Strawberry,9500,0,1,9500,200,False,200,95.0,95.0,0.0,No Discount,Low Stock,Affordable,Light,Bulk Pack,725
Munchies,Popular Essentials Anjeer,19000,11,4,16900,100,False,100,190.0,169.0,21.0,Medium Discount,Low Stock,Affordable,Light,Bulk Pack,726
Munchies,Popular Essentials Mustard Seeds Rai Small,2000,0,2,2000,100,False,100,20.0,20.0,0.0,No Discount,Low Stock,Budget,Light,Bulk Pack,727
Munchies,Weikfield Baking Powder,3300,3,6,3200,100,False,100,33.0,32.0,1.0,Low Discount,In Stock,Budget,Light,Bulk Pack,728
Munchies,Dabur Honey Squeezy,18500,9,6,16700,225,False,225,185.0,167.0,18.0,Low Discount,In Stock,Affordable,Light,Bulk Pack,729
Munchies,Tata Sampann High Protein Kali Urad,9100,14,6,7800,500,False,500,91.0,78.0,13.0,Medium Discount,In Stock,Affordable,Medium,Bulk Pack,730
Munchies,Everest Kitchen King Masala,3700,2,6,3600,50,False,50,37.0,36.0,1.0,Low Discount,In Stock,Budget,Light,Bulk Pack,731
Munchies,Chef's Basket Durum Wheat Fusilli Pasta,16000,50,6,8000,500,False,500,160.0,80.0,80.0,Very High Discount,In Stock,Affordable,Medium,Bulk Pack,732
Munchies,TilSona Til Oil,18000,10,2,16200,500,False,500,180.0,162.0,18.0,Low Discount,Low Stock,Affordable,Medium,Bulk Pack,733
Munchies,Top Ramen Chicken Noodles,6000,10,1,5400,280,False,280,60.0,54.0,6.0,Low Discount,Low Stock,Affordable,Medium,Bulk Pack,734
Munchies,Everest Chaat Masala,3500,2,1,3400,50,False,50,35.0,34.0,1.0,Low Discount,Low Stock,Budget,Light,Bulk Pack,735
Munchies,Keya Wonder Red Hot Chilli Flakes,8900,10,2,8000,40,False,40,89.0,80.0,9.0,Low Discount,Low Stock,Affordable,Light,Bulk Pack,736
Munchies,Popular Essentials White Peas (Un-Polished),8000,10,5,7200,500,False,500,80.0,72.0,8.0,Low Discount,Low Stock,Affordable,Medium,Bulk Pack,737
Munchies,Ching’s Secret Chowmein Hakka Noodles Masala ,4400,0,2,4400,60,False,60,44.0,44.0,0.0,No Discount,Low Stock,Budget,Light,Bulk Pack,738
Munchies,Dhara Filtered Groundnut Oil (Jar),105000,1,6,103500,5000,False,5,1050.0,1035.0,15.0,Low Discount,In Stock,High-End,Bulk,Medium Pack,739
Munchies,Pillsbury Choco Chip Pancake Mix,9900,5,6,9400,165,False,165,99.0,94.0,5.0,Low Discount,In Stock,Affordable,Light,Bulk Pack,740
Munchies,Hershey's Caramel Syrup,23000,0,1,23000,623,False,623,230.0,230.0,0.0,No Discount,Low Stock,Mid-Range,Heavy,Bulk Pack,741
Munchies,Pillsbury Multi Grain Atta,6000,6,3,5600,1000,False,1,60.0,56.0,4.0,Low Discount,Low Stock,Affordable,Heavy,Single,742
Munchies,McCain New Mini Samosa with Cheese Corn Style Filling,12000,1,2,11800,240,False,240,120.0,118.0,2.0,Low Discount,Low Stock,Affordable,Light,Bulk Pack,743
Munchies,Satyam Puffed Rice Kurmura (A),4300,0,6,4300,200,False,200,43.0,43.0,0.0,No Discount,In Stock,Budget,Light,Bulk Pack,744
Munchies,MTR 3 Min Poha,2500,0,6,2500,60,False,60,25.0,25.0,0.0,No Discount,In Stock,Budget,Light,Bulk Pack,745
Munchies,Ching's Manchurian Instant Noodles,1500,0,5,1500,60,False,60,15.0,15.0,0.0,No Discount,Low Stock,Budget,Light,Bulk Pack,746
Munchies,Everest Pav Bhaji Masala,7000,0,2,7000,100,False,100,70.0,70.0,0.0,No Discount,Low Stock,Affordable,Light,Bulk Pack,747
Munchies,Hershey's Chocolate Flavour Syrup,22000,6,6,20500,623,False,680,220.0,205.0,15.0,Low Discount,In Stock,Mid-Range,Heavy,Bulk Pack,748
Munchies,Popular Essentials Dhania (Coriander Seeds),5500,16,4,4600,200,False,200,55.0,46.0,9.0,Medium Discount,Low Stock,Budget,Light,Bulk Pack,749
Munchies,24 Mantra Red Chilly Whole,7000,7,1,6500,100,False,100,70.0,65.0,5.0,Low Discount,Low Stock,Affordable,Light,Bulk Pack,750
Munchies,Dabur Honey - World's No.1,12000,0,6,12000,250,False,250,120.0,120.0,0.0,No Discount,In Stock,Affordable,Light,Bulk Pack,751
Munchies,24 Mantra Organic Puffed Rice,4000,2,6,3900,200,False,200,40.0,39.0,1.0,Low Discount,In Stock,Budget,Light,Bulk Pack,752
Munchies,24 Mantra Organic Wheat Daliya ,4800,2,2,4700,500,False,500,48.0,47.0,1.0,Low Discount,Low Stock,Budget,Medium,Bulk Pack,753
Munchies,24 Mantra Organic Ragi Flour,6500,20,4,5200,500,False,500,65.0,52.0,13.0,Medium Discount,Low Stock,Affordable,Medium,Bulk Pack,754
Munchies,Popular Essentials Cinnamon Whole (Dalchini),3500,5,6,3300,25,False,25,35.0,33.0,2.0,Low Discount,In Stock,Budget,Light,Bulk Pack,755
Munchies,Sundrop Super Lite Advanced - Sunflower Oil,21500,0,4,21500,1000,False,1,215.0,215.0,0.0,No Discount,Low Stock,Mid-Range,Heavy,Single,756
Munchies,Pillsbury Atta/Godihittu - Chakki Fresh,10200,7,4,9400,2000,False,2,102.0,94.0,8.0,Low Discount,Low Stock,Affordable,Extra Heavy,Small Pack,757
Munchies,Popular Essentials Green Moong Chilka/Chilka (Un-Polished),8500,7,5,7900,500,False,500,85.0,79.0,6.0,Low Discount,Low Stock,Affordable,Medium,Bulk Pack,758
Munchies,Popular Essentials HMT Kolam Steam,7500,0,3,7500,1000,False,1,75.0,75.0,0.0,No Discount,Low Stock,Affordable,Heavy,Single,759
Munchies,Popular Essentials Black Urad Split,8000,10,4,7200,500,False,500,80.0,72.0,8.0,Low Discount,Low Stock,Affordable,Medium,Bulk Pack,760
Munchies,Keya Oregano,10900,10,5,9800,9,False,9,109.0,98.0,11.0,Low Discount,Low Stock,Affordable,Light,Large Pack,761
Munchies,Popular Essentials Pink Rajma,10000,10,6,9000,500,False,500,100.0,90.0,10.0,Low Discount,In Stock,Affordable,Medium,Bulk Pack,762
Munchies,Everest Chicken Masala,7400,2,6,7200,100,False,100,74.0,72.0,2.0,Low Discount,In Stock,Affordable,Light,Bulk Pack,763
Munchies,Popular Essentials HMT Kolam Steam,37000,10,6,33300,5000,False,5,370.0,333.0,37.0,Low Discount,In Stock,Mid-Range,Bulk,Medium Pack,764
Munchies,Everest Shahi Paneer Masala,4200,4,5,4000,50,False,50,42.0,40.0,2.0,Low Discount,Low Stock,Budget,Light,Bulk Pack,765
Munchies,Godrej Yummiez Chicken Nuggets,32500,9,1,29300,500,False,500,325.0,293.0,32.0,Low Discount,Low Stock,Mid-Range,Medium,Bulk Pack,766
Munchies,Flying Bird Vanilla Essence,3500,2,6,3400,20,False,20,35.0,34.0,1.0,Low Discount,In Stock,Budget,Light,Bulk Pack,767
Munchies,Everest Sabji Masala,3000,3,6,2900,50,False,50,30.0,29.0,1.0,Low Discount,In Stock,Budget,Light,Bulk Pack,768
Munchies,Popular Essentials Californian Almond,69500,32,6,47000,500,False,500,695.0,470.0,225.0,High Discount,In Stock,Mid-Range,Medium,Bulk Pack,769
Munchies,Cornitos Cornitos Taco Shells - 4 Inches,11000,20,6,8800,80,False,80,110.0,88.0,22.0,Medium Discount,In Stock,Affordable,Light,Bulk Pack,770
Munchies,Everest Rajma Masala,3300,3,5,3200,50,False,50,33.0,32.0,1.0,Low Discount,Low Stock,Budget,Light,Bulk Pack,771
Munchies,Popular Essentials White Til,4000,5,1,3800,100,False,100,40.0,38.0,2.0,Low Discount,Low Stock,Budget,Light,Bulk Pack,772
Munchies,Amul Dark Compound Chocolate Slab,12500,2,6,12200,500,False,500,125.0,122.0,3.0,Low Discount,In Stock,Affordable,Medium,Bulk Pack,773
Munchies,Mothers Recipe Papad Chana Masala,7900,10,6,7100,200,False,200,79.0,71.0,8.0,Low Discount,In Stock,Affordable,Light,Bulk Pack,774
Munchies,Ching's Schezwan Masala Instant Noodles,6000,0,1,6000,240,False,240,60.0,60.0,0.0,No Discount,Low Stock,Affordable,Light,Bulk Pack,775
Munchies,Amul Milk Compound Chocolate Slab,11000,2,6,10700,500,False,500,110.0,107.0,3.0,Low Discount,In Stock,Affordable,Medium,Bulk Pack,776
Munchies,Eastern Chicken Masala,7000,7,3,6500,100,False,100,70.0,65.0,5.0,Low Discount,Low Stock,Affordable,Light,Bulk Pack,777
Munchies,Popular Essentials Methi Seeds,2500,0,5,2500,100,False,100,25.0,25.0,0.0,No Discount,Low Stock,Budget,Light,Bulk Pack,778
Munchies,Saffola Yummy Masala Noodles ,2000,0,2,2000,46,False,46,20.0,20.0,0.0,No Discount,Low Stock,Budget,Light,Bulk Pack,779
Munchies,Cadbury Hot Chocolate,17500,5,6,16600,200,False,200,175.0,166.0,9.0,Low Discount,In Stock,Affordable,Light,Bulk Pack,780
Munchies,Ching's Chicken Chilli Masala,1000,0,6,1000,20,False,20,10.0,10.0,0.0,No Discount,In Stock,Budget,Light,Bulk Pack,781
Munchies,Dabur Keora water - Authentic flavour for Biryani's and Desserts,6200,6,6,5800,250,False,250,62.0,58.0,4.0,Low Discount,In Stock,Affordable,Light,Bulk Pack,782
Munchies,Popular Essentials Black Cardamom/Elaichi ,10000,10,6,9000,50,False,50,100.0,90.0,10.0,Low Discount,In Stock,Affordable,Light,Bulk Pack,783
Munchies,Popular Essentials Idli Rice,6000,10,4,5400,1000,False,1,60.0,54.0,6.0,Low Discount,Low Stock,Affordable,Heavy,Single,784
Munchies,Everest Chole Masala,3300,3,1,3200,50,False,50,33.0,32.0,1.0,Low Discount,Low Stock,Budget,Light,Bulk Pack,785
Munchies,Dabur Hommade Tamarind Paste,4800,6,6,4500,200,False,200,48.0,45.0,3.0,Low Discount,In Stock,Budget,Light,Bulk Pack,786
Munchies,"""Maggi Magic Cubes, Vegetarian Masala (Free 2 Cubes Inside)""",3500,2,6,3400,48,False,48,35.0,34.0,1.0,Low Discount,In Stock,Budget,Light,Bulk Pack,787
Munchies,Popular Essentials Cooking Soda,3000,10,6,2700,200,False,200,30.0,27.0,3.0,Low Discount,In Stock,Budget,Light,Bulk Pack,788
Munchies,RRO Primio Refined Groundnut Oil Pet Bottle,25500,6,2,23900,1000,False,1,255.0,239.0,16.0,Low Discount,Low Stock,Mid-Range,Heavy,Single,789
Munchies,Everest Pani Puri Masala,3100,3,6,3000,50,False,50,31.0,30.0,1.0,Low Discount,In Stock,Budget,Light,Bulk Pack,790
Munchies,Nissin Cup Noodles Tangy Tomato,5000,10,2,4500,70,False,70,50.0,45.0,5.0,Low Discount,Low Stock,Budget,Light,Bulk Pack,791
Munchies,Ching's Veg Manchurian Masala,1000,0,2,1000,20,False,20,10.0,10.0,0.0,No Discount,Low Stock,Budget,Light,Bulk Pack,792
Munchies,Ceres Foods Fish Mustard Instant Liquid Masala,22000,50,6,11000,200,False,200,220.0,110.0,110.0,Very High Discount,In Stock,Affordable,Light,Bulk Pack,793
Munchies,Everest Garam Masala,15800,10,6,14200,200,False,200,158.0,142.0,16.0,Low Discount,In Stock,Affordable,Light,Bulk Pack,794
Munchies,24 Mantra Organic Jowar Flour,7000,7,6,6500,500,False,500,70.0,65.0,5.0,Low Discount,In Stock,Affordable,Medium,Bulk Pack,795
Munchies,Maggi Coconut Milkpowder,10000,0,6,10000,100,False,100,100.0,100.0,0.0,No Discount,In Stock,Affordable,Light,Bulk Pack,796
Munchies,On1y Pepper Grinder,15900,9,1,14400,50,False,50,159.0,144.0,15.0,Low Discount,Low Stock,Affordable,Light,Bulk Pack,797
Munchies,Popular Essentials Rice Flour,6000,0,3,6000,1000,False,1,60.0,60.0,0.0,No Discount,Low Stock,Affordable,Heavy,Single,798
Munchies,Sunfeast Yippee! Pasta Treat - Sour Cream Onion,2800,10,1,2500,65,False,65,28.0,25.0,3.0,Low Discount,Low Stock,Budget,Light,Bulk Pack,799
Munchies,24 Mantra Organic Brown Sona Masoori Rice,9500,0,6,9500,1000,False,1,95.0,95.0,0.0,No Discount,In Stock,Affordable,Heavy,Single,800
Munchies,Happilo Premium Afghani Anjeer,36500,29,2,25600,200,False,200,365.0,256.0,109.0,High Discount,Low Stock,Mid-Range,Light,Bulk Pack,801
Munchies,Popular Essentials Chiroti Sooji,3500,2,6,3400,500,False,500,35.0,34.0,1.0,Low Discount,In Stock,Budget,Medium,Bulk Pack,802
Munchies,RRO Til Dil Premium Til Oil Bottle,33000,10,5,29400,1000,False,1,330.0,294.0,36.0,Low Discount,Low Stock,Mid-Range,Heavy,Single,803
Munchies,Popular Essentials Red Rajma,9000,10,6,8100,500,False,500,90.0,81.0,9.0,Low Discount,In Stock,Affordable,Medium,Bulk Pack,804
Munchies,Cornitos Peanut - Premium Salted ,12000,10,6,10800,150,False,150,120.0,108.0,12.0,Low Discount,In Stock,Affordable,Light,Bulk Pack,805
Munchies,Popular Essentials Black Pepper,10000,10,5,9000,100,False,100,100.0,90.0,10.0,Low Discount,Low Stock,Affordable,Light,Bulk Pack,806
Munchies,24 Mantra Organic Tur Dal - Split,13000,7,6,12000,500,False,500,130.0,120.0,10.0,Low Discount,In Stock,Affordable,Medium,Bulk Pack,807
Munchies,Sugarfree Gold Low Calorie Sweetner,6500,6,3,6100,110,False,100,65.0,61.0,4.0,Low Discount,Low Stock,Affordable,Light,Bulk Pack,808
Munchies,Ching's Secret Paneer Chilli Masala,1000,0,2,1000,20,False,20,10.0,10.0,0.0,No Discount,Low Stock,Budget,Light,Bulk Pack,809
Munchies,Dabur Honey ,22000,7,3,20400,500,False,500,220.0,204.0,16.0,Low Discount,Low Stock,Mid-Range,Medium,Bulk Pack,810
Munchies,Sunfeast Yippee! Pasta Treat - Sour Cream Onion,2800,17,3,2300,65,False,65,28.0,23.0,5.0,Medium Discount,Low Stock,Budget,Light,Bulk Pack,811
Munchies,Everest Tea Masala,5500,9,2,5000,50,False,50,55.0,50.0,5.0,Low Discount,Low Stock,Budget,Light,Bulk Pack,812
Munchies,Ching's Paneer Chilli Masala,4400,0,4,4400,60,False,60,44.0,44.0,0.0,No Discount,Low Stock,Budget,Light,Bulk Pack,813
Munchies,Sunfeast YiPPee! Magic Masala Noodles,7000,10,3,6300,405,False,405,70.0,63.0,7.0,Low Discount,Low Stock,Affordable,Medium,Bulk Pack,814
Munchies,Everest Meat Masala Powder,7400,9,3,6700,100,False,100,74.0,67.0,7.0,Low Discount,Low Stock,Affordable,Light,Bulk Pack,815
Munchies,Pillsbury Atta With Multigrains Wheat Grains,29500,16,6,24500,5000,False,5,295.0,245.0,50.0,Medium Discount,In Stock,Mid-Range,Bulk,Medium Pack,816
Munchies,Mother's Recipe Tamarind Paste,5000,2,6,4900,200,False,200,50.0,49.0,1.0,Low Discount,In Stock,Budget,Light,Bulk Pack,817
Munchies,Quaker Oats Breakfast Cereals - With Flavour Mix Nutritious Rich Source Of Energy,4900,8,6,4500,200,False,200,49.0,45.0,4.0,Low Discount,In Stock,Budget,Light,Bulk Pack,818
Munchies,Popular Essentials Cloves (Lavang),7500,17,6,6200,50,False,50,75.0,62.0,13.0,Medium Discount,In Stock,Affordable,Light,Bulk Pack,819
Munchies,Sunfeast Yippee! Power Up Atta Noodles,9600,15,6,8100,280,False,280,96.0,81.0,15.0,Medium Discount,In Stock,Affordable,Medium,Bulk Pack,820
Munchies,Suhana Paneer Tikka Masala Mix,4000,5,6,3800,50,False,50,40.0,38.0,2.0,Low Discount,In Stock,Budget,Light,Bulk Pack,821
Munchies,24 Mantra Turmeric Powder,3500,2,6,3400,100,False,100,35.0,34.0,1.0,Low Discount,In Stock,Budget,Light,Bulk Pack,822
Munchies,24 Mantra Super Grain Quinoa,19000,0,4,19000,500,False,500,190.0,190.0,0.0,No Discount,Low Stock,Affordable,Medium,Bulk Pack,823
Munchies,Everest Powder - Egg Curry Masala,4000,2,6,3900,50,False,50,40.0,39.0,1.0,Low Discount,In Stock,Budget,Light,Bulk Pack,824
Munchies,Popular Essentials Pe Shah Jeera ,6000,15,6,5100,50,False,50,60.0,51.0,9.0,Medium Discount,In Stock,Affordable,Light,Bulk Pack,825
Munchies,24 Mantra Organic Sattu Atta,9500,0,6,9500,500,False,500,95.0,95.0,0.0,No Discount,In Stock,Affordable,Medium,Bulk Pack,826
Munchies,Smith & Jones Pasta Masala,4600,0,6,4600,54,False,54,46.0,46.0,0.0,No Discount,In Stock,Budget,Light,Bulk Pack,827
Munchies,Weikfield Vanilla Custard Powder,14200,9,3,12800,500,False,500,142.0,128.0,14.0,Low Discount,Low Stock,Affordable,Medium,Bulk Pack,828
Munchies,Sugarfree Natura Low Calorie Sweetner ,30000,10,3,27000,42,False,42,300.0,270.0,30.0,Low Discount,Low Stock,Mid-Range,Light,Bulk Pack,829
Munchies,Pillsbury Vanilla Custard Powder,3700,2,6,3600,100,False,100,37.0,36.0,1.0,Low Discount,In Stock,Budget,Light,Bulk Pack,830
Munchies,24 Mantra Organic Rajma,14500,0,6,14500,500,False,500,145.0,145.0,0.0,No Discount,In Stock,Affordable,Medium,Bulk Pack,831
Munchies,Popular Essentials Broken Wheat/Daliya,3500,2,6,3400,500,False,500,35.0,34.0,1.0,Low Discount,In Stock,Budget,Medium,Bulk Pack,832
Munchies,Zorabian Chicken Smoked Ham,20500,5,1,19400,250,False,250,205.0,194.0,11.0,Low Discount,Low Stock,Affordable,Light,Bulk Pack,833
Munchies,Smith & Jones Peri Peri Masala,9900,0,6,9900,75,False,75,99.0,99.0,0.0,No Discount,In Stock,Affordable,Light,Bulk Pack,834
Munchies,Saffola Veggie Twist Masala Oats,19500,12,2,17100,500,False,500,195.0,171.0,24.0,Medium Discount,Low Stock,Affordable,Medium,Bulk Pack,835
Munchies,Popular Essentials Urad Dal Split (Un-Polished),8500,9,5,7700,500,False,500,85.0,77.0,8.0,Low Discount,Low Stock,Affordable,Medium,Bulk Pack,836
Munchies,Weikfield Baking Powder,2200,0,6,2200,50,False,50,22.0,22.0,0.0,No Discount,In Stock,Budget,Light,Bulk Pack,837
Munchies,Popular Essentials Bajra Whole,6500,13,6,5600,1000,False,1,65.0,56.0,9.0,Medium Discount,In Stock,Affordable,Heavy,Single,838
Munchies,Weikfield Veg Jelly Crystals - Strawberry,4500,2,6,4400,90,False,90,45.0,44.0,1.0,Low Discount,In Stock,Budget,Light,Bulk Pack,839
Munchies,Weikfield Veg Jelly Crystals - Raspberry,4500,2,6,4400,90,False,90,45.0,44.0,1.0,Low Discount,In Stock,Budget,Light,Bulk Pack,840
Munchies,Popular Essentials Masoor Dal Split (Un-Polished),7000,10,4,6300,500,False,500,70.0,63.0,7.0,Low Discount,Low Stock,Affordable,Medium,Bulk Pack,841
Munchies,Popular Essentials Ajwain Whole,5000,12,2,4400,100,False,100,50.0,44.0,6.0,Medium Discount,Low Stock,Budget,Light,Bulk Pack,842
Munchies,Popular Essentials Pista Salted (With Shell),47000,21,5,37100,250,False,250,470.0,371.0,99.0,Medium Discount,Low Stock,Mid-Range,Light,Bulk Pack,843
Munchies,The Bake Shop Bread Crumbs,5000,6,3,4700,400,False,400,50.0,47.0,3.0,Low Discount,Low Stock,Budget,Medium,Bulk Pack,844
Munchies,Popular Essentials Horse Gram,4000,10,4,3600,500,False,500,40.0,36.0,4.0,Low Discount,Low Stock,Budget,Medium,Bulk Pack,845
Munchies,Hershey's Chocolate Syrup,9500,0,4,9500,200,False,200,95.0,95.0,0.0,No Discount,Low Stock,Affordable,Light,Bulk Pack,846
Munchies,Godrej Yummiez Chilli Chicken Sausages ,16000,10,3,14400,250,False,250,160.0,144.0,16.0,Low Discount,Low Stock,Affordable,Light,Bulk Pack,847
Munchies,Everest Kasuri Methi,2500,0,6,2500,25,False,25,25.0,25.0,0.0,No Discount,In Stock,Budget,Light,Bulk Pack,848
Munchies,Satyam Makhana,20800,0,6,20800,100,False,100,208.0,208.0,0.0,No Discount,In Stock,Mid-Range,Light,Bulk Pack,849
Munchies,Everest Tandoori Chicken Masala,3900,2,5,3800,50,False,50,39.0,38.0,1.0,Low Discount,Low Stock,Budget,Light,Bulk Pack,850
Munchies,Weikfield Falooda Mix - Kesar Pista,4900,2,3,4800,200,False,200,49.0,48.0,1.0,Low Discount,Low Stock,Budget,Light,Bulk Pack,851
Munchies,Weikfield Cocoa Powder,7000,7,6,6500,50,False,50,70.0,65.0,5.0,Low Discount,In Stock,Affordable,Light,Bulk Pack,852
Munchies,Pantai Coconut Cream,15000,4,4,14300,400,False,400,150.0,143.0,7.0,Low Discount,Low Stock,Affordable,Medium,Bulk Pack,853
Munchies,Popular Essentials Coriander Seeds,1500,0,5,1500,50,False,50,15.0,15.0,0.0,No Discount,Low Stock,Budget,Light,Bulk Pack,854
Munchies,Ching's Singapore Curry Instant Noodles,6000,0,4,6000,240,False,240,60.0,60.0,0.0,No Discount,Low Stock,Affordable,Light,Bulk Pack,855
Munchies,Eastern Fish Masala,4800,2,5,4700,100,False,100,48.0,47.0,1.0,Low Discount,Low Stock,Budget,Light,Bulk Pack,856
Munchies,Pillsbury Atta/Godihittu - Chakki Fresh,27500,0,6,27500,5000,False,5,275.0,275.0,0.0,No Discount,In Stock,Mid-Range,Bulk,Medium Pack,857
Munchies,"Oleev Smart Oil Fortified with VIT A, D, E & K (Pouch)",21500,9,4,19400,1000,False,1,215.0,194.0,21.0,Low Discount,Low Stock,Affordable,Heavy,Single,858
Munchies,Everest Dry Ginger Powder,7500,9,4,6800,100,False,100,75.0,68.0,7.0,Low Discount,Low Stock,Affordable,Light,Bulk Pack,859
Munchies,Pillsbury Cooker Cake Mix - Choco,10000,11,6,8900,159,False,159,100.0,89.0,11.0,Medium Discount,In Stock,Affordable,Light,Bulk Pack,860
Munchies,Hersheys Chocolate Almond Syrup,20000,0,2,20000,450,False,450,200.0,200.0,0.0,No Discount,Low Stock,Affordable,Medium,Bulk Pack,861
Munchies,Satyam Nighties Spices  Chilli Pandi,5600,7,5,5200,100,False,100,56.0,52.0,4.0,Low Discount,Low Stock,Affordable,Light,Bulk Pack,862
Munchies,Popular Essentials Popular Essential Pista Salted (With Shell),19000,10,6,17100,100,False,100,190.0,171.0,19.0,Low Discount,In Stock,Affordable,Light,Bulk Pack,863
Munchies,Godrej Yummiez Chicken Punjabi Tikka ,29500,9,6,26600,360,False,360,295.0,266.0,29.0,Low Discount,In Stock,Mid-Range,Medium,Bulk Pack,864
Munchies,Popular Essentials Rozana Sona Masuri Raw Rice,35000,10,5,31200,5000,False,5,350.0,312.0,38.0,Low Discount,Low Stock,Mid-Range,Bulk,Medium Pack,865
Munchies,24 Mantra Mustard Oil (Cold Pressed) ,35000,10,6,31200,1000,False,1,350.0,312.0,38.0,Low Discount,In Stock,Mid-Range,Heavy,Single,866
Munchies,24 Mantra Organic Black Pepper,17000,7,6,15700,100,False,100,170.0,157.0,13.0,Low Discount,In Stock,Affordable,Light,Bulk Pack,867
Munchies,Popular Essentials Green Moong Whole,9000,16,3,7500,500,False,500,90.0,75.0,15.0,Medium Discount,Low Stock,Affordable,Medium,Bulk Pack,868
Munchies,24 Mantra Organic Masoor Dal - Split,9500,7,6,8800,500,False,500,95.0,88.0,7.0,Low Discount,In Stock,Affordable,Medium,Bulk Pack,869
Munchies,Praakritik Organic Natural Rock Salt,6000,6,3,5600,500,False,500,60.0,56.0,4.0,Low Discount,Low Stock,Affordable,Medium,Bulk Pack,870
Munchies,24 Mantra Sunflower Oil (Cold Pressed) Pet Bottle,39000,11,5,34700,1000,False,1,390.0,347.0,43.0,Medium Discount,Low Stock,Mid-Range,Heavy,Single,871
Munchies,"Ching's Secret Instant Noodles, Hot Garlic",6000,0,4,6000,240,False,240,60.0,60.0,0.0,No Discount,Low Stock,Affordable,Light,Bulk Pack,872
Munchies,Saffola Everyday Peppy Tomato Masala Oats,19500,12,6,17100,500,False,500,195.0,171.0,24.0,Medium Discount,In Stock,Affordable,Medium,Bulk Pack,873
Munchies,Dabur 100% Pure Honey - Worlds No.1,43000,10,6,38700,1000,False,1,430.0,387.0,43.0,Low Discount,In Stock,Mid-Range,Heavy,Single,874
Munchies,Popular Essentials Star Anise,7000,10,5,6300,25,False,25,70.0,63.0,7.0,Low Discount,Low Stock,Affordable,Light,Bulk Pack,875
Munchies,Ching's Secret Chicken 65 Masala - Chicken,1000,0,5,1000,20,False,20,10.0,10.0,0.0,No Discount,Low Stock,Budget,Light,Bulk Pack,876
Munchies,Cadbury Cocoa Powder,22300,5,6,21100,150,False,150,223.0,211.0,12.0,Low Discount,In Stock,Mid-Range,Light,Bulk Pack,877
Munchies,Praakritik Natural Desi Gir Cow A2 Ghee,145000,10,6,130500,540,False,540,1450.0,1305.0,145.0,Low Discount,In Stock,High-End,Heavy,Bulk Pack,878
Munchies,Praakritik Organic Poha,12000,6,5,11200,500,False,500,120.0,112.0,8.0,Low Discount,Low Stock,Affordable,Medium,Bulk Pack,879
Munchies,Praakritik Organic Natural Wild Forest Honey,16000,6,4,15000,200,False,200,160.0,150.0,10.0,Low Discount,Low Stock,Affordable,Light,Bulk Pack,880
Munchies,Popular Essentials Dry Dates (Kharak),14000,15,6,11800,250,False,250,140.0,118.0,22.0,Medium Discount,In Stock,Affordable,Light,Bulk Pack,881
Munchies,Popular Essentials Kashmiri Red Rajma,9500,6,4,8900,500,False,500,95.0,89.0,6.0,Low Discount,Low Stock,Affordable,Medium,Bulk Pack,882
Munchies,Dabur Hommade - Garlic Paste,5000,6,6,4700,200,False,200,50.0,47.0,3.0,Low Discount,In Stock,Budget,Light,Bulk Pack,883
Munchies,Dabur 100% Pure Honey,33000,10,1,29700,400,False,400,330.0,297.0,33.0,Low Discount,Low Stock,Mid-Range,Medium,Bulk Pack,884
Munchies,Ching's Schezwan Fried Rice(Miracle Masala),4400,0,5,4400,60,False,60,44.0,44.0,0.0,No Discount,Low Stock,Budget,Light,Bulk Pack,885
Munchies,"""Maggi Magic Cubes, Vegetarian Masala""",3500,2,1,3400,40,False,40,35.0,34.0,1.0,Low Discount,Low Stock,Budget,Light,Bulk Pack,886
Munchies,Everest Tandoori Chicken Masala,7400,9,3,6700,100,False,100,74.0,67.0,7.0,Low Discount,Low Stock,Affordable,Light,Bulk Pack,887
Munchies,Popular Essentials Red Poha,4500,4,6,4300,500,False,500,45.0,43.0,2.0,Low Discount,In Stock,Budget,Medium,Bulk Pack,888
Munchies,Everest Kitchen King Masala,14200,9,6,12800,200,False,200,142.0,128.0,14.0,Low Discount,In Stock,Affordable,Light,Bulk Pack,889
Munchies,Pillsbury Oven Cake Mix - Rich Chocolate,16500,10,5,14700,285,False,285,165.0,147.0,18.0,Low Discount,Low Stock,Affordable,Medium,Bulk Pack,890
Munchies,Eastern Super Garam Masala,7400,6,2,6900,200,False,200,74.0,69.0,5.0,Low Discount,Low Stock,Affordable,Light,Bulk Pack,891
Munchies,Maggi Magic Cubes Extra Chicken,4000,2,6,3900,48,False,48,40.0,39.0,1.0,Low Discount,In Stock,Budget,Light,Bulk Pack,892
Munchies,Satyam Nighties Spices  Chilli Kashmiri,10200,6,6,9500,100,False,100,102.0,95.0,7.0,Low Discount,In Stock,Affordable,Light,Bulk Pack,893
Munchies,Eastern Cumin Powder,4900,2,6,4800,100,False,100,49.0,48.0,1.0,Low Discount,In Stock,Budget,Light,Bulk Pack,894
Munchies,Popular Essentials Urad Gola White(Un-Polished),9000,10,6,8100,500,False,500,90.0,81.0,9.0,Low Discount,In Stock,Affordable,Medium,Bulk Pack,895
Munchies,24 Mantra Organic Chana Dal,9500,6,5,8900,500,False,500,95.0,89.0,6.0,Low Discount,Low Stock,Affordable,Medium,Bulk Pack,896
Munchies,Delight Nuts Cashew Roasted & Salted,42500,20,6,34000,200,False,200,425.0,340.0,85.0,Medium Discount,In Stock,Mid-Range,Light,Bulk Pack,897
Munchies,Popular Essentials Mace/Javitri,9000,10,3,8100,20,False,20,90.0,81.0,9.0,Low Discount,Low Stock,Affordable,Light,Bulk Pack,898
Munchies,Dlicia Whip Topping Bottle,23500,27,5,17100,1000,False,1,235.0,171.0,64.0,High Discount,Low Stock,Affordable,Heavy,Single,899
Munchies,Mother's Recipe Paste Ginger & Garlic,7600,10,4,6800,300,False,300,76.0,68.0,8.0,Low Discount,Low Stock,Affordable,Medium,Bulk Pack,900
Munchies,24 Mantra Groundnut Oil (Cold Pressed) Pet Bottle,41000,10,6,36900,1000,False,1,410.0,369.0,41.0,Low Discount,In Stock,Mid-Range,Heavy,Single,901
Munchies,Satyam Pulses Masur Dal,8700,6,6,8100,500,False,500,87.0,81.0,6.0,Low Discount,In Stock,Affordable,Medium,Bulk Pack,902
Munchies,Delight Nuts Pista Roasted & Salted,42500,20,6,34000,200,False,200,425.0,340.0,85.0,Medium Discount,In Stock,Mid-Range,Light,Bulk Pack,903
Munchies,"Top Ramen Noodles, Atta",8000,0,1,8000,280,False,280,80.0,80.0,0.0,No Discount,Low Stock,Affordable,Medium,Bulk Pack,904
Munchies,Hershey's Cocoa Powder,9500,0,5,9500,70,False,70,95.0,95.0,0.0,No Discount,Low Stock,Affordable,Light,Bulk Pack,905
Munchies,Praakritik Organic Singhara Atta,24000,6,4,22500,500,False,500,240.0,225.0,15.0,Low Discount,Low Stock,Mid-Range,Medium,Bulk Pack,906
Munchies,Gits Veg Biryani Ready to Eat,11000,10,6,9900,265,False,265,110.0,99.0,11.0,Low Discount,In Stock,Affordable,Medium,Bulk Pack,907
Munchies,Delight Nuts Cranberries Sliced ,29900,20,6,23900,200,False,200,299.0,239.0,60.0,Medium Discount,In Stock,Mid-Range,Light,Bulk Pack,908
Munchies,Borges Durum Wheat Pasta Superior Quality,25000,40,6,14900,500,False,500,250.0,149.0,101.0,High Discount,In Stock,Affordable,Medium,Bulk Pack,909
Munchies,Ceres Foods Laal Maas Instant Liquid Masala,22000,50,5,11000,200,False,200,220.0,110.0,110.0,Very High Discount,Low Stock,Affordable,Light,Bulk Pack,910
Munchies,Popular Essentials Sattu Atta,9000,12,3,7900,500,False,500,90.0,79.0,11.0,Medium Discount,Low Stock,Affordable,Medium,Bulk Pack,911
Munchies,Popular Essentials Mustard Seeds Rai Yellow,2500,0,5,2500,100,False,100,25.0,25.0,0.0,No Discount,Low Stock,Budget,Light,Bulk Pack,912
Munchies,Praakritik Organic Extra Virgin Coconut Oil,15000,10,5,13400,100,False,100,150.0,134.0,16.0,Low Discount,Low Stock,Affordable,Light,Bulk Pack,913
Munchies,Praakritik Organic Garlic Powder,11000,1,5,10800,100,False,100,110.0,108.0,2.0,Low Discount,Low Stock,Affordable,Light,Bulk Pack,914
Munchies,Sugarfree Gold Low Calorie Sweetner ,12500,5,6,11800,100,False,100,125.0,118.0,7.0,Low Discount,In Stock,Affordable,Light,Bulk Pack,915
Munchies,Aashirvaad Breakfast Instant Mix - Rice Idli,7500,30,6,5200,200,False,200,75.0,52.0,23.0,High Discount,In Stock,Affordable,Light,Bulk Pack,916
Munchies,Kitchens Of India Mutter Paneer,13000,4,6,12400,285,False,285,130.0,124.0,6.0,Low Discount,In Stock,Affordable,Medium,Bulk Pack,917
Munchies,Ching's Secret Veg Manchurian Masala,4400,0,6,4400,60,False,60,44.0,44.0,0.0,No Discount,In Stock,Budget,Light,Bulk Pack,918
Munchies,Popular Essentials Jowa Flour,5000,2,5,4900,500,False,500,50.0,49.0,1.0,Low Discount,Low Stock,Budget,Medium,Bulk Pack,919
Munchies,Everest Shahi Biryani Masala,24500,0,6,24500,200,False,200,245.0,245.0,0.0,No Discount,In Stock,Mid-Range,Light,Bulk Pack,920
Munchies,Popular Essentials Black Til,5000,6,4,4700,100,False,100,50.0,47.0,3.0,Low Discount,Low Stock,Budget,Light,Bulk Pack,921
Munchies,Popular Essentials Pancharatna Dal,8000,10,6,7200,500,False,500,80.0,72.0,8.0,Low Discount,In Stock,Affordable,Medium,Bulk Pack,922
Munchies,Saffola 100% Pure Honey,47500,8,2,43700,1000,False,750,475.0,437.0,38.0,Low Discount,Low Stock,Mid-Range,Heavy,Bulk Pack,923
Munchies,Popular Essentials Tamarind,15000,14,6,12800,500,False,500,150.0,128.0,22.0,Medium Discount,In Stock,Affordable,Medium,Bulk Pack,924
Munchies,Gits Rice Dosa Instant Breakfast Mix,6000,5,5,5700,200,False,200,60.0,57.0,3.0,Low Discount,Low Stock,Affordable,Light,Bulk Pack,925
Munchies,Popular Essentials Poppy Seeds (Gasagase),28000,7,6,26000,100,False,100,280.0,260.0,20.0,Low Discount,In Stock,Mid-Range,Light,Bulk Pack,926
Munchies,Hershey's Hot Chocolate Powder,21000,0,4,21000,250,False,250,210.0,210.0,0.0,No Discount,Low Stock,Mid-Range,Light,Bulk Pack,927
Munchies,Borges Farfalle Durum Wheat Pasta ,25000,0,5,25000,500,False,500,250.0,250.0,0.0,No Discount,Low Stock,Mid-Range,Medium,Bulk Pack,928
Munchies,Satyam Chilli  Bedgi,8200,10,5,7300,100,False,100,82.0,73.0,9.0,Low Discount,Low Stock,Affordable,Light,Bulk Pack,929
Munchies,Aashirvaad Instant Mix - Rice Dosa,7500,30,6,5200,200,False,200,75.0,52.0,23.0,High Discount,In Stock,Affordable,Light,Bulk Pack,930
Munchies,Hershey's Cocoa - Natural Unsweetened,27000,10,4,24300,225,False,225,270.0,243.0,27.0,Low Discount,Low Stock,Mid-Range,Light,Bulk Pack,931
Munchies,Weikfield Veg Jelly Crystals - Mango,4500,2,6,4400,90,False,90,45.0,44.0,1.0,Low Discount,In Stock,Budget,Light,Bulk Pack,932
Munchies,Praakritik Orrganic Cold Pressed Sesame Oil,13000,10,5,11700,100,False,100,130.0,117.0,13.0,Low Discount,Low Stock,Affordable,Light,Bulk Pack,933
Munchies,Amulya Dairy Whitener ,38000,2,4,37200,1000,False,1,380.0,372.0,8.0,Low Discount,Low Stock,Mid-Range,Heavy,Single,934
Munchies,ITC Master Chef Hyderabadi Biryani,7500,30,5,5200,80,False,80,75.0,52.0,23.0,High Discount,Low Stock,Affordable,Light,Bulk Pack,935
Munchies,Flying Bird Butter Scotch Essence,5000,2,6,4900,20,False,20,50.0,49.0,1.0,Low Discount,In Stock,Budget,Light,Bulk Pack,936
Munchies,Dabur Hommade - Ginger Paste,5000,6,6,4700,200,False,200,50.0,47.0,3.0,Low Discount,In Stock,Budget,Light,Bulk Pack,937
Munchies,Popular Essentials Green Peas (Un-Polished),12000,10,5,10800,500,False,500,120.0,108.0,12.0,Low Discount,Low Stock,Affordable,Medium,Bulk Pack,938
Munchies,Quaker Oats Pouch,27600,10,6,24800,1500,False,1,276.0,248.0,28.0,Low Discount,In Stock,Mid-Range,Extra Heavy,Single,939
Munchies,24 Mantra Organic Urad White Whole,14500,15,4,12200,500,False,500,145.0,122.0,23.0,Medium Discount,Low Stock,Affordable,Medium,Bulk Pack,940
Munchies,Popular Essentials Guntur Chilli Stemless,4000,2,2,3900,100,False,100,40.0,39.0,1.0,Low Discount,Low Stock,Budget,Light,Bulk Pack,941
Munchies,Popular Essentials Moth Whole,9000,10,6,8100,500,False,500,90.0,81.0,9.0,Low Discount,In Stock,Affordable,Medium,Bulk Pack,942
Munchies,Keya Pizza Seasoning,10900,17,6,9000,45,False,45,109.0,90.0,19.0,Medium Discount,In Stock,Affordable,Light,Bulk Pack,943
Munchies,Keya Piri Piri | Exotic Spices Mix,10900,20,6,8700,80,False,80,109.0,87.0,22.0,Medium Discount,In Stock,Affordable,Light,Bulk Pack,944
Munchies,24 Mantra Organic Moong Dal,13500,7,6,12500,500,False,500,135.0,125.0,10.0,Low Discount,In Stock,Affordable,Medium,Bulk Pack,945
Munchies,Betty Crocker French Vanilla Cake Mix,31000,10,6,27600,520,False,520,310.0,276.0,34.0,Low Discount,In Stock,Mid-Range,Heavy,Bulk Pack,946
Munchies,Delight Nuts Dried Cranberries ,34000,20,6,27200,200,False,200,340.0,272.0,68.0,Medium Discount,In Stock,Mid-Range,Light,Bulk Pack,947
Munchies,Everest Kesari Milk Masala,20500,0,2,20500,50,False,50,205.0,205.0,0.0,No Discount,Low Stock,Mid-Range,Light,Bulk Pack,948
Munchies,Tong Garden Salted Cocktail Nuts,29500,9,5,26600,160,False,160,295.0,266.0,29.0,Low Discount,Low Stock,Mid-Range,Light,Bulk Pack,949
Munchies,MTR Uttapam Mix,16500,5,6,15600,500,False,500,165.0,156.0,9.0,Low Discount,In Stock,Affordable,Medium,Bulk Pack,950
Munchies,Gits Khaman Dhokla Instant Snack Mix,6500,6,6,6100,180,False,180,65.0,61.0,4.0,Low Discount,In Stock,Affordable,Light,Bulk Pack,951
Munchies,Happilo Premium 100% Natural Whole Cashews,33500,29,6,23500,200,False,200,335.0,235.0,100.0,High Discount,In Stock,Mid-Range,Light,Bulk Pack,952
Munchies,Everest Dry Mango Powder,8000,0,5,8000,100,False,100,80.0,80.0,0.0,No Discount,Low Stock,Affordable,Light,Bulk Pack,953
Munchies,Dabur Hommade - Ginger Garlic Past Tub,11000,5,6,10400,400,False,400,110.0,104.0,6.0,Low Discount,In Stock,Affordable,Medium,Bulk Pack,954
Munchies,Everest Chicken Masala,14700,10,6,13200,200,False,200,147.0,132.0,15.0,Low Discount,In Stock,Affordable,Light,Bulk Pack,955
Munchies,Gits Medu Vada Instant Snack Mix,9000,4,6,8600,200,False,200,90.0,86.0,4.0,Low Discount,In Stock,Affordable,Light,Bulk Pack,956
Munchies,Weikfield Drinking Chocolate Powder,6500,10,6,5800,100,False,100,65.0,58.0,7.0,Low Discount,In Stock,Affordable,Light,Bulk Pack,957
Munchies,Popular Essentials Regular White Lobia,7000,10,6,6300,500,False,500,70.0,63.0,7.0,Low Discount,In Stock,Affordable,Medium,Bulk Pack,958
Munchies,Puro Healthy Salt Crystal,13500,7,6,12500,1000,False,1,135.0,125.0,10.0,Low Discount,In Stock,Affordable,Heavy,Single,959
Munchies,Popular Essentials Premium Jeera Rice,14000,0,5,14000,1000,False,1,140.0,140.0,0.0,No Discount,Low Stock,Affordable,Heavy,Single,960
Munchies,Smith & Jones Shahi Paneer Masala Mix,4400,0,6,4400,60,False,60,44.0,44.0,0.0,No Discount,In Stock,Budget,Light,Bulk Pack,961
Munchies,Betty Crocker Mug Treats - Chocolate Mix - Pack of 4,20000,11,6,17800,264,False,264,200.0,178.0,22.0,Medium Discount,In Stock,Affordable,Medium,Bulk Pack,962
Munchies,Smith & Jones Pasta Masala,6000,10,5,5400,108,False,108,60.0,54.0,6.0,Low Discount,Low Stock,Affordable,Light,Bulk Pack,963
Munchies,Catch Black Pepper Sprinkler,10000,0,1,10000,50,False,50,100.0,100.0,0.0,No Discount,Low Stock,Affordable,Light,Bulk Pack,964
Munchies,Weikfield Cooker Cake Mix - Chocolate,9500,6,6,8900,150,False,150,95.0,89.0,6.0,Low Discount,In Stock,Affordable,Light,Bulk Pack,965
Munchies,ITC Master Chef Butter Chicken,7500,30,6,5200,80,False,80,75.0,52.0,23.0,High Discount,In Stock,Affordable,Light,Bulk Pack,966
Munchies,Masala Oats Masala & Coriander ,19500,9,5,17600,500,False,500,195.0,176.0,19.0,Low Discount,Low Stock,Affordable,Medium,Bulk Pack,967
Munchies,Smith & Jones Mutter Paneer Masala,4200,0,6,4200,60,False,60,42.0,42.0,0.0,No Discount,In Stock,Budget,Light,Bulk Pack,968
Munchies,Kitchens of India Dal Bukhara Gravy Mix,11000,30,6,7700,285,False,285,110.0,77.0,33.0,High Discount,In Stock,Affordable,Medium,Bulk Pack,969
Munchies,Popular Essentials Fried Gram (Bengal Gram),7000,10,6,6300,500,False,500,70.0,63.0,7.0,Low Discount,In Stock,Affordable,Medium,Bulk Pack,970
Munchies,Gits Jalebi with Maker Dessert Mix,7500,16,6,6300,100,False,100,75.0,63.0,12.0,Medium Discount,In Stock,Affordable,Light,Bulk Pack,971
Munchies,Popular Essentials Soya Beans ,8000,6,6,7500,500,False,500,80.0,75.0,5.0,Low Discount,In Stock,Affordable,Medium,Bulk Pack,972
Munchies,24 Mantra Organic Roasted Bengal Gram Dal,10500,7,6,9700,500,False,500,105.0,97.0,8.0,Low Discount,In Stock,Affordable,Medium,Bulk Pack,973
Munchies,Keya Italian Seasoning,10900,10,6,9800,35,False,35,109.0,98.0,11.0,Low Discount,In Stock,Affordable,Light,Bulk Pack,974
Munchies,MTR Idli/Dosa/Chilly Chutney Powder,11500,0,3,11500,200,False,200,115.0,115.0,0.0,No Discount,Low Stock,Affordable,Light,Bulk Pack,975
Munchies,Delight Nuts Trail Mix ,39900,25,6,29900,200,False,200,399.0,299.0,100.0,Medium Discount,In Stock,Mid-Range,Light,Bulk Pack,976
Munchies,Praakritik Organic Chilka Moong Dal,12000,10,6,10800,500,False,500,120.0,108.0,12.0,Low Discount,In Stock,Affordable,Medium,Bulk Pack,977
Munchies,Smith & Jones Garlic & Herbs Masala Mix,9900,0,6,9900,75,False,75,99.0,99.0,0.0,No Discount,In Stock,Affordable,Light,Bulk Pack,978
Munchies,Eastern Tamarind,6300,0,6,6300,200,False,200,63.0,63.0,0.0,No Discount,In Stock,Affordable,Light,Bulk Pack,979
Munchies,Tong Garden Wasabi Coated Greenpeas Tin,20000,11,6,17800,180,False,180,200.0,178.0,22.0,Medium Discount,In Stock,Affordable,Light,Bulk Pack,980
Munchies,Flying Bird Pineapple Artifical Food Essence,5000,2,6,4900,20,False,20,50.0,49.0,1.0,Low Discount,In Stock,Budget,Light,Bulk Pack,981
Munchies,Mother's Recipe Tamarind Paste,5000,2,2,4900,200,False,200,50.0,49.0,1.0,Low Discount,Low Stock,Budget,Light,Bulk Pack,982
Munchies,Japanese Choice Udon Noodles,29500,9,6,26600,250,False,250,295.0,266.0,29.0,Low Discount,In Stock,Mid-Range,Light,Bulk Pack,983
Munchies,Pantai Coconut Milk,15000,0,4,15000,400,False,400,150.0,150.0,0.0,No Discount,Low Stock,Affordable,Medium,Bulk Pack,984
Munchies,Praakritik Organic Masoor Dal,13000,10,6,11600,500,False,500,130.0,116.0,14.0,Low Discount,In Stock,Affordable,Medium,Bulk Pack,985
Munchies,Popular Essentials Classic Sona Masuri Rice,43000,10,6,38700,5000,False,5,430.0,387.0,43.0,Low Discount,In Stock,Mid-Range,Bulk,Medium Pack,986
Munchies,Popular Essentials Salted Murmure ,7000,18,6,5700,400,False,400,70.0,57.0,13.0,Medium Discount,In Stock,Affordable,Medium,Bulk Pack,987
Munchies,Oleev Active Oil (Pouch),26500,9,6,23900,1000,False,1,265.0,239.0,26.0,Low Discount,In Stock,Mid-Range,Heavy,Single,988
Munchies,Delight Nuts Dried Blueberries ,54000,20,6,43200,150,False,150,540.0,432.0,108.0,Medium Discount,In Stock,Mid-Range,Light,Bulk Pack,989
Munchies,Popular Essentials Double Beans White,6000,10,6,5400,250,False,250,60.0,54.0,6.0,Low Discount,In Stock,Affordable,Light,Bulk Pack,990
Munchies,Delight Nuts Almond Natural ,34900,20,6,27900,200,False,200,349.0,279.0,70.0,Medium Discount,In Stock,Mid-Range,Light,Bulk Pack,991
Munchies,Praakritik Organic Jaggery,16000,6,6,15000,900,False,900,160.0,150.0,10.0,Low Discount,In Stock,Affordable,Heavy,Bulk Pack,992
Munchies,Praakritik Organic Raw Sugar,9000,6,6,8400,500,False,500,90.0,84.0,6.0,Low Discount,In Stock,Affordable,Medium,Bulk Pack,993
Munchies,MTR Masala - Sambar Powder,11500,0,4,11500,200,False,200,115.0,115.0,0.0,No Discount,Low Stock,Affordable,Light,Bulk Pack,994
Munchies,RRO Til Dil Premium Til Oil Bottle,17300,6,6,16200,500,False,500,173.0,162.0,11.0,Low Discount,In Stock,Affordable,Medium,Bulk Pack,995
Munchies,ITC Master Chef Vegetable Biryani Cooking Paste,7500,30,5,5200,80,False,80,75.0,52.0,23.0,High Discount,Low Stock,Affordable,Light,Bulk Pack,996
Munchies,Jivana Jaggery,10000,0,2,10000,950,False,950,100.0,100.0,0.0,No Discount,Low Stock,Affordable,Heavy,Bulk Pack,997
Munchies,Praakritik Organic Besan,17000,6,6,15900,500,False,500,170.0,159.0,11.0,Low Discount,In Stock,Affordable,Medium,Bulk Pack,998
Munchies,MTR Instant Gulab Jamun Mix,19500,9,6,17600,500,False,500,195.0,176.0,19.0,Low Discount,In Stock,Affordable,Medium,Bulk Pack,999
Munchies,Maggi Magic Cubes Extra Chicken,19900,0,2,19900,240,False,240,199.0,199.0,0.0,No Discount,Low Stock,Affordable,Light,Bulk Pack,1000
Munchies,On1y Mixed Herbs,9900,0,6,9900,14,False,14,99.0,99.0,0.0,No Discount,In Stock,Affordable,Light,Bulk Pack,1001
Munchies,Popular Essentials Urad Gola Black (Un-Polished),8000,10,6,7200,500,False,500,80.0,72.0,8.0,Low Discount,In Stock,Affordable,Medium,Bulk Pack,1002
Munchies,Gits Dessert Mix China Grass Bombay Halwa,5500,0,4,5500,80,False,80,55.0,55.0,0.0,No Discount,Low Stock,Affordable,Light,Bulk Pack,1003
Munchies,Praakritik Organic Basmati Rice,17000,0,5,17000,500,False,500,170.0,170.0,0.0,No Discount,Low Stock,Affordable,Medium,Bulk Pack,1004
Munchies,Ceres Foods Nalli Nihari Instant Liquid Masala,22000,50,6,11000,200,False,200,220.0,110.0,110.0,Very High Discount,In Stock,Affordable,Light,Bulk Pack,1005
Munchies,Borges Canola Oil Pet Bottle,39900,0,6,39900,1000,False,1,399.0,399.0,0.0,No Discount,In Stock,Mid-Range,Heavy,Single,1006
Munchies,Suhana Biryani Masala,6600,0,6,6600,50,False,50,66.0,66.0,0.0,No Discount,In Stock,Affordable,Light,Bulk Pack,1007
Munchies,On1y Black Salt Grinder,9900,0,6,9900,100,False,100,99.0,99.0,0.0,No Discount,In Stock,Affordable,Light,Bulk Pack,1008
Munchies,Popular Essentials Nylon Til,4000,2,6,3900,100,False,100,40.0,39.0,1.0,Low Discount,In Stock,Budget,Light,Bulk Pack,1009
Munchies,Pillsbury Rich Choco Oven Cake Mix - Egg Free,17000,6,6,15900,270,False,270,170.0,159.0,11.0,Low Discount,In Stock,Affordable,Medium,Bulk Pack,1010
Munchies,Weikfield Tomato Salsa Instant Pasta,2500,0,1,2500,77,False,77,25.0,25.0,0.0,No Discount,Low Stock,Budget,Light,Bulk Pack,1011
Munchies,Praakritik Organic Jowar Atta,11000,6,6,10300,500,False,500,110.0,103.0,7.0,Low Discount,In Stock,Affordable,Medium,Bulk Pack,1012
Munchies,Sugarfree Gold Low Calorie Sweetner ,27000,7,6,25100,50,False,50,270.0,251.0,19.0,Low Discount,In Stock,Mid-Range,Light,Bulk Pack,1013
Munchies,Epicurea Thai Jasmine Rice,29500,0,4,29500,500,False,500,295.0,295.0,0.0,No Discount,Low Stock,Mid-Range,Medium,Bulk Pack,1014
Munchies,Yummiez Chicken Garlic Fingers Pouch,25000,0,5,25000,400,False,400,250.0,250.0,0.0,No Discount,Low Stock,Mid-Range,Medium,Bulk Pack,1015
Munchies,RRO Primio Refined Groundnut (Jar),49000,11,6,43600,2000,False,2,490.0,436.0,54.0,Medium Discount,In Stock,Mid-Range,Extra Heavy,Small Pack,1016
Munchies,Praakritik Organic Tuvar Dal,14000,0,6,14000,500,False,500,140.0,140.0,0.0,No Discount,In Stock,Affordable,Medium,Bulk Pack,1017
Munchies,Sugarfree Gold Low Calorie Sweetner,18500,5,3,17500,300,False,300,185.0,175.0,10.0,Low Discount,Low Stock,Affordable,Medium,Bulk Pack,1018
Munchies,Cantina Beans Mexican Beans,25000,14,6,21300,410,False,410,250.0,213.0,37.0,Medium Discount,In Stock,Mid-Range,Medium,Bulk Pack,1019
Munchies,Pillsbury Oven Cake Mix - Vanilla,17500,10,6,15600,225,False,225,175.0,156.0,19.0,Low Discount,In Stock,Affordable,Light,Bulk Pack,1020
Munchies,Hershey's Chocolate Milk Booster,20000,0,6,20000,450,False,450,200.0,200.0,0.0,No Discount,In Stock,Affordable,Medium,Bulk Pack,1021
Munchies,Popular Essentials Byadagi Chilli Stemless,8000,0,6,8000,100,False,100,80.0,80.0,0.0,No Discount,In Stock,Affordable,Light,Bulk Pack,1022
Munchies,Suhana Spice Mix - Chicken Biryani,6600,0,6,6600,50,False,50,66.0,66.0,0.0,No Discount,In Stock,Affordable,Light,Bulk Pack,1023
Munchies,Praakritik Organic Yellow Moon Dal,13500,0,6,13500,500,False,500,135.0,135.0,0.0,No Discount,In Stock,Affordable,Medium,Bulk Pack,1024
Munchies,Maggi Magic Cubes Extra Chicken,19900,10,6,17900,240,False,240,199.0,179.0,20.0,Low Discount,In Stock,Affordable,Light,Bulk Pack,1025
Munchies,Dhara Filtered Groundnut Oil (Jar),105000,0,2,105000,5000,False,5,1050.0,1050.0,0.0,No Discount,Low Stock,High-End,Bulk,Medium Pack,1026
Munchies,24 Mantra Sona Masuri Brown Rice,47500,10,6,42300,5000,False,5,475.0,423.0,52.0,Low Discount,In Stock,Mid-Range,Bulk,Medium Pack,1027
Munchies,24 Mantra Organic Pancharatna Dal - Split,13000,7,6,12000,500,False,500,130.0,120.0,10.0,Low Discount,In Stock,Affordable,Medium,Bulk Pack,1028
Munchies,24 Mantra Organic Cumin Powder,7000,0,6,7000,100,False,100,70.0,70.0,0.0,No Discount,In Stock,Affordable,Light,Bulk Pack,1029
Munchies,Popular Essentials Samba Broken Wheat,10000,11,6,8900,500,False,500,100.0,89.0,11.0,Medium Discount,In Stock,Affordable,Medium,Bulk Pack,1030
Munchies,Betty Crocker Chocolate Fudge Cake Mix,29500,0,6,29500,475,False,475,295.0,295.0,0.0,No Discount,In Stock,Mid-Range,Medium,Bulk Pack,1031
Munchies,Borges Extra Light Olive Oil Bottle ,260000,46,6,139900,2000,False,2,2600.0,1399.0,1201.0,Very High Discount,In Stock,High-End,Extra Heavy,Small Pack,1032
Munchies,Flying Bird Premium Orange Artificial Food Essence,6000,0,6,6000,20,False,20,60.0,60.0,0.0,No Discount,In Stock,Affordable,Light,Bulk Pack,1033
Munchies,Popular Essentials Red Cherry/Gundu Chilli,9500,0,6,9500,100,False,100,95.0,95.0,0.0,No Discount,In Stock,Affordable,Light,Bulk Pack,1034
Munchies,Super Saver Kolam Rice Sortex Clean ,70000,10,3,63000,5000,False,5,700.0,630.0,70.0,Low Discount,Low Stock,Premium,Bulk,Medium Pack,1035
Munchies,Flying Bird Food Essence - Kewra,5000,0,6,5000,20,False,20,50.0,50.0,0.0,No Discount,In Stock,Budget,Light,Bulk Pack,1036
Munchies,MTR Vada Breakfast,20000,0,1,20000,500,False,500,200.0,200.0,0.0,No Discount,Low Stock,Affordable,Medium,Bulk Pack,1037
Munchies,On1y Pasta Seasoning,9900,0,6,9900,30,False,30,99.0,99.0,0.0,No Discount,In Stock,Affordable,Light,Bulk Pack,1038
Munchies,Praakritik Organic Indrayani Rice,7000,0,6,7000,500,False,500,70.0,70.0,0.0,No Discount,In Stock,Affordable,Medium,Bulk Pack,1039
Munchies,On1y Pizza Seasoning,9900,0,6,9900,28,False,28,99.0,99.0,0.0,No Discount,In Stock,Affordable,Light,Bulk Pack,1040
Munchies,Kitchens of India Mutter Paneer Mix,12000,30,4,8400,285,False,285,120.0,84.0,36.0,High Discount,Low Stock,Affordable,Medium,Bulk Pack,1041
Munchies,Aashirvaad Svasti Cow Ghee Tetra Pack,29500,0,6,29500,500,False,500,295.0,295.0,0.0,No Discount,In Stock,Mid-Range,Medium,Bulk Pack,1042
Munchies,Weikfield Cooker Cake Mix - Vanilla,9500,0,6,9500,150,False,150,95.0,95.0,0.0,No Discount,In Stock,Affordable,Light,Bulk Pack,1043
Munchies,Praakritik Organic Kapli Wheat Atta,16500,10,6,14700,1000,False,1,165.0,147.0,18.0,Low Discount,In Stock,Affordable,Heavy,Single,1044
Munchies,Epicurea Sushi Rice,29500,0,6,29500,500,False,500,295.0,295.0,0.0,No Discount,In Stock,Mid-Range,Medium,Bulk Pack,1045
Munchies,Sugarfree Natural Green Stevia Leaves Zero Calorie,7500,0,2,7500,100,False,100,75.0,75.0,0.0,No Discount,Low Stock,Affordable,Light,Bulk Pack,1046
Munchies,Smith & Jones Italian Spices Masala Mix,9900,0,6,9900,75,False,75,99.0,99.0,0.0,No Discount,In Stock,Affordable,Light,Bulk Pack,1047
Munchies,Satyam Nighties Spices  Chilli Bore,8900,10,6,8000,100,False,100,89.0,80.0,9.0,Low Discount,In Stock,Affordable,Light,Bulk Pack,1048
Munchies,Weikfield Veg Jelly Crystals - Orange,4500,2,6,4400,90,False,90,45.0,44.0,1.0,Low Discount,In Stock,Budget,Light,Bulk Pack,1049
Munchies,Praakritik Organic Jumbo Rolled Oats,19000,11,6,16900,500,False,500,190.0,169.0,21.0,Medium Discount,In Stock,Affordable,Medium,Bulk Pack,1050
Munchies,On1y Sea Salt Grinder,8900,0,6,8900,100,False,100,89.0,89.0,0.0,No Discount,In Stock,Affordable,Light,Bulk Pack,1051
Munchies,Delight Nuts Berries Mix ,39900,20,6,31900,200,False,200,399.0,319.0,80.0,Medium Discount,In Stock,Mid-Range,Light,Bulk Pack,1052
Munchies,Everest Kesari Milk Masala,20500,0,6,20500,50,False,20,205.0,205.0,0.0,No Discount,In Stock,Mid-Range,Light,Bulk Pack,1053
Munchies,Praakritik Organic Ginger Powder,13900,10,6,12500,100,False,100,139.0,125.0,14.0,Low Discount,In Stock,Affordable,Light,Bulk Pack,1054
Munchies,Suhana Mutton Gravy Mix,4500,0,4,4500,80,False,80,45.0,45.0,0.0,No Discount,Low Stock,Budget,Light,Bulk Pack,1055
Munchies,On1y Salad Seasoning Grinder,13900,0,6,13900,45,False,45,139.0,139.0,0.0,No Discount,In Stock,Affordable,Light,Bulk Pack,1056
Munchies,Figaro Pure Olive Oil,32500,8,1,29900,200,False,200,325.0,299.0,26.0,Low Discount,Low Stock,Mid-Range,Light,Bulk Pack,1057
Munchies,Madhur Sugar,6000,6,0,5600,1000,True,1,60.0,56.0,4.0,Low Discount,Out of Stock,Affordable,Heavy,Single,1058
Munchies,Amul Fresh Cream,6300,0,0,6300,250,True,250,63.0,63.0,0.0,No Discount,Out of Stock,Affordable,Light,Bulk Pack,1059
Munchies,Madhur Pure And Hygienic Sugar,29500,9,0,26600,5000,True,5,295.0,266.0,29.0,Low Discount,Out of Stock,Mid-Range,Bulk,Medium Pack,1060
Munchies,Satyam Poha Jada,3500,8,0,3200,500,True,500,35.0,32.0,3.0,Low Discount,Out of Stock,Budget,Medium,Bulk Pack,1061
Munchies,Aashirvaad Superior MP Whole Wheat Atta,5300,1,0,5200,1000,True,1,53.0,52.0,1.0,Low Discount,Out of Stock,Affordable,Heavy,Single,1062
Munchies,Fortune Soyabean Oil,21000,13,0,18100,1000,True,1,210.0,181.0,29.0,Medium Discount,Out of Stock,Affordable,Heavy,Single,1063
Munchies,Maggi Masala Ae Magic,5800,6,0,5400,72,True,72,58.0,54.0,4.0,Low Discount,Out of Stock,Affordable,Light,Bulk Pack,1064
Munchies,Aashirvaad Iodised Salt ,2200,13,0,1900,1000,True,1,22.0,19.0,3.0,Medium Discount,Out of Stock,Budget,Heavy,Single,1065
Munchies,Maggi 2-Minute Instant Noodles - Masala,4400,0,0,4400,280,True,280,44.0,44.0,0.0,No Discount,Out of Stock,Budget,Medium,Bulk Pack,1066
Munchies,Popular Essentials Phool Makhana (Jumbo Size),15000,14,0,12800,100,True,100,150.0,128.0,22.0,Medium Discount,Out of Stock,Affordable,Light,Bulk Pack,1067
Munchies,Aashirvaad Atta With Mutigrains,31500,8,0,28700,5000,True,5,315.0,287.0,28.0,Low Discount,Out of Stock,Mid-Range,Bulk,Medium Pack,1068
Munchies,Tata Sampann Poha,4400,6,0,4100,500,True,500,44.0,41.0,3.0,Low Discount,Out of Stock,Budget,Medium,Bulk Pack,1069
Munchies,Fortune Besan Flour,12000,0,0,12000,1000,True,1,120.0,120.0,0.0,No Discount,Out of Stock,Affordable,Heavy,Single,1070
Munchies,Popular Essentials Toor Dal (Un-Polished),8000,7,0,7400,500,True,500,80.0,74.0,6.0,Low Discount,Out of Stock,Affordable,Medium,Bulk Pack,1071
Munchies,Everest Tikhalal Hot & Red Chilly Powder,4700,2,0,4600,100,True,100,47.0,46.0,1.0,Low Discount,Out of Stock,Budget,Light,Bulk Pack,1072
Munchies,Popular Essentials Chia Seeds,5000,2,0,4900,100,True,100,50.0,49.0,1.0,Low Discount,Out of Stock,Budget,Light,Bulk Pack,1073
Munchies,Tata Sampann Unpolished Toor Dal/Arhar Dal,17900,1,0,17700,1000,True,200,179.0,177.0,2.0,Low Discount,Out of Stock,Affordable,Heavy,Bulk Pack,1074
Munchies,Everest Coriander Powder,3200,3,0,3100,100,True,100,32.0,31.0,1.0,Low Discount,Out of Stock,Budget,Light,Bulk Pack,1075
Munchies,Satyam Thin Poha Patla,3800,7,0,3500,500,True,500,38.0,35.0,3.0,Low Discount,Out of Stock,Budget,Medium,Bulk Pack,1076
Munchies,Popular Essentials Sona Masouri Raw Rice,7500,0,0,7500,1000,True,1,75.0,75.0,0.0,No Discount,Out of Stock,Affordable,Heavy,Single,1077
Munchies,Tata Sampann High Protien Chana Dal - Split,6400,0,0,6400,500,True,500,64.0,64.0,0.0,No Discount,Out of Stock,Affordable,Medium,Bulk Pack,1078
Munchies,Satyam Singdana ,11900,6,0,11100,500,True,500,119.0,111.0,8.0,Low Discount,Out of Stock,Affordable,Medium,Bulk Pack,1079
Munchies,Tata Sampann Moong Chilka ,8800,6,0,8200,500,True,500,88.0,82.0,6.0,Low Discount,Out of Stock,Affordable,Medium,Bulk Pack,1080
Munchies,Tata Sampann High Protien Toor Dal - Split,9100,2,0,8900,500,True,500,91.0,89.0,2.0,Low Discount,Out of Stock,Affordable,Medium,Bulk Pack,1081
Munchies,Ching's Chow Mein Hakka Noodles Masala,1000,0,0,1000,20,True,20,10.0,10.0,0.0,No Discount,Out of Stock,Budget,Light,Bulk Pack,1082
Munchies,Everest Chat Masala,6500,9,0,5900,100,True,100,65.0,59.0,6.0,Low Discount,Out of Stock,Affordable,Light,Bulk Pack,1083
Munchies,Popular Essentials Black Brown Chana (Un-Polished),5500,9,0,5000,500,True,500,55.0,50.0,5.0,Low Discount,Out of Stock,Budget,Medium,Bulk Pack,1084
Munchies,Dabur Ginger Garlic Paste,5000,6,0,4700,200,True,200,50.0,47.0,3.0,Low Discount,Out of Stock,Budget,Light,Bulk Pack,1085
Munchies,Ching's Secret Veg Hakka Noodles,10700,0,0,10700,600,True,600,107.0,107.0,0.0,No Discount,Out of Stock,Affordable,Heavy,Bulk Pack,1086
Munchies,Saffola Oats 100 % Natural,1500,0,0,1500,38,True,38,15.0,15.0,0.0,No Discount,Out of Stock,Budget,Light,Bulk Pack,1087
Munchies,Everest Kashmiri Lal Chilli Powder,31000,10,0,27900,500,True,500,310.0,279.0,31.0,Low Discount,Out of Stock,Mid-Range,Medium,Bulk Pack,1088
Munchies,Popular Essentials Black Raisins Seedless,6000,10,0,5400,100,True,100,60.0,54.0,6.0,Low Discount,Out of Stock,Affordable,Light,Bulk Pack,1089
Munchies,Daawat Rozana Super Basmati Rice,7900,0,0,7900,1000,True,1,79.0,79.0,0.0,No Discount,Out of Stock,Affordable,Heavy,Single,1090
Munchies,Everest Cumin Powder (Jeera),3000,3,0,2900,50,True,50,30.0,29.0,1.0,Low Discount,Out of Stock,Budget,Light,Bulk Pack,1091
Munchies,Everest Sambhar Masala,3400,2,0,3300,50,True,50,34.0,33.0,1.0,Low Discount,Out of Stock,Budget,Light,Bulk Pack,1092
Munchies,Maggi Chilly Chow Cuppa Noodles,5000,0,0,5000,70,True,70,50.0,50.0,0.0,No Discount,Out of Stock,Budget,Light,Bulk Pack,1093
Munchies,Popular Essentials Mustard Seeds Rai Big,2000,0,0,2000,100,True,100,20.0,20.0,0.0,No Discount,Out of Stock,Budget,Light,Bulk Pack,1094
Munchies,Patanjali Cow's Ghee,56500,0,0,56500,1000,True,1,565.0,565.0,0.0,No Discount,Out of Stock,Premium,Heavy,Single,1095
Munchies,Everest Amchur Powder,4200,2,0,4100,50,True,50,42.0,41.0,1.0,Low Discount,Out of Stock,Budget,Light,Bulk Pack,1096
Munchies,Daawat Super Basmati Rice,18500,8,0,16900,1000,True,1,185.0,169.0,16.0,Low Discount,Out of Stock,Affordable,Heavy,Single,1097
Munchies,Popular Essentials Sabudana,6000,10,0,5400,500,True,500,60.0,54.0,6.0,Low Discount,Out of Stock,Affordable,Medium,Bulk Pack,1098
Munchies,Popular Essentials Brown Sugar,4000,0,0,4000,500,True,500,40.0,40.0,0.0,No Discount,Out of Stock,Budget,Medium,Bulk Pack,1099
Munchies,Everest Coriander Powder,7000,10,0,6300,200,True,200,70.0,63.0,7.0,Low Discount,Out of Stock,Affordable,Light,Bulk Pack,1100
Munchies,Sunfeast Yippee! Magic Masala Noodles,4800,6,0,4500,240,True,240,48.0,45.0,3.0,Low Discount,Out of Stock,Budget,Light,Bulk Pack,1101
Munchies,Tata Tea Gold,3500,0,0,3500,100,True,200,35.0,35.0,0.0,No Discount,Out of Stock,Budget,Light,Bulk Pack,1102
Munchies,Daawat Rozana Gold Basmati Rice,9000,1,0,8900,1000,True,1,90.0,89.0,1.0,Low Discount,Out of Stock,Affordable,Heavy,Single,1103
Munchies,Top Ramen Masala,9100,9,0,8200,560,True,560,91.0,82.0,9.0,Low Discount,Out of Stock,Affordable,Heavy,Bulk Pack,1104
Munchies,Everest Turmeric Powder,6700,10,0,6000,200,True,200,67.0,60.0,7.0,Low Discount,Out of Stock,Affordable,Light,Bulk Pack,1105
Munchies,Popular Essentials Buckwheat Flour (Kuttu Atta),12500,9,0,11300,500,True,500,125.0,113.0,12.0,Low Discount,Out of Stock,Affordable,Medium,Bulk Pack,1106
Munchies,Keya Italian Pizza Oregano,10900,11,0,9700,80,True,80,109.0,97.0,12.0,Medium Discount,Out of Stock,Affordable,Light,Bulk Pack,1107
Munchies,Chef's Basket Durum Wheat Penne Pasta,16000,50,0,8000,500,True,500,160.0,80.0,80.0,Very High Discount,Out of Stock,Affordable,Medium,Bulk Pack,1108
Munchies,Tata Sampann Kala Chana,12500,0,0,12500,1000,True,1,125.0,125.0,0.0,No Discount,Out of Stock,Affordable,Heavy,Single,1109
Munchies,India Gate Basmati Rice,21000,0,0,21000,1000,True,1,210.0,210.0,0.0,No Discount,Out of Stock,Mid-Range,Heavy,Single,1110
Munchies,24 Mantra Organic Whole Wheat Atta,6400,7,0,5900,1000,True,1,64.0,59.0,5.0,Low Discount,Out of Stock,Affordable,Heavy,Single,1111
Munchies,Zorabian Chicken Kheema Parathas,19000,0,0,19000,300,True,300,190.0,190.0,0.0,No Discount,Out of Stock,Affordable,Medium,Bulk Pack,1112
Munchies,Sunfeast Pasta Treat Pack of Tomato Cheese,2800,17,0,2300,65,True,65,28.0,23.0,5.0,Medium Discount,Out of Stock,Budget,Light,Bulk Pack,1113
Munchies,Sugarlite 50% Less Calories Sugar Pouch,9900,40,0,5900,500,True,500,99.0,59.0,40.0,High Discount,Out of Stock,Affordable,Medium,Bulk Pack,1114
Munchies,Popular Essentials Sabja/Basil Seeds,6000,15,0,5100,100,True,100,60.0,51.0,9.0,Medium Discount,Out of Stock,Affordable,Light,Bulk Pack,1115
Munchies,Patanjali Pure Honey,9500,0,0,9500,250,True,250,95.0,95.0,0.0,No Discount,Out of Stock,Affordable,Light,Bulk Pack,1116
Munchies,Weikfield Falooda Mix - Mango,4900,2,0,4800,200,True,200,49.0,48.0,1.0,Low Discount,Out of Stock,Budget,Light,Bulk Pack,1117
Munchies,Pro Nature Organic Sonamasoori Brown Rice,10200,7,0,9400,1000,True,1,102.0,94.0,8.0,Low Discount,Out of Stock,Affordable,Heavy,Single,1118
Munchies,Maggi Special Masala Spicy Yummy Noodles,7200,0,0,7200,280,True,280,72.0,72.0,0.0,No Discount,Out of Stock,Affordable,Medium,Bulk Pack,1119
Munchies,Godrej Yummiez Chicken Breakfast Salami,15000,4,0,14300,250,True,250,150.0,143.0,7.0,Low Discount,Out of Stock,Affordable,Light,Bulk Pack,1120
Munchies,Everest Saffron Kesar,12000,0,0,12000,1,True,0,120.0,120.0,0.0,No Discount,Out of Stock,Affordable,Light,Single,1121
"Dairy, Bread & Batter",Mother Dairy Toned Milk Pouch,2500,0,4,2500,500,False,500,25.0,25.0,0.0,No Discount,Low Stock,Budget,Medium,Bulk Pack,1122
"Dairy, Bread & Batter",Mother Dairy Classic Curd,3000,3,6,2900,400,False,400,30.0,29.0,1.0,Low Discount,In Stock,Budget,Medium,Bulk Pack,1123
"Dairy, Bread & Batter",Mother Dairy Ultra Full Cream Milk,3100,0,4,3100,500,False,500,31.0,31.0,0.0,No Discount,Low Stock,Budget,Medium,Bulk Pack,1124
"Dairy, Bread & Batter",Amul Butter - Pasteurised,5000,2,6,4900,100,False,100,50.0,49.0,1.0,Low Discount,In Stock,Budget,Light,Bulk Pack,1125
"Dairy, Bread & Batter",Britannia Sandwich White Bread,3300,0,4,3300,350,False,350,33.0,33.0,0.0,No Discount,Low Stock,Budget,Medium,Bulk Pack,1126
"Dairy, Bread & Batter",iD Curd Pouch,3500,2,6,3400,400,False,400,35.0,34.0,1.0,Low Discount,In Stock,Budget,Medium,Bulk Pack,1127
"Dairy, Bread & Batter",iD Idli & Dosa Batter ,8000,15,6,6800,1000,False,1,80.0,68.0,12.0,Medium Discount,In Stock,Affordable,Heavy,Single,1128
"Dairy, Bread & Batter",Britannia 100% Whole Wheat Bread,4500,0,4,4500,450,False,450,45.0,45.0,0.0,No Discount,Low Stock,Budget,Medium,Bulk Pack,1129
"Dairy, Bread & Batter",Britannia Healthy Slice Sandwich Bread,4000,0,4,4000,450,False,450,40.0,40.0,0.0,No Discount,Low Stock,Budget,Medium,Bulk Pack,1130
"Dairy, Bread & Batter",Gowardhan Classic Block Fresh Paneer,8900,8,6,8100,200,False,200,89.0,81.0,8.0,Low Discount,In Stock,Affordable,Light,Bulk Pack,1131
"Dairy, Bread & Batter",Amul Processed Cheese Cubes,10600,4,6,10100,200,False,200,106.0,101.0,5.0,Low Discount,In Stock,Affordable,Light,Bulk Pack,1132
"Dairy, Bread & Batter",Britannia Pav,2200,0,4,2200,250,False,250,22.0,22.0,0.0,No Discount,Low Stock,Budget,Light,Bulk Pack,1133
"Dairy, Bread & Batter",Amul Butter - Pasteurised,24500,2,6,24000,500,False,500,245.0,240.0,5.0,Low Discount,In Stock,Mid-Range,Medium,Bulk Pack,1134
"Dairy, Bread & Batter",Arden Eggs White,9700,0,4,9700,696,False,12,97.0,97.0,0.0,No Discount,Low Stock,Affordable,Heavy,Bulk Pack,1135
"Dairy, Bread & Batter",Arden Eggs White,6500,15,4,5500,348,False,6,65.0,55.0,10.0,Medium Discount,Low Stock,Affordable,Medium,Large Pack,1136
"Dairy, Bread & Batter",Nestle A+ Nourish Dahi,3500,2,6,3400,200,False,200,35.0,34.0,1.0,Low Discount,In Stock,Budget,Light,Bulk Pack,1137
"Dairy, Bread & Batter",Britannia Burger Bun with Sesame Seed,1500,0,4,1500,100,False,100,15.0,15.0,0.0,No Discount,Low Stock,Budget,Light,Bulk Pack,1138
"Dairy, Bread & Batter",Amul Frozen Malai Paneer,7500,2,6,7300,200,False,200,75.0,73.0,2.0,Low Discount,In Stock,Affordable,Light,Bulk Pack,1139
"Dairy, Bread & Batter",iD Natural Paneer,10500,5,6,9900,200,False,200,105.0,99.0,6.0,Low Discount,In Stock,Affordable,Light,Bulk Pack,1140
"Dairy, Bread & Batter",Britannia Fruit Bun,1700,0,3,1700,100,False,100,17.0,17.0,0.0,No Discount,Low Stock,Budget,Light,Bulk Pack,1141
"Dairy, Bread & Batter",Amul Cheese - Processed Slices,12200,1,6,12000,200,False,200,122.0,120.0,2.0,Low Discount,In Stock,Affordable,Light,Bulk Pack,1142
"Dairy, Bread & Batter",iD Curd Cup,6000,0,6,6000,400,False,400,60.0,60.0,0.0,No Discount,In Stock,Affordable,Medium,Bulk Pack,1143
"Dairy, Bread & Batter",The Bake Shop Premium White Sandwich Bread,3000,0,1,3000,400,False,400,30.0,30.0,0.0,No Discount,Low Stock,Budget,Medium,Bulk Pack,1144
"Dairy, Bread & Batter",Britannia Multigrain Bread ,5500,0,4,5500,400,False,400,55.0,55.0,0.0,No Discount,Low Stock,Affordable,Medium,Bulk Pack,1145
"Dairy, Bread & Batter",Amul Processed Cheese Block,10600,0,6,10600,200,False,200,106.0,106.0,0.0,No Discount,In Stock,Affordable,Light,Bulk Pack,1146
"Dairy, Bread & Batter",Nestle A+ Nourish Dahi,7000,2,6,6800,400,False,400,70.0,68.0,2.0,Low Discount,In Stock,Affordable,Medium,Bulk Pack,1147
"Dairy, Bread & Batter",Arden Eggs Brown,8500,7,4,7900,348,False,6,85.0,79.0,6.0,Low Discount,Low Stock,Affordable,Medium,Large Pack,1148
"Dairy, Bread & Batter",Epigamia Misti Doi,3000,0,6,3000,85,False,85,30.0,30.0,0.0,No Discount,In Stock,Budget,Light,Bulk Pack,1149
"Dairy, Bread & Batter",Amul Cheese - Block,24500,2,6,24000,500,False,500,245.0,240.0,5.0,Low Discount,In Stock,Mid-Range,Medium,Bulk Pack,1150
"Dairy, Bread & Batter",Amul Butter - Pasteurised (School Pack),5900,3,6,5700,100,False,100,59.0,57.0,2.0,Low Discount,In Stock,Affordable,Light,Bulk Pack,1151
"Dairy, Bread & Batter",Britannia Brown Bread ,4200,0,4,4200,400,False,400,42.0,42.0,0.0,No Discount,Low Stock,Budget,Medium,Bulk Pack,1152
"Dairy, Bread & Batter",Amul Fresh Cream,19700,3,3,19100,1000,False,1,197.0,191.0,6.0,Low Discount,Low Stock,Affordable,Heavy,Single,1153
"Dairy, Bread & Batter",Epigamia Natural Greek Yogurt,4500,0,6,4500,90,False,90,45.0,45.0,0.0,No Discount,In Stock,Budget,Light,Bulk Pack,1154
"Dairy, Bread & Batter",The Bake Shop Pizza Base,3000,0,1,3000,150,False,150,30.0,30.0,0.0,No Discount,Low Stock,Budget,Light,Bulk Pack,1155
"Dairy, Bread & Batter",Amul Delicious Fat Spread - Cholesterol Free,1800,5,6,1700,100,False,100,18.0,17.0,1.0,Low Discount,In Stock,Budget,Light,Bulk Pack,1156
"Dairy, Bread & Batter",D'lecta Dairy Cream,5400,5,6,5100,200,False,200,54.0,51.0,3.0,Low Discount,In Stock,Affordable,Light,Bulk Pack,1157
"Dairy, Bread & Batter",Nestle A+ Actiplus Probiotic Dahi Plain Curd,7800,3,5,7500,400,False,400,78.0,75.0,3.0,Low Discount,Low Stock,Affordable,Medium,Bulk Pack,1158
"Dairy, Bread & Batter",Bio Nutrients Pure Diet Tofu Gold ,6000,5,5,5700,200,False,200,60.0,57.0,3.0,Low Discount,Low Stock,Affordable,Light,Bulk Pack,1159
"Dairy, Bread & Batter",Amul Delicious Fat Spread - Cholesterol Free,8800,2,2,8600,500,False,500,88.0,86.0,2.0,Low Discount,Low Stock,Affordable,Medium,Bulk Pack,1160
"Dairy, Bread & Batter",Amul Mithai Mate Condensed Sweetened Milk,5600,3,4,5400,200,False,200,56.0,54.0,2.0,Low Discount,Low Stock,Affordable,Light,Bulk Pack,1161
"Dairy, Bread & Batter",Arden Desi Eggs,11000,13,4,9500,348,False,6,110.0,95.0,15.0,Medium Discount,Low Stock,Affordable,Medium,Large Pack,1162
"Dairy, Bread & Batter",Amul Cheese - Pepper,8500,3,6,8200,200,False,200,85.0,82.0,3.0,Low Discount,In Stock,Affordable,Light,Bulk Pack,1163
"Dairy, Bread & Batter",Amul Cheese Spread Creamy,8500,5,6,8000,180,False,180,85.0,80.0,5.0,Low Discount,In Stock,Affordable,Light,Bulk Pack,1164
"Dairy, Bread & Batter",The Bake Shop Foot Long,4000,0,1,4000,200,False,200,40.0,40.0,0.0,No Discount,Low Stock,Budget,Light,Bulk Pack,1165
"Dairy, Bread & Batter",Amul Cheese Slices,36000,0,1,35900,750,False,750,360.0,359.0,1.0,No Discount,Low Stock,Mid-Range,Heavy,Bulk Pack,1166
"Dairy, Bread & Batter",Suguna Sharp Egg ,7200,13,3,6200,348,False,6,72.0,62.0,10.0,Medium Discount,Low Stock,Affordable,Medium,Large Pack,1167
"Dairy, Bread & Batter",Amul Cheese Sauce Mexican Salsa,7500,4,1,7200,200,False,200,75.0,72.0,3.0,Low Discount,Low Stock,Affordable,Light,Bulk Pack,1168
"Dairy, Bread & Batter",Nestle Everyday Dairy Whitener,21000,0,4,21000,400,False,400,210.0,210.0,0.0,No Discount,Low Stock,Mid-Range,Medium,Bulk Pack,1169
"Dairy, Bread & Batter",Amul Pizza Cheese Processed,10900,4,6,10400,200,False,200,109.0,104.0,5.0,Low Discount,In Stock,Affordable,Light,Bulk Pack,1170
"Dairy, Bread & Batter",Betty Crocker Complete Pancake Mix Original,11000,4,6,10500,250,False,500,110.0,105.0,5.0,Low Discount,In Stock,Affordable,Light,Bulk Pack,1171
"Dairy, Bread & Batter",Amul Lite Spread,4000,2,5,3900,100,False,100,40.0,39.0,1.0,Low Discount,Low Stock,Budget,Light,Bulk Pack,1172
"Dairy, Bread & Batter",Go Cheese Slice - Plain,14000,5,6,13300,200,False,200,140.0,133.0,7.0,Low Discount,In Stock,Affordable,Light,Bulk Pack,1173
"Dairy, Bread & Batter",Pillsbury Choco Chip Pancake Mix,9900,5,6,9400,165,False,165,99.0,94.0,5.0,Low Discount,In Stock,Affordable,Light,Bulk Pack,1174
"Dairy, Bread & Batter",RRO Sour Cream,27500,50,4,13700,200,False,200,275.0,137.0,138.0,Very High Discount,Low Stock,Affordable,Light,Bulk Pack,1175
"Dairy, Bread & Batter",D'lecta Natural Feta Cheese Block,10000,5,4,9500,100,False,100,100.0,95.0,5.0,Low Discount,Low Stock,Affordable,Light,Bulk Pack,1176
"Dairy, Bread & Batter",Suguna Active - DHA,7200,13,4,6200,348,False,6,72.0,62.0,10.0,Medium Discount,Low Stock,Affordable,Medium,Large Pack,1177
"Dairy, Bread & Batter",Go Cheese Processed Angles Plain,10000,5,6,9500,160,False,160,100.0,95.0,5.0,Low Discount,In Stock,Affordable,Light,Bulk Pack,1178
"Dairy, Bread & Batter",Epigamia Greek Yogurt - Natural,20000,0,1,20000,400,False,400,200.0,200.0,0.0,No Discount,Low Stock,Affordable,Medium,Bulk Pack,1179
"Dairy, Bread & Batter",Amul Unsalted Cooking Butter,24500,2,6,23800,500,False,500,245.0,238.0,7.0,Low Discount,In Stock,Mid-Range,Medium,Bulk Pack,1180
"Dairy, Bread & Batter",The Whole Truth Dark Chocolate Peanut Butter - Creamy,23500,25,6,17400,325,False,325,235.0,174.0,61.0,Medium Discount,In Stock,Affordable,Medium,Bulk Pack,1181
"Dairy, Bread & Batter",The Laughing Cow Cheese Slices,15500,0,2,15500,200,False,200,155.0,155.0,0.0,No Discount,Low Stock,Affordable,Light,Bulk Pack,1182
"Dairy, Bread & Batter",Epigamia Almond Milk Unsweetened Dairy Free,30000,33,4,19900,1000,False,1,300.0,199.0,101.0,High Discount,Low Stock,Affordable,Heavy,Single,1183
"Dairy, Bread & Batter",Go Cheese  Spread Plain,9900,5,6,9400,200,False,200,99.0,94.0,5.0,Low Discount,In Stock,Affordable,Light,Bulk Pack,1184
"Dairy, Bread & Batter",So Good Almond Milk - Natural Unsweetened,7000,0,4,7000,200,False,200,70.0,70.0,0.0,No Discount,Low Stock,Affordable,Light,Bulk Pack,1185
"Dairy, Bread & Batter",Amul Cheese Sauce Jalapeno,7500,0,5,7500,200,False,200,75.0,75.0,0.0,No Discount,Low Stock,Affordable,Light,Bulk Pack,1186
"Dairy, Bread & Batter",D'lecta Cream Cheese,16900,4,4,16100,150,False,150,169.0,161.0,8.0,Low Discount,Low Stock,Affordable,Light,Bulk Pack,1187
"Dairy, Bread & Batter",Dlecta Natural Cheddar Slices,19900,5,6,18900,200,False,200,199.0,189.0,10.0,Low Discount,In Stock,Affordable,Light,Bulk Pack,1188
"Dairy, Bread & Batter",Suguna Heart- Omega3,7200,13,4,6200,348,False,6,72.0,62.0,10.0,Medium Discount,Low Stock,Affordable,Medium,Large Pack,1189
"Dairy, Bread & Batter",Go Cheese Spread - Garlic,9900,5,6,9400,200,False,200,99.0,94.0,5.0,Low Discount,In Stock,Affordable,Light,Bulk Pack,1190
"Dairy, Bread & Batter",Go Pizza Cheese,14000,5,6,13300,200,False,200,140.0,133.0,7.0,Low Discount,In Stock,Affordable,Light,Bulk Pack,1191
"Dairy, Bread & Batter",RRO Cheddar Block Cheese,29500,50,6,14700,200,False,200,295.0,147.0,148.0,Very High Discount,In Stock,Affordable,Light,Bulk Pack,1192
"Dairy, Bread & Batter",The Whole Truth Peanut Butter With Dates - Creamy No Sugar,21500,9,6,19400,325,False,325,215.0,194.0,21.0,Low Discount,In Stock,Affordable,Medium,Bulk Pack,1193
"Dairy, Bread & Batter",Suguna Fit Egg,12000,43,4,6800,348,False,6,120.0,68.0,52.0,Very High Discount,Low Stock,Affordable,Medium,Large Pack,1194
"Dairy, Bread & Batter",Pantai Coconut Cream,15000,4,4,14300,400,False,400,150.0,143.0,7.0,Low Discount,Low Stock,Affordable,Medium,Bulk Pack,1195
"Dairy, Bread & Batter",RRO Fresh Ricotta,27500,50,6,13700,200,False,200,275.0,137.0,138.0,Very High Discount,In Stock,Affordable,Light,Bulk Pack,1196
"Dairy, Bread & Batter",Dlecta Cheese Cubes 2,14500,5,6,13700,200,False,200,145.0,137.0,8.0,Low Discount,In Stock,Affordable,Light,Bulk Pack,1197
"Dairy, Bread & Batter",RRO Mozzarella Pizza Cheese,27500,50,6,13700,200,False,200,275.0,137.0,138.0,Very High Discount,In Stock,Affordable,Light,Bulk Pack,1198
"Dairy, Bread & Batter",The Laughing Cow Cheese Cubes,15000,0,4,15000,200,False,200,150.0,150.0,0.0,No Discount,Low Stock,Affordable,Light,Bulk Pack,1199
"Dairy, Bread & Batter",Yogabar 100% Pure Peanut Butter Creamy & Yummy Unsweetened,22900,10,6,20600,400,False,400,229.0,206.0,23.0,Low Discount,In Stock,Mid-Range,Medium,Bulk Pack,1200
"Dairy, Bread & Batter",RRO Burrata Cheese,25000,50,4,12500,200,False,200,250.0,125.0,125.0,Very High Discount,Low Stock,Affordable,Light,Bulk Pack,1201
"Dairy, Bread & Batter",The Whole Truth Dark Chocolate Peanut Butter - Crunchy,23500,20,5,18800,325,False,325,235.0,188.0,47.0,Medium Discount,Low Stock,Affordable,Medium,Bulk Pack,1202
"Dairy, Bread & Batter",Go Cheese Processed Squares,12500,5,6,11800,200,False,200,125.0,118.0,7.0,Low Discount,In Stock,Affordable,Light,Bulk Pack,1203
"Dairy, Bread & Batter",Funfoods Peanut Butter Crunchy,16900,7,1,15600,400,False,400,169.0,156.0,13.0,Low Discount,Low Stock,Affordable,Medium,Bulk Pack,1204
"Dairy, Bread & Batter",Amul Safed Makkhan,23500,1,6,23200,500,False,500,235.0,232.0,3.0,Low Discount,In Stock,Mid-Range,Medium,Bulk Pack,1205
"Dairy, Bread & Batter",Go Cheese Spread - Four Pepper (Soft & Creamy),9900,5,6,9400,200,False,200,99.0,94.0,5.0,Low Discount,In Stock,Affordable,Light,Bulk Pack,1206
"Dairy, Bread & Batter",Dlicia Whip Topping Bottle,23500,27,5,17100,1000,False,1,235.0,171.0,64.0,High Discount,Low Stock,Affordable,Heavy,Single,1207
"Dairy, Bread & Batter",Amulya Dairy Whitener ,38000,2,4,37200,1000,False,1,380.0,372.0,8.0,Low Discount,Low Stock,Mid-Range,Heavy,Single,1208
"Dairy, Bread & Batter",Laughing Cow Cheese 8 Portion 120Gm Imported,11000,0,6,11000,120,False,120,110.0,110.0,0.0,No Discount,In Stock,Affordable,Light,Bulk Pack,1209
"Dairy, Bread & Batter",The Whole Truth Peanut Butter - Sweetened & Crunchy,21500,20,6,17200,325,False,325,215.0,172.0,43.0,Medium Discount,In Stock,Affordable,Medium,Bulk Pack,1210
"Dairy, Bread & Batter",Go Processed Cheese Block,12500,4,6,11900,200,False,200,125.0,119.0,6.0,Low Discount,In Stock,Affordable,Light,Bulk Pack,1211
"Dairy, Bread & Batter",Go Cheese Processed Block,24900,4,6,23700,400,False,400,249.0,237.0,12.0,Low Discount,In Stock,Mid-Range,Medium,Bulk Pack,1212
"Dairy, Bread & Batter",RRO Goat Milk Fetta Cheee,34500,31,6,23700,100,False,100,345.0,237.0,108.0,High Discount,In Stock,Mid-Range,Light,Bulk Pack,1213
"Dairy, Bread & Batter",RRO Mascarpone Cheese,35500,50,6,17700,200,False,200,355.0,177.0,178.0,Very High Discount,In Stock,Affordable,Light,Bulk Pack,1214
"Dairy, Bread & Batter",D'lecta Cheddar Cheese,19900,5,6,18900,200,False,200,199.0,189.0,10.0,Low Discount,In Stock,Affordable,Light,Bulk Pack,1215
"Dairy, Bread & Batter",Funfoods Peanut Butter Creamy,16900,0,1,16900,400,False,400,169.0,169.0,0.0,No Discount,Low Stock,Affordable,Medium,Bulk Pack,1216
"Dairy, Bread & Batter",Pantai Coconut Milk,15000,0,4,15000,400,False,400,150.0,150.0,0.0,No Discount,Low Stock,Affordable,Medium,Bulk Pack,1217
"Dairy, Bread & Batter",Dlecta Cheese Block,14500,0,6,14500,200,False,200,145.0,145.0,0.0,No Discount,In Stock,Affordable,Light,Bulk Pack,1218
"Dairy, Bread & Batter",President Butter - Salted,5400,0,6,5400,100,False,100,54.0,54.0,0.0,No Discount,In Stock,Affordable,Light,Bulk Pack,1219
"Dairy, Bread & Batter",The Laughing Cow Plain Processed Cheese Block,15000,0,6,15000,200,False,200,150.0,150.0,0.0,No Discount,In Stock,Affordable,Light,Bulk Pack,1220
"Dairy, Bread & Batter",Yoga Bar Peanut Butter Dark Chocolate Jar,24900,0,4,24900,400,False,400,249.0,249.0,0.0,No Discount,Low Stock,Mid-Range,Medium,Bulk Pack,1221
"Dairy, Bread & Batter",The Laughing Cow Cheese Spread Plain,11000,0,6,11000,180,False,180,110.0,110.0,0.0,No Discount,In Stock,Affordable,Light,Bulk Pack,1222
"Dairy, Bread & Batter",Amul Malai Paneer Fresh ,7600,3,0,7300,200,True,200,76.0,73.0,3.0,Low Discount,Out of Stock,Affordable,Light,Bulk Pack,1223
"Dairy, Bread & Batter",Amul Taaza Toned Homogenised Milk,6600,3,0,6400,1000,True,1,66.0,64.0,2.0,Low Discount,Out of Stock,Affordable,Heavy,Single,1224
"Dairy, Bread & Batter",Amul Fresh Cream,6300,0,0,6300,250,True,250,63.0,63.0,0.0,No Discount,Out of Stock,Affordable,Light,Bulk Pack,1225
"Dairy, Bread & Batter",Amul Lactose Free Milk,2500,4,0,2400,250,True,250,25.0,24.0,1.0,Low Discount,Out of Stock,Budget,Light,Bulk Pack,1226
"Dairy, Bread & Batter",The Bake Shop Whole Wheat Bread,4000,0,0,4000,400,True,400,40.0,40.0,0.0,No Discount,Out of Stock,Budget,Medium,Bulk Pack,1227
"Dairy, Bread & Batter",Amul Slim Trim Skimmed Milk,7500,0,0,7500,1000,True,1,75.0,75.0,0.0,No Discount,Out of Stock,Affordable,Heavy,Single,1228
"Dairy, Bread & Batter",Amul Cheese Slices,7100,1,0,7000,100,True,100,71.0,70.0,1.0,Low Discount,Out of Stock,Affordable,Light,Bulk Pack,1229
"Dairy, Bread & Batter",Amul Pizza Cheese - Mozzarella,10000,1,0,9900,200,True,200,100.0,99.0,1.0,Low Discount,Out of Stock,Affordable,Light,Bulk Pack,1230
"Dairy, Bread & Batter",The Bake Shop Pizza Base Whole Wheat,3000,0,0,3000,150,True,150,30.0,30.0,0.0,No Discount,Out of Stock,Budget,Light,Bulk Pack,1231
"Dairy, Bread & Batter",Nestle A+ Slim Dahi - Low Fat,7800,3,0,7500,400,True,400,78.0,75.0,3.0,Low Discount,Out of Stock,Affordable,Medium,Bulk Pack,1232
"Dairy, Bread & Batter",Britannia Cheese Garlic Bread,3500,0,0,3500,300,True,300,35.0,35.0,0.0,No Discount,Out of Stock,Budget,Medium,Bulk Pack,1233
"Dairy, Bread & Batter",The Bake Shop Whole Wheat Ladi Pav,4000,0,0,4000,200,True,200,40.0,40.0,0.0,No Discount,Out of Stock,Budget,Light,Bulk Pack,1234
"Dairy, Bread & Batter",Amul Cheese Spread Yummy Plain,8500,0,0,8500,200,True,200,85.0,85.0,0.0,No Discount,Out of Stock,Affordable,Light,Bulk Pack,1235
"Dairy, Bread & Batter",Britannia Atta Kulcha,3000,0,0,3000,250,True,250,30.0,30.0,0.0,No Discount,Out of Stock,Budget,Light,Bulk Pack,1236
"Dairy, Bread & Batter",Suguna Nourish Egg,6200,0,0,6200,696,True,12,62.0,62.0,0.0,No Discount,Out of Stock,Affordable,Heavy,Bulk Pack,1237
"Dairy, Bread & Batter",The Bake Shop Multi Grain Bread,6500,0,0,6500,400,True,400,65.0,65.0,0.0,No Discount,Out of Stock,Affordable,Medium,Bulk Pack,1238
"Dairy, Bread & Batter",Nestle A+ Slim Milk,8900,0,0,8900,1000,True,1,89.0,89.0,0.0,No Discount,Out of Stock,Affordable,Heavy,Single,1239
"Dairy, Bread & Batter",Go Cheese Pizza Blend Mozzarella + Cheddar,12500,5,0,11800,200,True,200,125.0,118.0,7.0,Low Discount,Out of Stock,Affordable,Light,Bulk Pack,1240
"Dairy, Bread & Batter",The Whole Truth Peanut Butter - Unsweetened & Crunchy,18500,20,0,14800,325,True,325,185.0,148.0,37.0,Medium Discount,Out of Stock,Affordable,Medium,Bulk Pack,1241
"Dairy, Bread & Batter",Amul Cheese Spread Spicy Garlic,8500,3,0,8200,200,True,200,85.0,82.0,3.0,Low Discount,Out of Stock,Affordable,Light,Bulk Pack,1242
"Dairy, Bread & Batter",The Bake Shop Burger Buns,2000,0,0,2000,100,True,100,20.0,20.0,0.0,No Discount,Out of Stock,Budget,Light,Bulk Pack,1243
"Dairy, Bread & Batter",D'lecta Shredded Mozzarella Cheese,10000,5,0,9500,140,True,140,100.0,95.0,5.0,Low Discount,Out of Stock,Affordable,Light,Bulk Pack,1244
"Dairy, Bread & Batter",Britannia Burger Bun with Sesame Seed,3000,0,0,3000,200,True,200,30.0,30.0,0.0,No Discount,Out of Stock,Budget,Light,Bulk Pack,1245
"Dairy, Bread & Batter",Suguna Vitamin D Egg,7500,17,0,6200,348,True,6,75.0,62.0,13.0,Medium Discount,Out of Stock,Affordable,Medium,Large Pack,1246
"Dairy, Bread & Batter",Pillsbury Pancake Mix - Funfetti,9900,11,0,8800,162,True,162,99.0,88.0,11.0,Medium Discount,Out of Stock,Affordable,Light,Bulk Pack,1247
"Dairy, Bread & Batter",Prabhat Malai Paneer Pouch,8000,0,0,8000,200,True,200,80.0,80.0,0.0,No Discount,Out of Stock,Affordable,Light,Bulk Pack,1248
"Dairy, Bread & Batter",Suguna Nourish Egg ,7200,16,0,6000,348,True,6,72.0,60.0,12.0,Medium Discount,Out of Stock,Affordable,Medium,Large Pack,1249
"Dairy, Bread & Batter",RRO Mozzarella Block Cheese,29500,50,0,14700,200,True,200,295.0,147.0,148.0,Very High Discount,Out of Stock,Affordable,Light,Bulk Pack,1250
Beverages,Mother Dairy Toned Milk Pouch,2500,0,4,2500,500,False,500,25.0,25.0,0.0,No Discount,Low Stock,Budget,Medium,Bulk Pack,1251
Beverages,Mother Dairy Classic Curd,3000,3,6,2900,400,False,400,30.0,29.0,1.0,Low Discount,In Stock,Budget,Medium,Bulk Pack,1252
Beverages,Mother Dairy Ultra Full Cream Milk,3100,0,4,3100,500,False,500,31.0,31.0,0.0,No Discount,Low Stock,Budget,Medium,Bulk Pack,1253
Beverages,Amul Butter - Pasteurised,5000,2,6,4900,100,False,100,50.0,49.0,1.0,Low Discount,In Stock,Budget,Light,Bulk Pack,1254
Beverages,Britannia Sandwich White Bread,3300,0,4,3300,350,False,350,33.0,33.0,0.0,No Discount,Low Stock,Budget,Medium,Bulk Pack,1255
Beverages,iD Curd Pouch,3500,2,6,3400,400,False,400,35.0,34.0,1.0,Low Discount,In Stock,Budget,Medium,Bulk Pack,1256
Beverages,iD Idli & Dosa Batter ,8000,15,6,6800,1000,False,1,80.0,68.0,12.0,Medium Discount,In Stock,Affordable,Heavy,Single,1257
Beverages,Britannia 100% Whole Wheat Bread,4500,0,4,4500,450,False,450,45.0,45.0,0.0,No Discount,Low Stock,Budget,Medium,Bulk Pack,1258
Beverages,Britannia Healthy Slice Sandwich Bread,4000,0,4,4000,450,False,450,40.0,40.0,0.0,No Discount,Low Stock,Budget,Medium,Bulk Pack,1259
Beverages,Gowardhan Classic Block Fresh Paneer,8900,8,6,8100,200,False,200,89.0,81.0,8.0,Low Discount,In Stock,Affordable,Light,Bulk Pack,1260
Beverages,Amul Processed Cheese Cubes,10600,4,6,10100,200,False,200,106.0,101.0,5.0,Low Discount,In Stock,Affordable,Light,Bulk Pack,1261
Beverages,Britannia Pav,2200,0,4,2200,250,False,250,22.0,22.0,0.0,No Discount,Low Stock,Budget,Light,Bulk Pack,1262
Beverages,Amul Butter - Pasteurised,24500,2,6,24000,500,False,500,245.0,240.0,5.0,Low Discount,In Stock,Mid-Range,Medium,Bulk Pack,1263
Beverages,Arden Eggs White,9700,0,4,9700,696,False,12,97.0,97.0,0.0,No Discount,Low Stock,Affordable,Heavy,Bulk Pack,1264
Beverages,Arden Eggs White,6500,15,4,5500,348,False,6,65.0,55.0,10.0,Medium Discount,Low Stock,Affordable,Medium,Large Pack,1265
Beverages,Nestle A+ Nourish Dahi,3500,2,6,3400,200,False,200,35.0,34.0,1.0,Low Discount,In Stock,Budget,Light,Bulk Pack,1266
Beverages,Britannia Burger Bun with Sesame Seed,1500,0,4,1500,100,False,100,15.0,15.0,0.0,No Discount,Low Stock,Budget,Light,Bulk Pack,1267
Beverages,Amul Frozen Malai Paneer,7500,2,6,7300,200,False,200,75.0,73.0,2.0,Low Discount,In Stock,Affordable,Light,Bulk Pack,1268
Beverages,iD Natural Paneer,10500,5,6,9900,200,False,200,105.0,99.0,6.0,Low Discount,In Stock,Affordable,Light,Bulk Pack,1269
Beverages,Britannia Fruit Bun,1700,0,3,1700,100,False,100,17.0,17.0,0.0,No Discount,Low Stock,Budget,Light,Bulk Pack,1270
Beverages,Amul Cheese - Processed Slices,12200,1,6,12000,200,False,200,122.0,120.0,2.0,Low Discount,In Stock,Affordable,Light,Bulk Pack,1271
Beverages,iD Curd Cup,6000,0,6,6000,400,False,400,60.0,60.0,0.0,No Discount,In Stock,Affordable,Medium,Bulk Pack,1272
Beverages,The Bake Shop Premium White Sandwich Bread,3000,0,1,3000,400,False,400,30.0,30.0,0.0,No Discount,Low Stock,Budget,Medium,Bulk Pack,1273
Beverages,Britannia Multigrain Bread ,5500,0,4,5500,400,False,400,55.0,55.0,0.0,No Discount,Low Stock,Affordable,Medium,Bulk Pack,1274
Beverages,Amul Processed Cheese Block,10600,0,6,10600,200,False,200,106.0,106.0,0.0,No Discount,In Stock,Affordable,Light,Bulk Pack,1275
Beverages,Nestle A+ Nourish Dahi,7000,2,6,6800,400,False,400,70.0,68.0,2.0,Low Discount,In Stock,Affordable,Medium,Bulk Pack,1276
Beverages,Arden Eggs Brown,8500,7,4,7900,348,False,6,85.0,79.0,6.0,Low Discount,Low Stock,Affordable,Medium,Large Pack,1277
Beverages,Epigamia Misti Doi,3000,0,6,3000,85,False,85,30.0,30.0,0.0,No Discount,In Stock,Budget,Light,Bulk Pack,1278
Beverages,Amul Cheese - Block,24500,2,6,24000,500,False,500,245.0,240.0,5.0,Low Discount,In Stock,Mid-Range,Medium,Bulk Pack,1279
Beverages,Amul Butter - Pasteurised (School Pack),5900,3,6,5700,100,False,100,59.0,57.0,2.0,Low Discount,In Stock,Affordable,Light,Bulk Pack,1280
Beverages,Britannia Brown Bread ,4200,0,4,4200,400,False,400,42.0,42.0,0.0,No Discount,Low Stock,Budget,Medium,Bulk Pack,1281
Beverages,Amul Fresh Cream,19700,3,3,19100,1000,False,1,197.0,191.0,6.0,Low Discount,Low Stock,Affordable,Heavy,Single,1282
Beverages,Epigamia Natural Greek Yogurt,4500,0,6,4500,90,False,90,45.0,45.0,0.0,No Discount,In Stock,Budget,Light,Bulk Pack,1283
Beverages,The Bake Shop Pizza Base,3000,0,1,3000,150,False,150,30.0,30.0,0.0,No Discount,Low Stock,Budget,Light,Bulk Pack,1284
Beverages,Amul Delicious Fat Spread - Cholesterol Free,1800,5,6,1700,100,False,100,18.0,17.0,1.0,Low Discount,In Stock,Budget,Light,Bulk Pack,1285
Beverages,D'lecta Dairy Cream,5400,5,6,5100,200,False,200,54.0,51.0,3.0,Low Discount,In Stock,Affordable,Light,Bulk Pack,1286
Beverages,Nestle A+ Actiplus Probiotic Dahi Plain Curd,7800,3,5,7500,400,False,400,78.0,75.0,3.0,Low Discount,Low Stock,Affordable,Medium,Bulk Pack,1287
Beverages,Bio Nutrients Pure Diet Tofu Gold ,6000,5,5,5700,200,False,200,60.0,57.0,3.0,Low Discount,Low Stock,Affordable,Light,Bulk Pack,1288
Beverages,Amul Delicious Fat Spread - Cholesterol Free,8800,2,2,8600,500,False,500,88.0,86.0,2.0,Low Discount,Low Stock,Affordable,Medium,Bulk Pack,1289
Beverages,Amul Mithai Mate Condensed Sweetened Milk,5600,3,4,5400,200,False,200,56.0,54.0,2.0,Low Discount,Low Stock,Affordable,Light,Bulk Pack,1290
Beverages,Arden Desi Eggs,11000,13,4,9500,348,False,6,110.0,95.0,15.0,Medium Discount,Low Stock,Affordable,Medium,Large Pack,1291
Beverages,Amul Cheese - Pepper,8500,3,6,8200,200,False,200,85.0,82.0,3.0,Low Discount,In Stock,Affordable,Light,Bulk Pack,1292
Beverages,Amul Cheese Spread Creamy,8500,5,6,8000,180,False,180,85.0,80.0,5.0,Low Discount,In Stock,Affordable,Light,Bulk Pack,1293
Beverages,The Bake Shop Foot Long,4000,0,1,4000,200,False,200,40.0,40.0,0.0,No Discount,Low Stock,Budget,Light,Bulk Pack,1294
Beverages,Amul Cheese Slices,36000,0,1,35900,750,False,750,360.0,359.0,1.0,No Discount,Low Stock,Mid-Range,Heavy,Bulk Pack,1295
Beverages,Suguna Sharp Egg ,7200,13,3,6200,348,False,6,72.0,62.0,10.0,Medium Discount,Low Stock,Affordable,Medium,Large Pack,1296
Beverages,Amul Cheese Sauce Mexican Salsa,7500,4,1,7200,200,False,200,75.0,72.0,3.0,Low Discount,Low Stock,Affordable,Light,Bulk Pack,1297
Beverages,Nestle Everyday Dairy Whitener,21000,0,4,21000,400,False,400,210.0,210.0,0.0,No Discount,Low Stock,Mid-Range,Medium,Bulk Pack,1298
Beverages,Amul Pizza Cheese Processed,10900,4,6,10400,200,False,200,109.0,104.0,5.0,Low Discount,In Stock,Affordable,Light,Bulk Pack,1299
Beverages,Betty Crocker Complete Pancake Mix Original,11000,4,6,10500,250,False,500,110.0,105.0,5.0,Low Discount,In Stock,Affordable,Light,Bulk Pack,1300
Beverages,Amul Lite Spread,4000,2,5,3900,100,False,100,40.0,39.0,1.0,Low Discount,Low Stock,Budget,Light,Bulk Pack,1301
Beverages,Go Cheese Slice - Plain,14000,5,6,13300,200,False,200,140.0,133.0,7.0,Low Discount,In Stock,Affordable,Light,Bulk Pack,1302
Beverages,Pillsbury Choco Chip Pancake Mix,9900,5,6,9400,165,False,165,99.0,94.0,5.0,Low Discount,In Stock,Affordable,Light,Bulk Pack,1303
Beverages,RRO Sour Cream,27500,50,4,13700,200,False,200,275.0,137.0,138.0,Very High Discount,Low Stock,Affordable,Light,Bulk Pack,1304
Beverages,D'lecta Natural Feta Cheese Block,10000,5,4,9500,100,False,100,100.0,95.0,5.0,Low Discount,Low Stock,Affordable,Light,Bulk Pack,1305
Beverages,Suguna Active - DHA,7200,13,4,6200,348,False,6,72.0,62.0,10.0,Medium Discount,Low Stock,Affordable,Medium,Large Pack,1306
Beverages,Go Cheese Processed Angles Plain,10000,5,6,9500,160,False,160,100.0,95.0,5.0,Low Discount,In Stock,Affordable,Light,Bulk Pack,1307
Beverages,Epigamia Greek Yogurt - Natural,20000,0,1,20000,400,False,400,200.0,200.0,0.0,No Discount,Low Stock,Affordable,Medium,Bulk Pack,1308
Beverages,Amul Unsalted Cooking Butter,24500,2,6,23800,500,False,500,245.0,238.0,7.0,Low Discount,In Stock,Mid-Range,Medium,Bulk Pack,1309
Beverages,The Whole Truth Dark Chocolate Peanut Butter - Creamy,23500,25,6,17400,325,False,325,235.0,174.0,61.0,Medium Discount,In Stock,Affordable,Medium,Bulk Pack,1310
Beverages,The Laughing Cow Cheese Slices,15500,0,2,15500,200,False,200,155.0,155.0,0.0,No Discount,Low Stock,Affordable,Light,Bulk Pack,1311
Beverages,Epigamia Almond Milk Unsweetened Dairy Free,30000,33,4,19900,1000,False,1,300.0,199.0,101.0,High Discount,Low Stock,Affordable,Heavy,Single,1312
Beverages,Go Cheese  Spread Plain,9900,5,6,9400,200,False,200,99.0,94.0,5.0,Low Discount,In Stock,Affordable,Light,Bulk Pack,1313
Beverages,So Good Almond Milk - Natural Unsweetened,7000,0,4,7000,200,False,200,70.0,70.0,0.0,No Discount,Low Stock,Affordable,Light,Bulk Pack,1314
Beverages,Amul Cheese Sauce Jalapeno,7500,0,5,7500,200,False,200,75.0,75.0,0.0,No Discount,Low Stock,Affordable,Light,Bulk Pack,1315
Beverages,D'lecta Cream Cheese,16900,4,4,16100,150,False,150,169.0,161.0,8.0,Low Discount,Low Stock,Affordable,Light,Bulk Pack,1316
Beverages,Dlecta Natural Cheddar Slices,19900,5,6,18900,200,False,200,199.0,189.0,10.0,Low Discount,In Stock,Affordable,Light,Bulk Pack,1317
Beverages,Suguna Heart- Omega3,7200,13,4,6200,348,False,6,72.0,62.0,10.0,Medium Discount,Low Stock,Affordable,Medium,Large Pack,1318
Beverages,Go Cheese Spread - Garlic,9900,5,6,9400,200,False,200,99.0,94.0,5.0,Low Discount,In Stock,Affordable,Light,Bulk Pack,1319
Beverages,Go Pizza Cheese,14000,5,6,13300,200,False,200,140.0,133.0,7.0,Low Discount,In Stock,Affordable,Light,Bulk Pack,1320
Beverages,RRO Cheddar Block Cheese,29500,50,6,14700,200,False,200,295.0,147.0,148.0,Very High Discount,In Stock,Affordable,Light,Bulk Pack,1321
Beverages,The Whole Truth Peanut Butter With Dates - Creamy No Sugar,21500,9,6,19400,325,False,325,215.0,194.0,21.0,Low Discount,In Stock,Affordable,Medium,Bulk Pack,1322
Beverages,Suguna Fit Egg,12000,43,4,6800,348,False,6,120.0,68.0,52.0,Very High Discount,Low Stock,Affordable,Medium,Large Pack,1323
Beverages,Pantai Coconut Cream,15000,4,4,14300,400,False,400,150.0,143.0,7.0,Low Discount,Low Stock,Affordable,Medium,Bulk Pack,1324
Beverages,RRO Fresh Ricotta,27500,50,6,13700,200,False,200,275.0,137.0,138.0,Very High Discount,In Stock,Affordable,Light,Bulk Pack,1325
Beverages,Dlecta Cheese Cubes 2,14500,5,6,13700,200,False,200,145.0,137.0,8.0,Low Discount,In Stock,Affordable,Light,Bulk Pack,1326
Beverages,RRO Mozzarella Pizza Cheese,27500,50,6,13700,200,False,200,275.0,137.0,138.0,Very High Discount,In Stock,Affordable,Light,Bulk Pack,1327
Beverages,The Laughing Cow Cheese Cubes,15000,0,4,15000,200,False,200,150.0,150.0,0.0,No Discount,Low Stock,Affordable,Light,Bulk Pack,1328
Beverages,Yogabar 100% Pure Peanut Butter Creamy & Yummy Unsweetened,22900,10,6,20600,400,False,400,229.0,206.0,23.0,Low Discount,In Stock,Mid-Range,Medium,Bulk Pack,1329
Beverages,RRO Burrata Cheese,25000,50,4,12500,200,False,200,250.0,125.0,125.0,Very High Discount,Low Stock,Affordable,Light,Bulk Pack,1330
Beverages,The Whole Truth Dark Chocolate Peanut Butter - Crunchy,23500,20,5,18800,325,False,325,235.0,188.0,47.0,Medium Discount,Low Stock,Affordable,Medium,Bulk Pack,1331
Beverages,Go Cheese Processed Squares,12500,5,6,11800,200,False,200,125.0,118.0,7.0,Low Discount,In Stock,Affordable,Light,Bulk Pack,1332
Beverages,Funfoods Peanut Butter Crunchy,16900,7,1,15600,400,False,400,169.0,156.0,13.0,Low Discount,Low Stock,Affordable,Medium,Bulk Pack,1333
Beverages,Amul Safed Makkhan,23500,1,6,23200,500,False,500,235.0,232.0,3.0,Low Discount,In Stock,Mid-Range,Medium,Bulk Pack,1334
Beverages,Go Cheese Spread - Four Pepper (Soft & Creamy),9900,5,6,9400,200,False,200,99.0,94.0,5.0,Low Discount,In Stock,Affordable,Light,Bulk Pack,1335
Beverages,Dlicia Whip Topping Bottle,23500,27,5,17100,1000,False,1,235.0,171.0,64.0,High Discount,Low Stock,Affordable,Heavy,Single,1336
Beverages,Amulya Dairy Whitener ,38000,2,4,37200,1000,False,1,380.0,372.0,8.0,Low Discount,Low Stock,Mid-Range,Heavy,Single,1337
Beverages,Laughing Cow Cheese 8 Portion 120Gm Imported,11000,0,6,11000,120,False,120,110.0,110.0,0.0,No Discount,In Stock,Affordable,Light,Bulk Pack,1338
Beverages,The Whole Truth Peanut Butter - Sweetened & Crunchy,21500,20,6,17200,325,False,325,215.0,172.0,43.0,Medium Discount,In Stock,Affordable,Medium,Bulk Pack,1339
Beverages,Go Processed Cheese Block,12500,4,6,11900,200,False,200,125.0,119.0,6.0,Low Discount,In Stock,Affordable,Light,Bulk Pack,1340
Beverages,Go Cheese Processed Block,24900,4,6,23700,400,False,400,249.0,237.0,12.0,Low Discount,In Stock,Mid-Range,Medium,Bulk Pack,1341
Beverages,RRO Goat Milk Fetta Cheee,34500,31,6,23700,100,False,100,345.0,237.0,108.0,High Discount,In Stock,Mid-Range,Light,Bulk Pack,1342
Beverages,RRO Mascarpone Cheese,35500,50,6,17700,200,False,200,355.0,177.0,178.0,Very High Discount,In Stock,Affordable,Light,Bulk Pack,1343
Beverages,D'lecta Cheddar Cheese,19900,5,6,18900,200,False,200,199.0,189.0,10.0,Low Discount,In Stock,Affordable,Light,Bulk Pack,1344
Beverages,Funfoods Peanut Butter Creamy,16900,0,1,16900,400,False,400,169.0,169.0,0.0,No Discount,Low Stock,Affordable,Medium,Bulk Pack,1345
Beverages,Pantai Coconut Milk,15000,0,4,15000,400,False,400,150.0,150.0,0.0,No Discount,Low Stock,Affordable,Medium,Bulk Pack,1346
Beverages,Dlecta Cheese Block,14500,0,6,14500,200,False,200,145.0,145.0,0.0,No Discount,In Stock,Affordable,Light,Bulk Pack,1347
Beverages,President Butter - Salted,5400,0,6,5400,100,False,100,54.0,54.0,0.0,No Discount,In Stock,Affordable,Light,Bulk Pack,1348
Beverages,The Laughing Cow Plain Processed Cheese Block,15000,0,6,15000,200,False,200,150.0,150.0,0.0,No Discount,In Stock,Affordable,Light,Bulk Pack,1349
Beverages,Yoga Bar Peanut Butter Dark Chocolate Jar,24900,0,4,24900,400,False,400,249.0,249.0,0.0,No Discount,Low Stock,Mid-Range,Medium,Bulk Pack,1350
Beverages,The Laughing Cow Cheese Spread Plain,11000,0,6,11000,180,False,180,110.0,110.0,0.0,No Discount,In Stock,Affordable,Light,Bulk Pack,1351
Beverages,Amul Malai Paneer Fresh ,7600,3,0,7300,200,True,200,76.0,73.0,3.0,Low Discount,Out of Stock,Affordable,Light,Bulk Pack,1352
Beverages,Amul Taaza Toned Homogenised Milk,6600,3,0,6400,1000,True,1,66.0,64.0,2.0,Low Discount,Out of Stock,Affordable,Heavy,Single,1353
Beverages,Amul Fresh Cream,6300,0,0,6300,250,True,250,63.0,63.0,0.0,No Discount,Out of Stock,Affordable,Light,Bulk Pack,1354
Beverages,Amul Lactose Free Milk,2500,4,0,2400,250,True,250,25.0,24.0,1.0,Low Discount,Out of Stock,Budget,Light,Bulk Pack,1355
Beverages,The Bake Shop Whole Wheat Bread,4000,0,0,4000,400,True,400,40.0,40.0,0.0,No Discount,Out of Stock,Budget,Medium,Bulk Pack,1356
Beverages,Amul Slim Trim Skimmed Milk,7500,0,0,7500,1000,True,1,75.0,75.0,0.0,No Discount,Out of Stock,Affordable,Heavy,Single,1357
Beverages,Amul Cheese Slices,7100,1,0,7000,100,True,100,71.0,70.0,1.0,Low Discount,Out of Stock,Affordable,Light,Bulk Pack,1358
Beverages,Amul Pizza Cheese - Mozzarella,10000,1,0,9900,200,True,200,100.0,99.0,1.0,Low Discount,Out of Stock,Affordable,Light,Bulk Pack,1359
Beverages,The Bake Shop Pizza Base Whole Wheat,3000,0,0,3000,150,True,150,30.0,30.0,0.0,No Discount,Out of Stock,Budget,Light,Bulk Pack,1360
Beverages,Nestle A+ Slim Dahi - Low Fat,7800,3,0,7500,400,True,400,78.0,75.0,3.0,Low Discount,Out of Stock,Affordable,Medium,Bulk Pack,1361
Beverages,Britannia Cheese Garlic Bread,3500,0,0,3500,300,True,300,35.0,35.0,0.0,No Discount,Out of Stock,Budget,Medium,Bulk Pack,1362
Beverages,The Bake Shop Whole Wheat Ladi Pav,4000,0,0,4000,200,True,200,40.0,40.0,0.0,No Discount,Out of Stock,Budget,Light,Bulk Pack,1363
Beverages,Amul Cheese Spread Yummy Plain,8500,0,0,8500,200,True,200,85.0,85.0,0.0,No Discount,Out of Stock,Affordable,Light,Bulk Pack,1364
Beverages,Britannia Atta Kulcha,3000,0,0,3000,250,True,250,30.0,30.0,0.0,No Discount,Out of Stock,Budget,Light,Bulk Pack,1365
Beverages,Suguna Nourish Egg,6200,0,0,6200,696,True,12,62.0,62.0,0.0,No Discount,Out of Stock,Affordable,Heavy,Bulk Pack,1366
Beverages,The Bake Shop Multi Grain Bread,6500,0,0,6500,400,True,400,65.0,65.0,0.0,No Discount,Out of Stock,Affordable,Medium,Bulk Pack,1367
Beverages,Nestle A+ Slim Milk,8900,0,0,8900,1000,True,1,89.0,89.0,0.0,No Discount,Out of Stock,Affordable,Heavy,Single,1368
Beverages,Go Cheese Pizza Blend Mozzarella + Cheddar,12500,5,0,11800,200,True,200,125.0,118.0,7.0,Low Discount,Out of Stock,Affordable,Light,Bulk Pack,1369
Beverages,The Whole Truth Peanut Butter - Unsweetened & Crunchy,18500,20,0,14800,325,True,325,185.0,148.0,37.0,Medium Discount,Out of Stock,Affordable,Medium,Bulk Pack,1370
Beverages,Amul Cheese Spread Spicy Garlic,8500,3,0,8200,200,True,200,85.0,82.0,3.0,Low Discount,Out of Stock,Affordable,Light,Bulk Pack,1371
Beverages,The Bake Shop Burger Buns,2000,0,0,2000,100,True,100,20.0,20.0,0.0,No Discount,Out of Stock,Budget,Light,Bulk Pack,1372
Beverages,D'lecta Shredded Mozzarella Cheese,10000,5,0,9500,140,True,140,100.0,95.0,5.0,Low Discount,Out of Stock,Affordable,Light,Bulk Pack,1373
Beverages,Britannia Burger Bun with Sesame Seed,3000,0,0,3000,200,True,200,30.0,30.0,0.0,No Discount,Out of Stock,Budget,Light,Bulk Pack,1374
Beverages,Suguna Vitamin D Egg,7500,17,0,6200,348,True,6,75.0,62.0,13.0,Medium Discount,Out of Stock,Affordable,Medium,Large Pack,1375
Beverages,Pillsbury Pancake Mix - Funfetti,9900,11,0,8800,162,True,162,99.0,88.0,11.0,Medium Discount,Out of Stock,Affordable,Light,Bulk Pack,1376
Beverages,Prabhat Malai Paneer Pouch,8000,0,0,8000,200,True,200,80.0,80.0,0.0,No Discount,Out of Stock,Affordable,Light,Bulk Pack,1377
Beverages,Suguna Nourish Egg ,7200,16,0,6000,348,True,6,72.0,60.0,12.0,Medium Discount,Out of Stock,Affordable,Medium,Large Pack,1378
Beverages,RRO Mozzarella Block Cheese,29500,50,0,14700,200,True,200,295.0,147.0,148.0,Very High Discount,Out of Stock,Affordable,Light,Bulk Pack,1379
Packaged Food,Maggi 2 Minute Masala Noodles,1200,0,6,1200,70,False,70,12.0,12.0,0.0,No Discount,In Stock,Budget,Light,Bulk Pack,1380
Packaged Food,iD Idli & Dosa Batter ,8000,15,6,6800,1000,False,1,80.0,68.0,12.0,Medium Discount,In Stock,Affordable,Heavy,Single,1381
Packaged Food,iD Malabar Parota ,8000,10,4,7200,400,False,400,80.0,72.0,8.0,Low Discount,Low Stock,Affordable,Medium,Bulk Pack,1382
Packaged Food,iD Wheat Lachha Paratha,8000,12,6,7000,400,False,400,80.0,70.0,10.0,Medium Discount,In Stock,Affordable,Medium,Bulk Pack,1383
Packaged Food,McCain Aloo Tikki,11000,4,6,10500,400,False,400,110.0,105.0,5.0,Low Discount,In Stock,Affordable,Medium,Bulk Pack,1384
Packaged Food,McCain Smiles Cripsy Happy Potatoes,12000,5,6,11400,415,False,415,120.0,114.0,6.0,Low Discount,In Stock,Affordable,Medium,Bulk Pack,1385
Packaged Food,McCain Veggie Burger Patty,11500,3,6,11100,360,False,360,115.0,111.0,4.0,Low Discount,In Stock,Affordable,Medium,Bulk Pack,1386
Packaged Food,McCain Veggie Fingers,11700,5,6,11100,400,False,400,117.0,111.0,6.0,Low Discount,In Stock,Affordable,Medium,Bulk Pack,1387
Packaged Food,Amul Delicious Fat Spread - Cholesterol Free,1800,5,6,1700,100,False,100,18.0,17.0,1.0,Low Discount,In Stock,Budget,Light,Bulk Pack,1388
Packaged Food,Whiskas Wet  Meal (Adult - Cat Food)  Chicken in Gravy,3500,2,2,3400,85,False,85,35.0,34.0,1.0,Low Discount,Low Stock,Budget,Light,Bulk Pack,1389
Packaged Food,McCain Chilli Garlic Potato Bites Crunchy Potato Nuggets,12500,5,1,11800,420,False,420,125.0,118.0,7.0,Low Discount,Low Stock,Affordable,Medium,Bulk Pack,1390
Packaged Food,Ching's Secret Instant Hot Garlic Noodles,1500,0,3,1500,60,False,60,15.0,15.0,0.0,No Discount,Low Stock,Budget,Light,Bulk Pack,1391
Packaged Food,Veeba Eggless Mayonnaise,7900,11,5,7000,250,False,250,79.0,70.0,9.0,Medium Discount,Low Stock,Affordable,Light,Bulk Pack,1392
Packaged Food,Ching's Secret Instant Schezwan Noodles,1500,0,6,1500,60,False,60,15.0,15.0,0.0,No Discount,In Stock,Budget,Light,Bulk Pack,1393
Packaged Food,Veeba Pasta And Pizza Sauce,7500,13,5,6500,280,False,280,75.0,65.0,10.0,Medium Discount,Low Stock,Affordable,Medium,Bulk Pack,1394
Packaged Food,Top Ramen  Noodles Curry Veg Pouch,2000,0,1,2000,70,False,70,20.0,20.0,0.0,No Discount,Low Stock,Budget,Light,Bulk Pack,1395
Packaged Food,Saffola Veggie Twist Masala Oats,1500,0,6,1500,38,False,38,15.0,15.0,0.0,No Discount,In Stock,Budget,Light,Bulk Pack,1396
Packaged Food,Unibic Almond & Oats Protein Bar,4000,17,4,3300,30,False,30,40.0,33.0,7.0,Medium Discount,Low Stock,Budget,Light,Bulk Pack,1397
Packaged Food,Quaker Oats,7900,0,2,7900,400,False,400,79.0,79.0,0.0,No Discount,Low Stock,Affordable,Medium,Bulk Pack,1398
Packaged Food,Amul Delicious Fat Spread - Cholesterol Free,8800,2,2,8600,500,False,500,88.0,86.0,2.0,Low Discount,Low Stock,Affordable,Medium,Bulk Pack,1399
Packaged Food,McCain French Fries,12000,5,1,11400,420,False,420,120.0,114.0,6.0,Low Discount,Low Stock,Affordable,Medium,Bulk Pack,1400
Packaged Food,Ching's Secret Manchow Instant Soup,1000,0,1,1000,15,False,15,10.0,10.0,0.0,No Discount,Low Stock,Budget,Light,Bulk Pack,1401
Packaged Food,McCain Potato Cheese Shotz,13000,4,6,12400,250,False,250,130.0,124.0,6.0,Low Discount,In Stock,Affordable,Light,Bulk Pack,1402
Packaged Food,McCain Masala - Fries,12000,5,3,11400,375,False,375,120.0,114.0,6.0,Low Discount,Low Stock,Affordable,Medium,Bulk Pack,1403
Packaged Food,Ching's Secret Schezwan Fried Rice Masala,1500,0,6,1500,20,False,20,15.0,15.0,0.0,No Discount,In Stock,Budget,Light,Bulk Pack,1404
Packaged Food,McCain New Mini Samosa with Cheese Pizza Style Filling,12000,1,3,11800,240,False,240,120.0,118.0,2.0,Low Discount,Low Stock,Affordable,Light,Bulk Pack,1405
Packaged Food,McCain Chilli Cheesy Nuggets,13000,4,1,12400,250,False,250,130.0,124.0,6.0,Low Discount,Low Stock,Affordable,Light,Bulk Pack,1406
Packaged Food,"Whiskas Adult (+1 Year) Dry Cat Food, Ocean Fish Flavour",43000,10,6,38700,1200,False,1,430.0,387.0,43.0,Low Discount,In Stock,Mid-Range,Extra Heavy,Single,1407
Packaged Food,Chings Instant Soup - Hot & Sour,1000,0,1,1000,15,False,15,10.0,10.0,0.0,No Discount,Low Stock,Budget,Light,Bulk Pack,1408
Packaged Food,Amul Spray Infant Milk Food,19700,2,6,19300,500,False,500,197.0,193.0,4.0,Low Discount,In Stock,Affordable,Medium,Bulk Pack,1409
Packaged Food,McCain Smiles - Pudina Chatka,12000,5,3,11400,375,False,375,120.0,114.0,6.0,Low Discount,Low Stock,Affordable,Medium,Bulk Pack,1410
Packaged Food,McCain French Fries Crisp & Delicious,17500,4,3,16700,750,False,750,175.0,167.0,8.0,Low Discount,Low Stock,Affordable,Heavy,Bulk Pack,1411
Packaged Food,Ferrero Nutella Hazelnut Spread,22000,5,2,20700,180,False,180,220.0,207.0,13.0,Low Discount,Low Stock,Mid-Range,Light,Bulk Pack,1412
Packaged Food,Lijjat Garlic Papad,6000,5,5,5700,200,False,200,60.0,57.0,3.0,Low Discount,Low Stock,Affordable,Light,Bulk Pack,1413
Packaged Food,Switz Samosa Dough Sheets,9000,4,6,8600,50,False,50,90.0,86.0,4.0,Low Discount,In Stock,Affordable,Light,Bulk Pack,1414
Packaged Food,Amul Cheese Spread Creamy,8500,5,6,8000,180,False,180,85.0,80.0,5.0,Low Discount,In Stock,Affordable,Light,Bulk Pack,1415
Packaged Food,Maggi Imli Sauce Pichkoo,2200,0,6,2200,90,False,90,22.0,22.0,0.0,No Discount,In Stock,Budget,Light,Bulk Pack,1416
Packaged Food,Whiskas Kitten (2-12 months) Dry Cat Food Food Ocean Fish,38500,9,5,34700,1100,False,1100,385.0,347.0,38.0,Low Discount,Low Stock,Mid-Range,Extra Heavy,Bulk Pack,1417
Packaged Food,Chings Instant Soup - Sweet Corn Veg,1000,0,2,1000,15,False,15,10.0,10.0,0.0,No Discount,Low Stock,Budget,Light,Bulk Pack,1418
Packaged Food,Whiskas Wet  Meal (Kitten - Cat Food)  Chicken in Gravy,3500,5,2,3300,85,False,85,35.0,33.0,2.0,Low Discount,Low Stock,Budget,Light,Bulk Pack,1419
Packaged Food,McCain Crazy Fries Masala MixHot 'n' Tangy,12000,5,6,11400,400,False,400,120.0,114.0,6.0,Low Discount,In Stock,Affordable,Medium,Bulk Pack,1420
Packaged Food,The Whole Truth Double Cocoa Protein Bar No Sugar,10000,10,6,9000,52,False,52,100.0,90.0,10.0,Low Discount,In Stock,Affordable,Light,Bulk Pack,1421
Packaged Food,Amul Happy Treats French Fries,6800,4,1,6500,425,False,425,68.0,65.0,3.0,Low Discount,Low Stock,Affordable,Medium,Bulk Pack,1422
Packaged Food,Ferrero Nutella Hazeulnut Spread,38000,6,5,35700,350,False,350,380.0,357.0,23.0,Low Discount,Low Stock,Mid-Range,Medium,Bulk Pack,1423
Packaged Food,Veeba Chipolte Southwest Dressing,16100,7,4,14900,300,False,300,161.0,149.0,12.0,Low Discount,Low Stock,Affordable,Medium,Bulk Pack,1424
Packaged Food,Ching's Secret Manchow Noodles Instant Soup,1500,0,6,1500,20,False,20,15.0,15.0,0.0,No Discount,In Stock,Budget,Light,Bulk Pack,1425
Packaged Food,Yoga Bar Breakfast Protein Bar - Blueberry Pie,5000,12,1,4400,50,False,50,50.0,44.0,6.0,Medium Discount,Low Stock,Budget,Light,Bulk Pack,1426
Packaged Food,Quaker Oats,19900,7,6,18400,1000,False,1,199.0,184.0,15.0,Low Discount,In Stock,Affordable,Heavy,Single,1427
Packaged Food,The Whole Truth Mini Protein Bar - Coconut Cocoa No Added Sugar,5500,25,6,4100,27,False,27,55.0,41.0,14.0,Medium Discount,In Stock,Budget,Light,Bulk Pack,1428
Packaged Food,Switz Spring Roll Dough Sheets,9000,4,6,8600,1160,False,20,90.0,86.0,4.0,Low Discount,In Stock,Affordable,Extra Heavy,Bulk Pack,1429
Packaged Food,Unibic Fruit & Nut Real Cranberries & Almonds Protein Bar,4000,17,6,3300,30,False,30,40.0,33.0,7.0,Medium Discount,In Stock,Budget,Light,Bulk Pack,1430
Packaged Food,Ching's Secret Tomato Instant Soup,1000,0,1,1000,16,False,15,10.0,10.0,0.0,No Discount,Low Stock,Budget,Light,Bulk Pack,1431
Packaged Food,Chef's Basket Durum Wheat Elbow Pasta,16000,50,6,8000,500,False,500,160.0,80.0,80.0,Very High Discount,In Stock,Affordable,Medium,Bulk Pack,1432
Packaged Food,Sunfeast Yippee! Mood Masala Noodles,6000,28,3,4300,260,False,260,60.0,43.0,17.0,High Discount,Low Stock,Budget,Medium,Bulk Pack,1433
Packaged Food,MTR Breakfast Khatta Meetha Poha Mix,2500,20,6,2000,60,False,60,25.0,20.0,5.0,Medium Discount,In Stock,Budget,Light,Bulk Pack,1434
Packaged Food,Kellogg's Crunchy Fruit & Nut Breakfast Cereals Muesli,44500,9,6,40100,750,False,750,445.0,401.0,44.0,Low Discount,In Stock,Mid-Range,Heavy,Bulk Pack,1435
Packaged Food,Ching's Secret Chilli Vinegar,5000,0,4,5000,170,False,170,50.0,50.0,0.0,No Discount,Low Stock,Budget,Light,Bulk Pack,1436
Packaged Food,Ching's Red Chilli Sauce,5500,0,6,5500,200,False,200,55.0,55.0,0.0,No Discount,In Stock,Affordable,Light,Bulk Pack,1437
Packaged Food,Amul Lite Spread,4000,2,5,3900,100,False,100,40.0,39.0,1.0,Low Discount,Low Stock,Budget,Light,Bulk Pack,1438
Packaged Food,Borges Durum Wheat Fusilli Pasta ,25000,0,3,25000,500,False,500,250.0,250.0,0.0,No Discount,Low Stock,Mid-Range,Medium,Bulk Pack,1439
Packaged Food,The Whole Truth Cranberry Mini Protein Bar No Sugar,5500,20,6,4400,27,False,27,55.0,44.0,11.0,Medium Discount,In Stock,Budget,Light,Bulk Pack,1440
Packaged Food,The Whole Truth Mini Protein Bar - Coffee Cocoa No Added Sugar,5500,20,6,4400,27,False,27,55.0,44.0,11.0,Medium Discount,In Stock,Budget,Light,Bulk Pack,1441
Packaged Food,Maggi Hot & Sweet Tomato Chilli Sauce,11500,0,1,11500,500,False,500,115.0,115.0,0.0,No Discount,Low Stock,Affordable,Medium,Bulk Pack,1442
Packaged Food,Sunfeast YiPPee! Noodles - Magic Masala,9600,5,4,9100,540,False,540,96.0,91.0,5.0,Low Discount,Low Stock,Affordable,Heavy,Bulk Pack,1443
Packaged Food,Chef's Basket Durum Wheat Fusilli Pasta,16000,50,6,8000,500,False,500,160.0,80.0,80.0,Very High Discount,In Stock,Affordable,Medium,Bulk Pack,1444
Packaged Food,Top Ramen Chicken Noodles,6000,10,1,5400,280,False,280,60.0,54.0,6.0,Low Discount,Low Stock,Affordable,Medium,Bulk Pack,1445
Packaged Food,Veeba Cheese and Chilli Sandwich Spread,8900,11,6,7900,275,False,275,89.0,79.0,10.0,Medium Discount,In Stock,Affordable,Medium,Bulk Pack,1446
Packaged Food,Ching’s Secret Chowmein Hakka Noodles Masala ,4400,0,2,4400,60,False,60,44.0,44.0,0.0,No Discount,Low Stock,Budget,Light,Bulk Pack,1447
Packaged Food,Safal Frozen - Mixed Vegetables,11000,4,2,10500,1000,False,1,110.0,105.0,5.0,Low Discount,Low Stock,Affordable,Heavy,Single,1448
Packaged Food,MTR 3 Min Poha,2500,0,6,2500,60,False,60,25.0,25.0,0.0,No Discount,In Stock,Budget,Light,Bulk Pack,1449
Packaged Food,Ching's Manchurian Instant Noodles,1500,0,5,1500,60,False,60,15.0,15.0,0.0,No Discount,Low Stock,Budget,Light,Bulk Pack,1450
Packaged Food,The Whole Truth Peanut Cocoa Mini Protein Bar No Sugar ,5500,25,6,4100,27,False,27,55.0,41.0,14.0,Medium Discount,In Stock,Budget,Light,Bulk Pack,1451
Packaged Food,Gits Pav Bhaji Ready to Eat,11000,22,6,8500,300,False,300,110.0,85.0,25.0,Medium Discount,In Stock,Affordable,Medium,Bulk Pack,1452
Packaged Food,McCain New Mini Samosa with Cheese Corn Style Filling,12000,1,2,11800,240,False,240,120.0,118.0,2.0,Low Discount,Low Stock,Affordable,Light,Bulk Pack,1453
Packaged Food,Lijjat Udad Mini Papad,6000,6,6,5600,200,False,200,60.0,56.0,4.0,Low Discount,In Stock,Affordable,Light,Bulk Pack,1454
Packaged Food,McCain Herb & Garlic Crazy Fries Masala Mix ,12000,5,5,11400,400,False,400,120.0,114.0,6.0,Low Discount,Low Stock,Affordable,Medium,Bulk Pack,1455
Packaged Food,Yoga Bar Multigrain Energy Bar Nuts And Seeds,4000,12,4,3500,38,False,38,40.0,35.0,5.0,Medium Discount,Low Stock,Budget,Light,Bulk Pack,1456
Packaged Food,"Ching's Secret Sauce, Green Chilli",5500,0,5,5500,190,False,190,55.0,55.0,0.0,No Discount,Low Stock,Affordable,Light,Bulk Pack,1457
Packaged Food,Veeba Pizza Topping,7500,6,4,7000,280,False,280,75.0,70.0,5.0,Low Discount,Low Stock,Affordable,Medium,Bulk Pack,1458
Packaged Food,Switz Paratha Puff,11000,4,6,10500,400,False,400,110.0,105.0,5.0,Low Discount,In Stock,Affordable,Medium,Bulk Pack,1459
Packaged Food,"New Kellogg's Muesli with 21% Fruit, Nut & Seeds",32500,6,6,30500,500,False,500,325.0,305.0,20.0,Low Discount,In Stock,Mid-Range,Medium,Bulk Pack,1460
Packaged Food,The Whole Truth Double Cocoa Mini Protein Bar No Sugar,5500,20,5,4400,27,False,27,55.0,44.0,11.0,Medium Discount,Low Stock,Budget,Light,Bulk Pack,1461
Packaged Food,Sunfeast Yippee Tricolor Pasta Seasoning,2800,17,1,2300,65,False,65,28.0,23.0,5.0,Medium Discount,Low Stock,Budget,Light,Bulk Pack,1462
Packaged Food,Wingreens Cheesy Chipotle Sauce,9900,49,1,5000,130,False,130,99.0,50.0,49.0,Very High Discount,Low Stock,Budget,Light,Bulk Pack,1463
Packaged Food,Maggi Rich Tomato Ketchup,10500,4,2,10000,500,False,500,105.0,100.0,5.0,Low Discount,Low Stock,Affordable,Medium,Bulk Pack,1464
Packaged Food,The Whole Truth Dark Chocolate Peanut Butter - Creamy,23500,25,6,17400,325,False,325,235.0,174.0,61.0,Medium Discount,In Stock,Affordable,Medium,Bulk Pack,1465
Packaged Food,Godrej Yummiez Chicken Nuggets,32500,9,1,29300,500,False,500,325.0,293.0,32.0,Low Discount,Low Stock,Mid-Range,Medium,Bulk Pack,1466
Packaged Food,Go Cheese  Spread Plain,9900,5,6,9400,200,False,200,99.0,94.0,5.0,Low Discount,In Stock,Affordable,Light,Bulk Pack,1467
Packaged Food,Kellogg's Real Almond & Honey Corn Flakes,17500,9,6,15800,300,False,300,175.0,158.0,17.0,Low Discount,In Stock,Affordable,Medium,Bulk Pack,1468
Packaged Food,The Whole Truth Vegan Almond Choco Fudge Energy Bar No Sugar,6000,20,6,4800,40,False,40,60.0,48.0,12.0,Medium Discount,In Stock,Budget,Light,Bulk Pack,1469
Packaged Food,Prasuma Vegetable Momos,27000,0,5,27000,24,False,24,270.0,270.0,0.0,No Discount,Low Stock,Mid-Range,Light,Bulk Pack,1470
Packaged Food,MTR Upma,5000,10,6,4500,160,False,160,50.0,45.0,5.0,Low Discount,In Stock,Budget,Light,Bulk Pack,1471
Packaged Food,Ching's Schezwan Masala Instant Noodles,6000,0,1,6000,240,False,240,60.0,60.0,0.0,No Discount,Low Stock,Affordable,Light,Bulk Pack,1472
Packaged Food,The Whole Truth Cranberry Protein Bar No Sugar,10000,26,6,7400,52,False,52,100.0,74.0,26.0,High Discount,In Stock,Affordable,Light,Bulk Pack,1473
Packaged Food,Saffola Yummy Masala Noodles ,2000,0,2,2000,46,False,46,20.0,20.0,0.0,No Discount,Low Stock,Budget,Light,Bulk Pack,1474
Packaged Food,Veeba English Mustard,7400,6,2,6900,300,False,300,74.0,69.0,5.0,Low Discount,Low Stock,Affordable,Medium,Bulk Pack,1475
Packaged Food,Dabur Hommade Tamarind Paste,4800,6,6,4500,200,False,200,48.0,45.0,3.0,Low Discount,In Stock,Budget,Light,Bulk Pack,1476
Packaged Food,Yoga Bar Breakfast Muesli - Almond Caramel (No Added Sugar),32500,4,6,30900,400,False,400,325.0,309.0,16.0,Low Discount,In Stock,Mid-Range,Medium,Bulk Pack,1477
Packaged Food,The Whole Truth Mini Protein Bar - Peanut Butter No Added Sugar,5500,25,6,4100,27,False,27,55.0,41.0,14.0,Medium Discount,In Stock,Budget,Light,Bulk Pack,1478
Packaged Food,ITC Master Chef Crispy Chicken Fries ,17000,4,3,16200,280,False,280,170.0,162.0,8.0,Low Discount,Low Stock,Affordable,Medium,Bulk Pack,1479
Packaged Food,Kelloggs Corn Flakes,9900,13,6,8600,250,False,250,99.0,86.0,13.0,Medium Discount,In Stock,Affordable,Light,Bulk Pack,1480
Packaged Food,Nissin Cup Noodles Tangy Tomato,5000,10,2,4500,70,False,70,50.0,45.0,5.0,Low Discount,Low Stock,Budget,Light,Bulk Pack,1481
Packaged Food,Smith & Jones White Pasta Sauce Mix,4000,0,3,4000,46,False,46,40.0,40.0,0.0,No Discount,Low Stock,Budget,Light,Bulk Pack,1482
Packaged Food,Sunfeast Yippee! Pasta Treat - Sour Cream Onion,2800,10,1,2500,65,False,65,28.0,25.0,3.0,Low Discount,Low Stock,Budget,Light,Bulk Pack,1483
Packaged Food,Mothers Recipe Tamrind Date Chutney ,5500,9,2,5000,200,False,200,55.0,50.0,5.0,Low Discount,Low Stock,Budget,Light,Bulk Pack,1484
Packaged Food,Veeba Mint Mayonnaise,16900,8,4,15500,300,False,300,169.0,155.0,14.0,Low Discount,Low Stock,Affordable,Medium,Bulk Pack,1485
Packaged Food,Mccain Emotibites - Crispy Happy Potato Snack,13000,0,6,12900,415,False,415,130.0,129.0,1.0,No Discount,In Stock,Affordable,Medium,Bulk Pack,1486
Packaged Food,The Whole Truth Energy Bar Choco Cranberry Fudge,6000,26,6,4400,40,False,40,60.0,44.0,16.0,High Discount,In Stock,Budget,Light,Bulk Pack,1487
Packaged Food,Godrej Yummiez Chicken Lucknowi Seekh Kebab,26000,10,4,23400,400,False,400,260.0,234.0,26.0,Low Discount,Low Stock,Mid-Range,Medium,Bulk Pack,1488
Packaged Food,Prasuma Vegetable Momos,15000,0,5,15000,580,False,10,150.0,150.0,0.0,No Discount,Low Stock,Affordable,Heavy,Large Pack,1489
Packaged Food,Mother's Recipe Mixed Pickle,8500,9,2,7700,300,False,300,85.0,77.0,8.0,Low Discount,Low Stock,Affordable,Medium,Bulk Pack,1490
Packaged Food,Sunfeast Yippee! Pasta Treat - Sour Cream Onion,2800,17,3,2300,65,False,65,28.0,23.0,5.0,Medium Discount,Low Stock,Budget,Light,Bulk Pack,1491
Packaged Food,The Whole Truth Peanut Cocoa Protein Bar No Sugar,10000,26,6,7400,52,False,52,100.0,74.0,26.0,High Discount,In Stock,Affordable,Light,Bulk Pack,1492
Packaged Food,Yoga Bar Breakfast Muesli - Chocolate & Cranberry ,32500,4,6,30900,400,False,400,325.0,309.0,16.0,Low Discount,In Stock,Mid-Range,Medium,Bulk Pack,1493
Packaged Food,Sunfeast YiPPee! Magic Masala Noodles,7000,10,3,6300,405,False,405,70.0,63.0,7.0,Low Discount,Low Stock,Affordable,Medium,Bulk Pack,1494
Packaged Food,Veeba Sweet Onion Sauce,14100,14,4,12100,350,False,350,141.0,121.0,20.0,Medium Discount,Low Stock,Affordable,Medium,Bulk Pack,1495
Packaged Food,Quaker Oats Breakfast Cereals - With Flavour Mix Nutritious Rich Source Of Energy,4900,8,6,4500,200,False,200,49.0,45.0,4.0,Low Discount,In Stock,Budget,Light,Bulk Pack,1496
Packaged Food,Mother's Recipe Tamarind Paste,5000,2,6,4900,200,False,200,50.0,49.0,1.0,Low Discount,In Stock,Budget,Light,Bulk Pack,1497
Packaged Food,Yogabar No Added Sugar Protein Bar Brownie,12500,15,4,10600,60,False,60,125.0,106.0,19.0,Medium Discount,Low Stock,Affordable,Light,Bulk Pack,1498
Packaged Food,Bambino Popular Vermicelli ,4000,2,3,3900,400,False,400,40.0,39.0,1.0,Low Discount,Low Stock,Budget,Medium,Bulk Pack,1499
Packaged Food,Ching's Secret Mix Veg Instant Soup,1000,0,3,1000,15,False,15,10.0,10.0,0.0,No Discount,Low Stock,Budget,Light,Bulk Pack,1500
Packaged Food,Mother's Recipe Pickle - Red Stuffed Chilli,14500,11,3,12900,400,False,400,145.0,129.0,16.0,Medium Discount,Low Stock,Affordable,Medium,Bulk Pack,1501
Packaged Food,Kellogg's No Added Sugar Muesli,33500,11,6,29800,500,False,500,335.0,298.0,37.0,Medium Discount,In Stock,Mid-Range,Medium,Bulk Pack,1502
Packaged Food,Veeba Salsa Dip,11900,6,6,11100,360,False,360,119.0,111.0,8.0,Low Discount,In Stock,Affordable,Medium,Bulk Pack,1503
Packaged Food,Veeba Thousand Island Dressing,14900,8,6,13700,300,False,300,149.0,137.0,12.0,Low Discount,In Stock,Affordable,Medium,Bulk Pack,1504
Packaged Food,Baggry's Crunchy Muesli Almond Raisins & Honey,13000,0,5,13000,200,False,200,130.0,130.0,0.0,No Discount,Low Stock,Affordable,Light,Bulk Pack,1505
Packaged Food,Knorr Chinese Hot And Sour Veg Soup,5500,3,1,5300,43,False,43,55.0,53.0,2.0,Low Discount,Low Stock,Affordable,Light,Bulk Pack,1506
Packaged Food,Go Cheese Spread - Garlic,9900,5,6,9400,200,False,200,99.0,94.0,5.0,Low Discount,In Stock,Affordable,Light,Bulk Pack,1507
Packaged Food,The Whole Truth Peanut Butter With Dates - Creamy No Sugar,21500,9,6,19400,325,False,325,215.0,194.0,21.0,Low Discount,In Stock,Affordable,Medium,Bulk Pack,1508
Packaged Food,Zorabian Chicken Smoked Ham,20500,5,1,19400,250,False,250,205.0,194.0,11.0,Low Discount,Low Stock,Affordable,Light,Bulk Pack,1509
Packaged Food,Kissan Pineapple Jam,16500,9,1,14900,500,False,500,165.0,149.0,16.0,Low Discount,Low Stock,Affordable,Medium,Bulk Pack,1510
Packaged Food,Smith & Jones Masala Noodles,8900,0,5,8900,480,False,480,89.0,89.0,0.0,No Discount,Low Stock,Affordable,Medium,Bulk Pack,1511
Packaged Food,Nestle Nestle Nan Pro Follow-Up Formula,65000,0,6,65000,400,False,400,650.0,650.0,0.0,No Discount,In Stock,Premium,Medium,Bulk Pack,1512
Packaged Food,Sunfeast Yippee! Power Up Atta Noodles,9600,15,6,8100,280,False,280,96.0,81.0,15.0,Medium Discount,In Stock,Affordable,Medium,Bulk Pack,1513
Packaged Food,McCain Super Wedges,12000,7,6,11100,400,False,400,120.0,111.0,9.0,Low Discount,In Stock,Affordable,Medium,Bulk Pack,1514
Packaged Food,"Kellogg's Crunchy Granola Honey, Almonds, Strawberries & Pumpkin Seeds",33000,10,1,29400,450,False,450,330.0,294.0,36.0,Low Discount,Low Stock,Mid-Range,Medium,Bulk Pack,1515
Packaged Food,Kellogg's Chocos,13000,10,6,11700,250,False,250,130.0,117.0,13.0,Low Discount,In Stock,Affordable,Light,Bulk Pack,1516
Packaged Food,Ching's Secret Just Soak - Whole Wheat Veg Hakka Noodle,3200,0,3,3200,150,False,150,32.0,32.0,0.0,No Discount,Low Stock,Budget,Light,Bulk Pack,1517
Packaged Food,The Whole Truth Vegan Fig Apricot & Orange Energy Bar No Sugar,6000,20,6,4800,40,False,40,60.0,48.0,12.0,Medium Discount,In Stock,Budget,Light,Bulk Pack,1518
Packaged Food,Saffola Veggie Twist Masala Oats,19500,12,2,17100,500,False,500,195.0,171.0,24.0,Medium Discount,Low Stock,Affordable,Medium,Bulk Pack,1519
Packaged Food,ITC Master Chef Classic Aloo Tikki,8000,10,3,7200,320,False,320,80.0,72.0,8.0,Low Discount,Low Stock,Affordable,Medium,Bulk Pack,1520
Packaged Food,Smith & Jones Pink Pasta Sauce Mix,4000,0,4,4000,46,False,46,40.0,40.0,0.0,No Discount,Low Stock,Budget,Light,Bulk Pack,1521
Packaged Food,Wingreens Farms Chipotle Dip,20000,25,1,15000,180,False,180,200.0,150.0,50.0,Medium Discount,Low Stock,Affordable,Light,Bulk Pack,1522
Packaged Food,Kellogg's Real Almond & Honey Corn Flakes,55000,5,3,52000,1000,False,1,550.0,520.0,30.0,Low Discount,Low Stock,Premium,Heavy,Single,1523
Packaged Food,Kellogg's Crunchy Granola Chocolate & Almonds,33000,10,3,29400,450,False,450,330.0,294.0,36.0,Low Discount,Low Stock,Mid-Range,Medium,Bulk Pack,1524
Packaged Food,Cornitos Cornitos Taco Shells - 6 Inches,16000,20,4,12800,180,False,180,160.0,128.0,32.0,Medium Discount,Low Stock,Affordable,Light,Bulk Pack,1525
Packaged Food,Ching's Secret Singapore Curry Instant Noodles,1500,0,3,1500,60,False,60,15.0,15.0,0.0,No Discount,Low Stock,Budget,Light,Bulk Pack,1526
Packaged Food,Mother's Recipe Pickle - Mango,12500,9,6,11300,400,False,500,125.0,113.0,12.0,Low Discount,In Stock,Affordable,Medium,Bulk Pack,1527
Packaged Food,Godrej Yummiez Chilli Chicken Sausages ,16000,10,3,14400,250,False,250,160.0,144.0,16.0,Low Discount,Low Stock,Affordable,Light,Bulk Pack,1528
Packaged Food,Pedigree Dentastix  Dog Treat Oral Care for Adult Medium Breed ,17500,20,6,14000,180,False,180,175.0,140.0,35.0,Medium Discount,In Stock,Affordable,Light,Bulk Pack,1529
Packaged Food,Maggi Hot & Sweet - Tomato Chilli Sauce,17000,10,1,15300,1000,False,1,170.0,153.0,17.0,Low Discount,Low Stock,Affordable,Heavy,Single,1530
Packaged Food,Ching's Secret Asian Hot Instant Soup,1500,0,3,1500,15,False,15,15.0,15.0,0.0,No Discount,Low Stock,Budget,Light,Bulk Pack,1531
Packaged Food,Kellogg’s Chocos Protein And Fibre Of 1 Roti,49900,11,6,44400,1200,False,1,499.0,444.0,55.0,Medium Discount,In Stock,Mid-Range,Extra Heavy,Single,1532
Packaged Food,Mother's Recipe Pickle - Mango,14900,26,4,10900,500,False,500,149.0,109.0,40.0,High Discount,Low Stock,Affordable,Medium,Bulk Pack,1533
Packaged Food,Chings Secret Manchurian Instant Noodle,6000,0,6,6000,240,False,240,60.0,60.0,0.0,No Discount,In Stock,Affordable,Light,Bulk Pack,1534
Packaged Food,Kellogg's Original Corn Flakes,31000,6,6,29000,875,False,875,310.0,290.0,20.0,Low Discount,In Stock,Mid-Range,Heavy,Bulk Pack,1535
Packaged Food,Ching's Singapore Curry Instant Noodles,6000,0,4,6000,240,False,240,60.0,60.0,0.0,No Discount,Low Stock,Affordable,Light,Bulk Pack,1536
Packaged Food,Kellogg's Almonds And Cranberries Granola,33000,6,6,31000,460,False,460,330.0,310.0,20.0,Low Discount,In Stock,Mid-Range,Medium,Bulk Pack,1537
Packaged Food,Nestle Ceregrow Multigrain Cereal with Milk and Fruits - 3 to 6 years,29200,0,6,29200,300,False,300,292.0,292.0,0.0,No Discount,In Stock,Mid-Range,Medium,Bulk Pack,1538
Packaged Food,MTR 3 Minute Breakfast - Magic Masala Upma,2500,0,6,2500,60,False,60,25.0,25.0,0.0,No Discount,In Stock,Budget,Light,Bulk Pack,1539
Packaged Food,Smith & Jones Masala Noodles,6800,10,5,6100,360,False,360,68.0,61.0,7.0,Low Discount,Low Stock,Affordable,Medium,Bulk Pack,1540
Packaged Food,"Knorr Classic Tomato Soup With 100% Real Vegetabls, No Added Preservatives",5500,0,6,5500,53,False,53,55.0,55.0,0.0,No Discount,In Stock,Affordable,Light,Bulk Pack,1541
Packaged Food,Godrej Yummiez Chicken Punjabi Tikka ,29500,9,6,26600,360,False,360,295.0,266.0,29.0,Low Discount,In Stock,Mid-Range,Medium,Bulk Pack,1542
Packaged Food,Kellogg's Corn Flakes,42500,9,1,38300,1000,False,1,425.0,383.0,42.0,Low Discount,Low Stock,Mid-Range,Heavy,Single,1543
Packaged Food,Kelloggs Chocos,17000,5,4,16000,385,False,385,170.0,160.0,10.0,Low Discount,Low Stock,Affordable,Medium,Bulk Pack,1544
Packaged Food,Pedigree Puppy Dry Dog Food Food Chicken & Milk,29000,20,6,23200,1200,False,1200,290.0,232.0,58.0,Medium Discount,In Stock,Mid-Range,Extra Heavy,Bulk Pack,1545
Packaged Food,Ching's Secret Lemon Coriander Instant Soup,1500,0,5,1500,15,False,15,15.0,15.0,0.0,No Discount,Low Stock,Budget,Light,Bulk Pack,1546
Packaged Food,Nestle Cerelac Baby Cereal With Milk Wheat-Rice Mixed Fruit,26100,0,6,26100,300,False,300,261.0,261.0,0.0,No Discount,In Stock,Mid-Range,Medium,Bulk Pack,1547
Packaged Food,Kelloggs Chocos - Moons & Stars,66000,40,4,39600,1200,False,1,660.0,396.0,264.0,High Discount,Low Stock,Mid-Range,Extra Heavy,Single,1548
Packaged Food,ITC Master Chef Chicken Galouti Kebab,17000,4,2,16200,210,False,210,170.0,162.0,8.0,Low Discount,Low Stock,Affordable,Light,Bulk Pack,1549
Packaged Food,Yogabar 100% Pure Peanut Butter Creamy & Yummy Unsweetened,22900,10,6,20600,400,False,400,229.0,206.0,23.0,Low Discount,In Stock,Mid-Range,Medium,Bulk Pack,1550
Packaged Food,Kitchens Of India Palak Paneer,13000,30,6,9100,285,False,285,130.0,91.0,39.0,High Discount,In Stock,Affordable,Medium,Bulk Pack,1551
Packaged Food,Kelloggs Chocos Fills Double Chocolat,9900,11,6,8800,175,False,175,99.0,88.0,11.0,Medium Discount,In Stock,Affordable,Light,Bulk Pack,1552
Packaged Food,Soulfull Ragi Bites Choco Fills,16900,5,4,16000,250,False,250,169.0,160.0,9.0,Low Discount,Low Stock,Affordable,Light,Bulk Pack,1553
Packaged Food,Figaro Sliced Black Olive ,17900,0,6,17900,450,False,450,179.0,179.0,0.0,No Discount,In Stock,Affordable,Medium,Bulk Pack,1554
Packaged Food,Veeba Barbeque Sauce,14900,8,6,13700,330,False,330,149.0,137.0,12.0,Low Discount,In Stock,Affordable,Medium,Bulk Pack,1555
Packaged Food,The Whole Truth Vegan Mocha Almond Fudge Energy Bar No Sugar,6000,20,6,4800,40,False,40,60.0,48.0,12.0,Medium Discount,In Stock,Budget,Light,Bulk Pack,1556
Packaged Food,"The Whole Truth - Nuts, Fruits & Seeds Muesli",32500,20,6,26000,350,False,350,325.0,260.0,65.0,Medium Discount,In Stock,Mid-Range,Medium,Bulk Pack,1557
Packaged Food,Pantai Green Curry Paste,15000,14,5,12800,114,False,114,150.0,128.0,22.0,Medium Discount,Low Stock,Affordable,Light,Bulk Pack,1558
Packaged Food,Kelloggs Special K,21000,8,5,19200,435,False,435,210.0,192.0,18.0,Low Discount,Low Stock,Affordable,Medium,Bulk Pack,1559
Packaged Food,Moi Soi Sichuan Chilli Oil- For Stir Fry Marinade Spread & Dip,28000,50,5,14000,175,False,175,280.0,140.0,140.0,Very High Discount,Low Stock,Affordable,Light,Bulk Pack,1560
Packaged Food,Mother's Recipe Madras Appalam,5000,10,6,4500,100,False,100,50.0,45.0,5.0,Low Discount,In Stock,Budget,Light,Bulk Pack,1561
Packaged Food,Top Ramen Masala Oat Masala,8000,10,6,7200,280,False,280,80.0,72.0,8.0,Low Discount,In Stock,Affordable,Medium,Bulk Pack,1562
Packaged Food,Saffola Everyday Peppy Tomato Masala Oats,19500,12,6,17100,500,False,500,195.0,171.0,24.0,Medium Discount,In Stock,Affordable,Medium,Bulk Pack,1563
Packaged Food,"Ching's Secret Instant Noodles, Hot Garlic",6000,0,4,6000,240,False,240,60.0,60.0,0.0,No Discount,Low Stock,Affordable,Light,Bulk Pack,1564
Packaged Food,Kitchens Of India Chicken Chettinad,20000,30,1,14000,285,False,285,200.0,140.0,60.0,High Discount,Low Stock,Affordable,Medium,Bulk Pack,1565
Packaged Food,Nestle Cerelac Wheat - Stage 1,19000,0,6,19000,300,False,300,190.0,190.0,0.0,No Discount,In Stock,Affordable,Medium,Bulk Pack,1566
Packaged Food,Sumeru Aloo Paratha,11900,5,6,11300,400,False,400,119.0,113.0,6.0,Low Discount,In Stock,Affordable,Medium,Bulk Pack,1567
Packaged Food,ITC Master Chef Veggie Pizza Pocket,17000,4,4,16200,340,False,340,170.0,162.0,8.0,Low Discount,Low Stock,Affordable,Medium,Bulk Pack,1568
Packaged Food,Wingreens Farms Tangy Cheese Pita Chips & Mexican Salsa Dip,6000,15,1,5100,70,False,70,60.0,51.0,9.0,Medium Discount,Low Stock,Affordable,Light,Bulk Pack,1569
Packaged Food,Ching's Secret Manchow Soup,5500,0,3,5500,55,False,55,55.0,55.0,0.0,No Discount,Low Stock,Affordable,Light,Bulk Pack,1570
Packaged Food,Veeba Carrot & Cucumber Sandwich Spread,8500,10,6,7600,250,False,250,85.0,76.0,9.0,Low Discount,In Stock,Affordable,Light,Bulk Pack,1571
Packaged Food,Kellogg's Real Almond & Honey Corn Flakes,37000,12,3,32400,650,False,650,370.0,324.0,46.0,Medium Discount,Low Stock,Mid-Range,Heavy,Bulk Pack,1572
Packaged Food,Kitchens Of India Mughlai Paneer,16000,30,4,11200,285,False,285,160.0,112.0,48.0,High Discount,Low Stock,Affordable,Medium,Bulk Pack,1573
Packaged Food,Ching's Secret Just Soak - Veg Hakka Noodles,3000,0,5,3000,150,False,150,30.0,30.0,0.0,No Discount,Low Stock,Budget,Light,Bulk Pack,1574
Packaged Food,Ching's Secret Chowmein Hakka Noodles Masala,6000,10,2,5400,100,False,100,60.0,54.0,6.0,Low Discount,Low Stock,Affordable,Light,Bulk Pack,1575
Packaged Food,The Whole Truth Dark Chocolate Peanut Butter - Crunchy,23500,20,5,18800,325,False,325,235.0,188.0,47.0,Medium Discount,Low Stock,Affordable,Medium,Bulk Pack,1576
Packaged Food,Mother's Recipe Bhel Puri Chutney,5500,9,4,5000,200,False,200,55.0,50.0,5.0,Low Discount,Low Stock,Budget,Light,Bulk Pack,1577
Packaged Food,Kelloggs Chocos Moon & Stars,33000,10,6,29400,680,False,680,330.0,294.0,36.0,Low Discount,In Stock,Mid-Range,Heavy,Bulk Pack,1578
Packaged Food,Mother's Recipe Lime Pickle ,12000,5,1,11400,400,False,400,120.0,114.0,6.0,Low Discount,Low Stock,Affordable,Medium,Bulk Pack,1579
Packaged Food,Kitchens of India Dal Makhani,11000,30,2,7700,285,False,285,110.0,77.0,33.0,High Discount,Low Stock,Affordable,Medium,Bulk Pack,1580
Packaged Food,Pantai Light Soy Sauce,27500,14,5,23400,200,False,200,275.0,234.0,41.0,Medium Discount,Low Stock,Mid-Range,Light,Bulk Pack,1581
Packaged Food,Ching's Secret Sweet Corn Soup,5500,0,6,5500,55,False,55,55.0,55.0,0.0,No Discount,In Stock,Affordable,Light,Bulk Pack,1582
Packaged Food,"Top Ramen Noodles, Atta",8000,0,1,8000,280,False,280,80.0,80.0,0.0,No Discount,Low Stock,Affordable,Medium,Bulk Pack,1583
Packaged Food,Cantina Tortilla Dip Sauce Sour Creamy Tex Mex,22500,15,5,19100,190,False,190,225.0,191.0,34.0,Medium Discount,Low Stock,Affordable,Light,Bulk Pack,1584
Packaged Food,Dabur Hommade - Rajasthan Ki Garlic Chutne,6500,6,6,6100,200,False,200,65.0,61.0,4.0,Low Discount,In Stock,Affordable,Light,Bulk Pack,1585
Packaged Food,MTR Seviyan Vermicelli ,4200,0,2,4200,400,False,400,42.0,42.0,0.0,No Discount,Low Stock,Budget,Medium,Bulk Pack,1586
Packaged Food,Pantai Oyster Sauce,27500,14,4,23400,200,False,200,275.0,234.0,41.0,Medium Discount,Low Stock,Mid-Range,Light,Bulk Pack,1587
Packaged Food,Go Cheese Spread - Four Pepper (Soft & Creamy),9900,5,6,9400,200,False,200,99.0,94.0,5.0,Low Discount,In Stock,Affordable,Light,Bulk Pack,1588
Packaged Food,MTR Ready To Eat Paneer Butter Masala,13500,9,2,12200,300,False,300,135.0,122.0,13.0,Low Discount,Low Stock,Affordable,Medium,Bulk Pack,1589
Packaged Food,Nestle Lactogen Stage 2 Follow-up Formula Powder,34000,0,2,34000,400,False,400,340.0,340.0,0.0,No Discount,Low Stock,Mid-Range,Medium,Bulk Pack,1590
Packaged Food,Kellogg's Crunchy Bites Chocos,19000,10,6,17100,375,False,375,190.0,171.0,19.0,Low Discount,In Stock,Affordable,Medium,Bulk Pack,1591
Packaged Food,Veeba Hot Sweet Tomato Chilli Sauce,10400,20,3,8300,500,False,500,104.0,83.0,21.0,Medium Discount,Low Stock,Affordable,Medium,Bulk Pack,1592
Packaged Food,Borges Durum Wheat Pasta Superior Quality,25000,40,6,14900,500,False,500,250.0,149.0,101.0,High Discount,In Stock,Affordable,Medium,Bulk Pack,1593
Packaged Food,Funfoods Peanut Butter Crunchy,16900,7,1,15600,400,False,400,169.0,156.0,13.0,Low Discount,Low Stock,Affordable,Medium,Bulk Pack,1594
Packaged Food,Pantai Red Curry Paste,6000,0,4,6000,50,False,50,60.0,60.0,0.0,No Discount,Low Stock,Affordable,Light,Bulk Pack,1595
Packaged Food,ITC Master Chef Chicken Seekh Kabab,32500,0,6,32500,500,False,500,325.0,325.0,0.0,No Discount,In Stock,Mid-Range,Medium,Bulk Pack,1596
Packaged Food,Del Monte Pizza & Pasta Sauce Spout Pack,9900,0,3,9900,400,False,400,99.0,99.0,0.0,No Discount,Low Stock,Affordable,Medium,Bulk Pack,1597
Packaged Food,Pantai Sriracha Red Chilli Sauce,22500,15,6,19100,200,False,200,225.0,191.0,34.0,Medium Discount,In Stock,Affordable,Light,Bulk Pack,1598
Packaged Food,Hershey's Cocoa Spread,29500,0,3,29500,350,False,350,295.0,295.0,0.0,No Discount,Low Stock,Mid-Range,Medium,Bulk Pack,1599
Packaged Food,Maggi Ghee Tadka Upma Express Pouch,2500,0,6,2500,65,False,65,25.0,25.0,0.0,No Discount,In Stock,Budget,Light,Bulk Pack,1600
Packaged Food,Ching's Secret Manchurian Noodles,9100,0,5,9100,360,False,360,91.0,91.0,0.0,No Discount,Low Stock,Affordable,Medium,Bulk Pack,1601
Packaged Food,Kellogg's All Bran Wheat Flakes,22000,6,5,20500,425,False,425,220.0,205.0,15.0,Low Discount,Low Stock,Mid-Range,Medium,Bulk Pack,1602
Packaged Food,Yummiez Chicken Breakfast Sausages,15000,0,3,15000,250,False,250,150.0,150.0,0.0,No Discount,Low Stock,Affordable,Light,Bulk Pack,1603
Packaged Food,Pantai Red Curry Paste,15000,14,3,12800,114,False,114,150.0,128.0,22.0,Medium Discount,Low Stock,Affordable,Light,Bulk Pack,1604
Packaged Food,Bagrrys Muesli Crunchy Fruit & Nut With Cranberries,33000,10,6,29700,400,False,400,330.0,297.0,33.0,Low Discount,In Stock,Mid-Range,Medium,Bulk Pack,1605
Packaged Food,Quaker Oats Pouch,27600,10,6,24800,1500,False,1,276.0,248.0,28.0,Low Discount,In Stock,Mid-Range,Extra Heavy,Single,1606
Packaged Food,Prasuma Momos -  Cheesy Spicy Veg,29500,0,6,29500,24,False,24,295.0,295.0,0.0,No Discount,In Stock,Mid-Range,Light,Bulk Pack,1607
Packaged Food,Veeba Sriracha Chilli Garlic Sauce,14900,8,5,13700,320,False,320,149.0,137.0,12.0,Low Discount,Low Stock,Affordable,Medium,Bulk Pack,1608
Packaged Food,Ching's Secret Just Soak - Veg Hakka Noodles,11500,0,6,11500,600,False,600,115.0,115.0,0.0,No Discount,In Stock,Affordable,Heavy,Bulk Pack,1609
Packaged Food,Moi Soi Kung Pao Sauce - For Stir Fry Marinade Spread & Dip,28000,50,5,14000,175,False,175,280.0,140.0,140.0,Very High Discount,Low Stock,Affordable,Light,Bulk Pack,1610
Packaged Food,Figaro Plain Green Olive ,17900,0,6,17900,450,False,450,179.0,179.0,0.0,No Discount,In Stock,Affordable,Medium,Bulk Pack,1611
Packaged Food,Mother's Recipe Gujrati Gorkeri Pickle,14000,10,3,12600,500,False,500,140.0,126.0,14.0,Low Discount,Low Stock,Affordable,Medium,Bulk Pack,1612
Packaged Food,Kellogg's Muesli 20% Nuts Delight,32000,0,6,32000,500,False,500,320.0,320.0,0.0,No Discount,In Stock,Mid-Range,Medium,Bulk Pack,1613
Packaged Food,Borges Farfalle Durum Wheat Pasta ,25000,0,5,25000,500,False,500,250.0,250.0,0.0,No Discount,Low Stock,Mid-Range,Medium,Bulk Pack,1614
Packaged Food,Kellogg's Chocos,29900,10,4,26900,700,False,700,299.0,269.0,30.0,Low Discount,Low Stock,Mid-Range,Heavy,Bulk Pack,1615
Packaged Food,Nestle Nan Pro 4 Follow Up Formula Powder For Older Infants ,62000,0,1,62000,400,False,400,620.0,620.0,0.0,No Discount,Low Stock,Premium,Medium,Bulk Pack,1616
Packaged Food,Veeba Truly Tomato Ketchup,9900,20,6,7900,500,False,500,99.0,79.0,20.0,Medium Discount,In Stock,Affordable,Medium,Bulk Pack,1617
Packaged Food,Ching's Secret Green Chilli Sauce,8500,4,1,8100,680,False,680,85.0,81.0,4.0,Low Discount,Low Stock,Affordable,Heavy,Bulk Pack,1618
Packaged Food,MTR Roasted Vermicelli ,5500,0,1,5500,400,False,400,55.0,55.0,0.0,No Discount,Low Stock,Affordable,Medium,Bulk Pack,1619
Packaged Food,Mother's Recipe Punjabi Teekha Mang Pickle,12000,10,4,10800,400,False,400,120.0,108.0,12.0,Low Discount,Low Stock,Affordable,Medium,Bulk Pack,1620
Packaged Food,Ching's Secret Hot Garlic Instant Noodles,11400,0,6,11400,480,False,480,114.0,114.0,0.0,No Discount,In Stock,Affordable,Medium,Bulk Pack,1621
Packaged Food,Kellogg's Real Honey Corn Flakes,29000,7,5,26700,630,False,630,290.0,267.0,23.0,Low Discount,Low Stock,Mid-Range,Heavy,Bulk Pack,1622
Packaged Food,ITC Master Chef Lebanese Falafel Kebab,13000,4,4,12400,230,False,230,130.0,124.0,6.0,Low Discount,Low Stock,Affordable,Light,Bulk Pack,1623
Packaged Food,Kelloggs Chocos Fills Double Chocolaty,18500,10,5,16500,250,False,250,185.0,165.0,20.0,Low Discount,Low Stock,Affordable,Light,Bulk Pack,1624
Packaged Food,Organic India Apple Cider Vinegar,59500,9,2,53600,500,False,500,595.0,536.0,59.0,Low Discount,Low Stock,Premium,Medium,Bulk Pack,1625
Packaged Food,Masala Oats Masala & Coriander ,19500,9,5,17600,500,False,500,195.0,176.0,19.0,Low Discount,Low Stock,Affordable,Medium,Bulk Pack,1626
Packaged Food,Ching's Secret  Noodles - Pad Thai Lemongras,20000,0,5,20000,130,False,130,200.0,200.0,0.0,No Discount,Low Stock,Affordable,Light,Bulk Pack,1627
Packaged Food,Bagrrys Fruit and Nut Muesli with Cranberries,49900,0,5,49900,750,False,750,499.0,499.0,0.0,No Discount,Low Stock,Mid-Range,Heavy,Bulk Pack,1628
Packaged Food,Kitchens Of India Yellow Dal Tadka,11000,30,6,7700,285,False,285,110.0,77.0,33.0,High Discount,In Stock,Affordable,Medium,Bulk Pack,1629
Packaged Food,Soulfull Vanilla Fills - Ragi Bites,16900,5,6,16000,250,False,250,169.0,160.0,9.0,Low Discount,In Stock,Affordable,Light,Bulk Pack,1630
Packaged Food,Pantai Teriyaki Sauce with Garlic,32500,15,6,27600,200,False,200,325.0,276.0,49.0,Medium Discount,In Stock,Mid-Range,Light,Bulk Pack,1631
Packaged Food,Whiskas Adult Pocket Tuna Cat Food,41000,0,1,41000,1200,False,1,410.0,410.0,0.0,No Discount,Low Stock,Mid-Range,Extra Heavy,Single,1632
Packaged Food,Kitchens Of India Chicken Darbari ,20000,30,4,14000,285,False,285,200.0,140.0,60.0,High Discount,Low Stock,Affordable,Medium,Bulk Pack,1633
Packaged Food,Soulfull Millet Muesli Fruit & Nut Almonds & Real Fruits,29900,10,6,26900,400,False,400,299.0,269.0,30.0,Low Discount,In Stock,Mid-Range,Medium,Bulk Pack,1634
Packaged Food,Smith & Jones Red Pasta Sauce Mix,4000,0,6,4000,46,False,46,40.0,40.0,0.0,No Discount,In Stock,Budget,Light,Bulk Pack,1635
Packaged Food,Kellogg's Muesli Nuts Delight,42500,9,3,38300,750,False,750,425.0,383.0,42.0,Low Discount,Low Stock,Mid-Range,Heavy,Bulk Pack,1636
Packaged Food,Kitchens of India Dal Bukhara Gravy Mix,11000,30,6,7700,285,False,285,110.0,77.0,33.0,High Discount,In Stock,Affordable,Medium,Bulk Pack,1637
Packaged Food,The Whole Truth Peanut Butter - Sweetened & Crunchy,21500,20,6,17200,325,False,325,215.0,172.0,43.0,Medium Discount,In Stock,Affordable,Medium,Bulk Pack,1638
Packaged Food,Remia Mayonnaise,23000,0,6,23000,241,False,241,230.0,230.0,0.0,No Discount,In Stock,Mid-Range,Light,Bulk Pack,1639
Packaged Food,Ching's Secret Green Chilli Sauce,10500,0,6,10500,425,False,425,105.0,105.0,0.0,No Discount,In Stock,Affordable,Medium,Bulk Pack,1640
Packaged Food,Bagrrys Fruit N Fibre Muesli - Strawberry,59500,0,1,59500,1000,False,1,595.0,595.0,0.0,No Discount,Low Stock,Premium,Heavy,Single,1641
Packaged Food,Ching's Secret Tomato Oats Instant Soup,1500,0,3,1500,20,False,20,15.0,15.0,0.0,No Discount,Low Stock,Budget,Light,Bulk Pack,1642
Packaged Food,Kellogg's Special K Original Corn Flakes,14000,5,1,13300,290,False,290,140.0,133.0,7.0,Low Discount,Low Stock,Affordable,Medium,Bulk Pack,1643
Packaged Food,Moi Soi  Black Bean Sauce - Dip Spread Stir Fry & Marinade,28000,50,5,14000,175,False,175,280.0,140.0,140.0,Very High Discount,Low Stock,Affordable,Light,Bulk Pack,1644
Packaged Food,Tong Garden Wasabi Green Peas,17500,4,6,16700,150,False,150,175.0,167.0,8.0,Low Discount,In Stock,Affordable,Light,Bulk Pack,1645
Packaged Food,Ching's Secret Red Chilli Sauce,10500,0,4,10500,440,False,440,105.0,105.0,0.0,No Discount,Low Stock,Affordable,Medium,Bulk Pack,1646
Packaged Food,Ching's Instant Hot and Sour Soup,5500,0,5,5500,55,False,55,55.0,55.0,0.0,No Discount,Low Stock,Affordable,Light,Bulk Pack,1647
Packaged Food,Ching's Secret Noodles - Pad Thai Original,20000,0,6,20000,130,False,130,200.0,200.0,0.0,No Discount,In Stock,Affordable,Light,Bulk Pack,1648
Packaged Food,Aashirvaad Instant Meals - Khatta Meetha Pohaa With Millets,5500,30,5,3800,80,False,80,55.0,38.0,17.0,High Discount,Low Stock,Budget,Light,Bulk Pack,1649
Packaged Food,Del Monte Black Sliced Olives,25000,0,1,25000,450,False,450,250.0,250.0,0.0,No Discount,Low Stock,Mid-Range,Medium,Bulk Pack,1650
Packaged Food,Kitchens Of India Murgh Methi,22000,30,5,15400,285,False,285,220.0,154.0,66.0,High Discount,Low Stock,Affordable,Medium,Bulk Pack,1651
Packaged Food,Nestle Cerelac 5 Grains & Fruits Cereal,28800,0,6,28800,300,False,300,288.0,288.0,0.0,No Discount,In Stock,Mid-Range,Medium,Bulk Pack,1652
Packaged Food,The Whole Truth - 5 Grain Muesli No Added Sugar,32500,20,6,26000,350,False,350,325.0,260.0,65.0,Medium Discount,In Stock,Mid-Range,Medium,Bulk Pack,1653
Packaged Food,Ching's Secret  Pad Thai Noodles Green Curry,20000,0,6,20000,130,False,130,200.0,200.0,0.0,No Discount,In Stock,Affordable,Light,Bulk Pack,1654
Packaged Food,Aashirvaad Suji Halwa With Jaggery,7500,0,6,7500,70,False,70,75.0,75.0,0.0,No Discount,In Stock,Affordable,Light,Bulk Pack,1655
Packaged Food,Mother's Recipe Mango Pickle ,12000,0,1,12000,400,False,400,120.0,120.0,0.0,No Discount,Low Stock,Affordable,Medium,Bulk Pack,1656
Packaged Food,Ching's Secret Pad Thai Noodles - Extra Hot Thai Chilli,20000,0,6,20000,130,False,130,200.0,200.0,0.0,No Discount,In Stock,Affordable,Light,Bulk Pack,1657
Packaged Food,Kellogg's Special K Original Corn Flakes,39900,11,6,35500,900,False,900,399.0,355.0,44.0,Medium Discount,In Stock,Mid-Range,Heavy,Bulk Pack,1658
Packaged Food,Knorr Sweet Corn Chicken Soup,5500,0,2,5500,42,False,42,55.0,55.0,0.0,No Discount,Low Stock,Affordable,Light,Bulk Pack,1659
Packaged Food,Ching's Secret Tomato Soup,5500,0,6,5500,55,False,55,55.0,55.0,0.0,No Discount,In Stock,Affordable,Light,Bulk Pack,1660
Packaged Food,Funfoods Peanut Butter Creamy,16900,0,1,16900,400,False,400,169.0,169.0,0.0,No Discount,Low Stock,Affordable,Medium,Bulk Pack,1661
Packaged Food,Japanese Choice Udon Noodles,29500,9,6,26600,250,False,250,295.0,266.0,29.0,Low Discount,In Stock,Mid-Range,Light,Bulk Pack,1662
Packaged Food,Kelloggs Muesli - With 22% Fruit Magic,32000,10,5,28800,500,False,500,320.0,288.0,32.0,Low Discount,Low Stock,Mid-Range,Medium,Bulk Pack,1663
Packaged Food,Dabur Hommade - Kalonji Tamatar Ki Chutney,6500,6,6,6100,200,False,200,65.0,61.0,4.0,Low Discount,In Stock,Affordable,Light,Bulk Pack,1664
Packaged Food,Kitchens Of India Dal Makhani,11000,30,1,7700,285,False,285,110.0,77.0,33.0,High Discount,Low Stock,Affordable,Medium,Bulk Pack,1665
Packaged Food,Aashirvaad Suji Halwa With Jaggery,5500,30,6,3800,80,False,80,55.0,38.0,17.0,High Discount,In Stock,Budget,Light,Bulk Pack,1666
Packaged Food,Del Monte Green Chili Sauce,5500,0,3,5500,190,False,190,55.0,55.0,0.0,No Discount,Low Stock,Affordable,Light,Bulk Pack,1667
Packaged Food,Pedigree Dog Food Adult Chicken & Veg,66000,10,1,59400,3000,False,3,660.0,594.0,66.0,Low Discount,Low Stock,Premium,Bulk,Small Pack,1668
Packaged Food,Kellogg's Original Corn Flakes,18500,5,6,17500,475,False,475,185.0,175.0,10.0,Low Discount,In Stock,Affordable,Medium,Bulk Pack,1669
Packaged Food,Pedigree Puppy Dry Dog Food Food Chicken & Milk,69000,6,2,64800,3000,False,3,690.0,648.0,42.0,Low Discount,Low Stock,Premium,Bulk,Small Pack,1670
Packaged Food,Kitchens Of India Rajma Masala,11000,30,5,7700,285,False,285,110.0,77.0,33.0,High Discount,Low Stock,Affordable,Medium,Bulk Pack,1671
Packaged Food,Kitchen Of India Ready-To-Eat Pindi Channa,11000,30,2,7700,285,False,285,110.0,77.0,33.0,High Discount,Low Stock,Affordable,Medium,Bulk Pack,1672
Packaged Food,Figaro Pitted Black Olive ,17900,0,6,17900,450,False,450,179.0,179.0,0.0,No Discount,In Stock,Affordable,Medium,Bulk Pack,1673
Packaged Food,Cantina Tabasco Red Sauce,14000,15,6,11900,60,False,60,140.0,119.0,21.0,Medium Discount,In Stock,Affordable,Light,Bulk Pack,1674
Packaged Food,Mother's Recipe Pickle - Mixed,14900,26,6,10900,500,False,500,149.0,109.0,40.0,High Discount,In Stock,Affordable,Medium,Bulk Pack,1675
Packaged Food,Nestle Cerelac Baby Cereal with Milk 5 Grains & Vegetables from 18 to 24 Month,27900,0,5,27900,300,False,300,279.0,279.0,0.0,No Discount,Low Stock,Mid-Range,Medium,Bulk Pack,1676
Packaged Food,Mother's Recipe Tamarind Paste,5000,2,2,4900,200,False,200,50.0,49.0,1.0,Low Discount,Low Stock,Budget,Light,Bulk Pack,1677
Packaged Food,Pedigree Meat Jerky Adult Dog Treat Barbecued Chicken,14000,20,6,11200,80,False,80,140.0,112.0,28.0,Medium Discount,In Stock,Affordable,Light,Bulk Pack,1678
Packaged Food,Veeba Peri Peri Sauce,16100,0,6,16100,300,False,300,161.0,161.0,0.0,No Discount,In Stock,Affordable,Medium,Bulk Pack,1679
Packaged Food,Pantai Sriracha Yellow Chilli Sauce,22500,15,6,19100,200,False,200,225.0,191.0,34.0,Medium Discount,In Stock,Affordable,Light,Bulk Pack,1680
Packaged Food,Praakritik Organic Jumbo Rolled Oats,19000,11,6,16900,500,False,500,190.0,169.0,21.0,Medium Discount,In Stock,Affordable,Medium,Bulk Pack,1681
Packaged Food,Ching's Secret Just Soak - Whole Wheat Veg Hakka Noodles,12300,0,6,12300,600,False,600,123.0,123.0,0.0,No Discount,In Stock,Affordable,Heavy,Bulk Pack,1682
Packaged Food,Pantai Spring Roll Sauce,27500,10,6,24500,200,False,200,275.0,245.0,30.0,Low Discount,In Stock,Mid-Range,Light,Bulk Pack,1683
Packaged Food,MTR Vermicelli Payasam,7500,0,6,7500,180,False,180,75.0,75.0,0.0,No Discount,In Stock,Affordable,Light,Bulk Pack,1684
Packaged Food,Bagrrys Corn Flakes,35000,0,6,35000,880,False,800,350.0,350.0,0.0,No Discount,In Stock,Mid-Range,Heavy,Bulk Pack,1685
Packaged Food,MTR Ready To Eat Palak Paneer ,13500,11,6,12000,300,False,300,135.0,120.0,15.0,Medium Discount,In Stock,Affordable,Medium,Bulk Pack,1686
Packaged Food,Del Monte Red Chili Sauce,5500,0,5,5500,190,False,190,55.0,55.0,0.0,No Discount,Low Stock,Affordable,Light,Bulk Pack,1687
Packaged Food,Kitchens of India Mutter Paneer Mix,12000,30,4,8400,285,False,285,120.0,84.0,36.0,High Discount,Low Stock,Affordable,Medium,Bulk Pack,1688
Packaged Food,Pantai Green Curry Paste,6000,6,6,5600,50,False,50,60.0,56.0,4.0,Low Discount,In Stock,Affordable,Light,Bulk Pack,1689
Packaged Food,The Laughing Cow Cheese Spread Plain,11000,0,6,11000,180,False,180,110.0,110.0,0.0,No Discount,In Stock,Affordable,Light,Bulk Pack,1690
Packaged Food,MTR Dal Fry,11000,0,5,11000,300,False,300,110.0,110.0,0.0,No Discount,Low Stock,Affordable,Medium,Bulk Pack,1691
Packaged Food,Pantai Fish Sauce,27500,14,6,23400,200,False,200,275.0,234.0,41.0,Medium Discount,In Stock,Mid-Range,Light,Bulk Pack,1692
Packaged Food,Cantina Beans Mexican Beans,25000,14,6,21300,410,False,410,250.0,213.0,37.0,Medium Discount,In Stock,Mid-Range,Medium,Bulk Pack,1693
Packaged Food,Ching's Secret Manchurian Instant Noodle,11400,0,6,11400,480,False,480,114.0,114.0,0.0,No Discount,In Stock,Affordable,Medium,Bulk Pack,1694
Packaged Food,Remia Salad Italian Dressing ,23000,0,6,23000,250,False,250,230.0,230.0,0.0,No Discount,In Stock,Mid-Range,Light,Bulk Pack,1695
Packaged Food,Yummiez Veg Cheese Fingers Pouch,23000,0,4,23000,400,False,400,230.0,230.0,0.0,No Discount,Low Stock,Mid-Range,Medium,Bulk Pack,1696
Packaged Food,MTR Dal Makhani,11000,0,4,11000,300,False,300,110.0,110.0,0.0,No Discount,Low Stock,Affordable,Medium,Bulk Pack,1697
Packaged Food,MTR Ready to Eat Pav Bhaji,11000,0,6,11000,300,False,300,110.0,110.0,0.0,No Discount,In Stock,Affordable,Medium,Bulk Pack,1698
Packaged Food,Weikfield Tomato Salsa Instant Pasta,2500,0,1,2500,77,False,77,25.0,25.0,0.0,No Discount,Low Stock,Budget,Light,Bulk Pack,1699
Packaged Food,Nestlé CERELAC Baby Cereal with Milk,27200,0,1,27200,300,False,300,272.0,272.0,0.0,No Discount,Low Stock,Mid-Range,Medium,Bulk Pack,1700
Packaged Food,Remia Salad Caesar Dressing,25000,0,6,25000,250,False,250,250.0,250.0,0.0,No Discount,In Stock,Mid-Range,Light,Bulk Pack,1701
Packaged Food,Bagrrys Fruit N Fibre Muesli Mixed Fruit,33000,0,6,33000,500,False,500,330.0,330.0,0.0,No Discount,In Stock,Mid-Range,Medium,Bulk Pack,1702
Packaged Food,MTR Paneer Butter Masala & Veg Pulao,17500,9,4,15800,375,False,375,175.0,158.0,17.0,Low Discount,Low Stock,Affordable,Medium,Bulk Pack,1703
Packaged Food,Sundrop Cocoa Nut Hazelnut Chocolatey Spread,12000,0,6,12000,160,False,160,120.0,120.0,0.0,No Discount,In Stock,Affordable,Light,Bulk Pack,1704
Packaged Food,Moi Soi Manchurian Sauce - For Stir Fry Marinade Spread & Dip,28000,50,6,14000,175,False,175,280.0,140.0,140.0,Very High Discount,In Stock,Affordable,Light,Bulk Pack,1705
Packaged Food,Pedigree Dog Food Adult Meat & Rice,66000,7,2,60800,3000,False,3,660.0,608.0,52.0,Low Discount,Low Stock,Premium,Bulk,Small Pack,1706
Packaged Food,Pantai Sriracha Green Chilli Sauce,22500,15,6,19100,200,False,200,225.0,191.0,34.0,Medium Discount,In Stock,Affordable,Light,Bulk Pack,1707
Packaged Food,Pantai Chilli Garlic Sauce,27500,14,6,23400,200,False,200,275.0,234.0,41.0,Medium Discount,In Stock,Mid-Range,Light,Bulk Pack,1708
Packaged Food,Pantai Dark Soy Sauce,27500,14,6,23400,200,False,200,275.0,234.0,41.0,Medium Discount,In Stock,Mid-Range,Light,Bulk Pack,1709
Packaged Food,Yoga Bar Peanut Butter Dark Chocolate Jar,24900,0,4,24900,400,False,400,249.0,249.0,0.0,No Discount,Low Stock,Mid-Range,Medium,Bulk Pack,1710
Packaged Food,Cantina Tabasco Green Sauce,14000,15,6,11900,60,False,60,140.0,119.0,21.0,Medium Discount,In Stock,Affordable,Light,Bulk Pack,1711
Packaged Food,Pantai Pad Thai Sauce (Non-Veg),32500,9,5,29300,200,False,200,325.0,293.0,32.0,Low Discount,Low Stock,Mid-Range,Light,Bulk Pack,1712
Packaged Food,Pantai Sweet Chilli Sauce,27500,14,6,23400,200,False,200,275.0,234.0,41.0,Medium Discount,In Stock,Mid-Range,Light,Bulk Pack,1713
Packaged Food,Ching's Secret Schezwan Instant Noodle,11400,0,6,11400,480,False,480,114.0,114.0,0.0,No Discount,In Stock,Affordable,Medium,Bulk Pack,1714
Packaged Food,Yummiez Chicken Garlic Fingers Pouch,25000,0,5,25000,400,False,400,250.0,250.0,0.0,No Discount,Low Stock,Mid-Range,Medium,Bulk Pack,1715
Packaged Food,Pediasure Premium Chocolate Powdered Health Drink,61000,0,2,61000,400,False,400,610.0,610.0,0.0,No Discount,Low Stock,Premium,Medium,Bulk Pack,1716
Packaged Food,Chings Secret Hot Garlic Instant Noodles,9100,0,6,9100,60,False,60,91.0,91.0,0.0,No Discount,In Stock,Affordable,Light,Bulk Pack,1717
Packaged Food,Godrej Yummiez Cheese Corn Nuggets ,23000,0,4,23000,400,False,400,230.0,230.0,0.0,No Discount,Low Stock,Mid-Range,Medium,Bulk Pack,1718
Packaged Food,Pantai Hot Chilli Sauce,27500,14,6,23400,200,False,200,275.0,234.0,41.0,Medium Discount,In Stock,Mid-Range,Light,Bulk Pack,1719
Packaged Food,Knorr International Mexican Tomato Corn Soup ,6500,6,3,6100,52,False,52,65.0,61.0,4.0,Low Discount,Low Stock,Affordable,Light,Bulk Pack,1720
Packaged Food,Bagrry's Fruit Fibre Muesli Mixed Fruit ,59500,0,5,59500,1000,False,1,595.0,595.0,0.0,No Discount,Low Stock,Premium,Heavy,Single,1721
Packaged Food,MTR Roasted Vermicelli ,10500,0,4,10500,850,False,850,105.0,105.0,0.0,No Discount,Low Stock,Affordable,Heavy,Bulk Pack,1722
Packaged Food,Maggi 2-Minute Instant Noodles - Masala,4400,0,0,4400,280,True,280,44.0,44.0,0.0,No Discount,Out of Stock,Budget,Medium,Bulk Pack,1723
Packaged Food,"Kurkure Green Chutney, Rajasthani Style",2000,0,0,2000,90,True,90,20.0,20.0,0.0,No Discount,Out of Stock,Budget,Light,Bulk Pack,1724
Packaged Food,Kellogg's Chocos Combo Pack,6000,6,0,5600,156,True,156,60.0,56.0,4.0,Low Discount,Out of Stock,Affordable,Light,Bulk Pack,1725
Packaged Food,Kissan Mixed Fruit Jam ,15500,0,0,15500,500,True,500,155.0,155.0,0.0,No Discount,Out of Stock,Affordable,Medium,Bulk Pack,1726
Packaged Food,Lijjat Urad Papad,6000,5,0,5700,200,True,200,60.0,57.0,3.0,Low Discount,Out of Stock,Affordable,Light,Bulk Pack,1727
Packaged Food,Amul Cheese Spread Yummy Plain,8500,0,0,8500,200,True,200,85.0,85.0,0.0,No Discount,Out of Stock,Affordable,Light,Bulk Pack,1728
Packaged Food,Mother's Recipe Ginger And Garlic Paste,5000,24,0,3800,200,True,200,50.0,38.0,12.0,Medium Discount,Out of Stock,Budget,Light,Bulk Pack,1729
Packaged Food,Maggi Magic Cubes Chicken,4000,2,0,3900,40,True,40,40.0,39.0,1.0,Low Discount,Out of Stock,Budget,Light,Bulk Pack,1730
Packaged Food,Pedigree Puppy Chicken Chunks in Gravy ,3500,2,0,3400,70,True,70,35.0,34.0,1.0,Low Discount,Out of Stock,Budget,Light,Bulk Pack,1731
Packaged Food,The Whole Truth Peanut Butter - Unsweetened & Crunchy,18500,20,0,14800,325,True,325,185.0,148.0,37.0,Medium Discount,Out of Stock,Affordable,Medium,Bulk Pack,1732
Packaged Food,Ching's Chow Mein Hakka Noodles Masala,1000,0,0,1000,20,True,20,10.0,10.0,0.0,No Discount,Out of Stock,Budget,Light,Bulk Pack,1733
Packaged Food,Safal Frozen Mixed Vegetables,6000,5,0,5700,500,True,500,60.0,57.0,3.0,Low Discount,Out of Stock,Affordable,Medium,Bulk Pack,1734
Packaged Food,Safal Frozen Corn,4100,4,0,3900,200,True,200,41.0,39.0,2.0,Low Discount,Out of Stock,Budget,Light,Bulk Pack,1735
Packaged Food,Amul Cheese Spread Spicy Garlic,8500,3,0,8200,200,True,200,85.0,82.0,3.0,Low Discount,Out of Stock,Affordable,Light,Bulk Pack,1736
Packaged Food,Ching's Secret Veg Hakka Noodles,10700,0,0,10700,600,True,600,107.0,107.0,0.0,No Discount,Out of Stock,Affordable,Heavy,Bulk Pack,1737
Packaged Food,Saffola Oats 100 % Natural,1500,0,0,1500,38,True,38,15.0,15.0,0.0,No Discount,Out of Stock,Budget,Light,Bulk Pack,1738
Packaged Food,Lijjat Moong Papad,6000,5,0,5700,200,True,200,60.0,57.0,3.0,Low Discount,Out of Stock,Affordable,Light,Bulk Pack,1739
Packaged Food,Mothers Recipe Papad - Sabudana With Rock Salt,3100,9,0,2800,70,True,70,31.0,28.0,3.0,Low Discount,Out of Stock,Budget,Light,Bulk Pack,1740
Packaged Food,Maggi Chilly Chow Cuppa Noodles,5000,0,0,5000,70,True,70,50.0,50.0,0.0,No Discount,Out of Stock,Budget,Light,Bulk Pack,1741
Packaged Food,Veeba Favourites Eggless Burger Mayonnaise,6900,8,0,6300,250,True,250,69.0,63.0,6.0,Low Discount,Out of Stock,Affordable,Light,Bulk Pack,1742
Packaged Food,Sunfeast Yippee! Magic Masala Noodles,4800,6,0,4500,240,True,240,48.0,45.0,3.0,Low Discount,Out of Stock,Budget,Light,Bulk Pack,1743
Packaged Food,Top Ramen Masala,9100,9,0,8200,560,True,560,91.0,82.0,9.0,Low Discount,Out of Stock,Affordable,Heavy,Bulk Pack,1744
Packaged Food,Kelloggs Corn Flakes With Real Strawberry Pure,26500,10,0,23600,575,True,575,265.0,236.0,29.0,Low Discount,Out of Stock,Mid-Range,Heavy,Bulk Pack,1745
Packaged Food,Mother's Recipe Potato Papad,3100,9,0,2800,70,True,75,31.0,28.0,3.0,Low Discount,Out of Stock,Budget,Light,Bulk Pack,1746
Packaged Food,Mothers Recipe Rice Papad Ajwain,2400,0,0,2400,75,True,75,24.0,24.0,0.0,No Discount,Out of Stock,Budget,Light,Bulk Pack,1747
Packaged Food,Chef's Basket Durum Wheat Penne Pasta,16000,50,0,8000,500,True,500,160.0,80.0,80.0,Very High Discount,Out of Stock,Affordable,Medium,Bulk Pack,1748
Packaged Food,Dabur Hommade - Imli Sauce Saunth,2000,10,0,1800,100,True,100,20.0,18.0,2.0,Low Discount,Out of Stock,Budget,Light,Bulk Pack,1749
Packaged Food,Zorabian Chicken Kheema Parathas,19000,0,0,19000,300,True,300,190.0,190.0,0.0,No Discount,Out of Stock,Affordable,Medium,Bulk Pack,1750
Packaged Food,Sunfeast Pasta Treat Pack of Tomato Cheese,2800,17,0,2300,65,True,65,28.0,23.0,5.0,Medium Discount,Out of Stock,Budget,Light,Bulk Pack,1751
Packaged Food,Safal Frozen - Sweet Corn,16000,5,0,15200,1000,True,1,160.0,152.0,8.0,Low Discount,Out of Stock,Affordable,Heavy,Single,1752
Packaged Food,MTR Vegetable Upma,2500,0,0,2500,60,True,60,25.0,25.0,0.0,No Discount,Out of Stock,Budget,Light,Bulk Pack,1753
Packaged Food,Del Monte Original Blend Tomato Ketchup Pouch,12000,7,0,11100,950,True,950,120.0,111.0,9.0,Low Discount,Out of Stock,Affordable,Heavy,Bulk Pack,1754
Packaged Food,Del Monte Natural Vinegar ,5500,3,0,5300,180,True,180,55.0,53.0,2.0,Low Discount,Out of Stock,Affordable,Light,Bulk Pack,1755
Packaged Food,Del Monte Eggless Mayo,13500,6,0,12600,500,True,500,135.0,126.0,9.0,Low Discount,Out of Stock,Affordable,Medium,Bulk Pack,1756
Packaged Food,ITC Master Chef Cheesy Corn Triangles,16000,5,0,15200,320,True,320,160.0,152.0,8.0,Low Discount,Out of Stock,Affordable,Medium,Bulk Pack,1757
Packaged Food,Mother's Recipe Mixed Pickle ,11500,4,0,11000,400,True,400,115.0,110.0,5.0,Low Discount,Out of Stock,Affordable,Medium,Bulk Pack,1758
Packaged Food,Godrej Yummiez Chicken Breakfast Salami,15000,4,0,14300,250,True,250,150.0,143.0,7.0,Low Discount,Out of Stock,Affordable,Light,Bulk Pack,1759
Packaged Food,Hershey's Cocoa + Almond Spread,29500,9,0,26600,350,True,350,295.0,266.0,29.0,Low Discount,Out of Stock,Mid-Range,Medium,Bulk Pack,1760
Packaged Food,Maggi Special Masala Spicy Yummy Noodles,7200,0,0,7200,280,True,280,72.0,72.0,0.0,No Discount,Out of Stock,Affordable,Medium,Bulk Pack,1761
Packaged Food,Del Monte Schezwan Sauce,5500,0,0,5500,190,True,190,55.0,55.0,0.0,No Discount,Out of Stock,Affordable,Light,Bulk Pack,1762
Packaged Food,Yummiez Green Peas,13500,0,0,13500,500,True,500,135.0,135.0,0.0,No Discount,Out of Stock,Affordable,Medium,Bulk Pack,1763
Packaged Food,Yummiez Green Peas,25000,0,0,25000,1000,True,1,250.0,250.0,0.0,No Discount,Out of Stock,Mid-Range,Heavy,Single,1764
Packaged Food,Yummiez American Sweet Corn,8500,0,0,8500,400,True,400,85.0,85.0,0.0,No Discount,Out of Stock,Affordable,Medium,Bulk Pack,1765
Packaged Food,Dr Oetker Cucumber & Carrot Sandwich Spread Veg,7900,0,0,7900,250,True,250,79.0,79.0,0.0,No Discount,Out of Stock,Affordable,Light,Bulk Pack,1766
Packaged Food,Del Monte Pitted Green Olives,25000,0,0,25000,450,True,450,250.0,250.0,0.0,No Discount,Out of Stock,Mid-Range,Medium,Bulk Pack,1767
Ice Cream & Desserts,Maggi 2 Minute Masala Noodles,1200,0,6,1200,70,False,70,12.0,12.0,0.0,No Discount,In Stock,Budget,Light,Bulk Pack,1768
Ice Cream & Desserts,iD Idli & Dosa Batter ,8000,15,6,6800,1000,False,1,80.0,68.0,12.0,Medium Discount,In Stock,Affordable,Heavy,Single,1769
Ice Cream & Desserts,iD Malabar Parota ,8000,10,4,7200,400,False,400,80.0,72.0,8.0,Low Discount,Low Stock,Affordable,Medium,Bulk Pack,1770
Ice Cream & Desserts,iD Wheat Lachha Paratha,8000,12,6,7000,400,False,400,80.0,70.0,10.0,Medium Discount,In Stock,Affordable,Medium,Bulk Pack,1771
Ice Cream & Desserts,McCain Aloo Tikki,11000,4,6,10500,400,False,400,110.0,105.0,5.0,Low Discount,In Stock,Affordable,Medium,Bulk Pack,1772
Ice Cream & Desserts,McCain Smiles Cripsy Happy Potatoes,12000,5,6,11400,415,False,415,120.0,114.0,6.0,Low Discount,In Stock,Affordable,Medium,Bulk Pack,1773
Ice Cream & Desserts,McCain Veggie Burger Patty,11500,3,6,11100,360,False,360,115.0,111.0,4.0,Low Discount,In Stock,Affordable,Medium,Bulk Pack,1774
Ice Cream & Desserts,McCain Veggie Fingers,11700,5,6,11100,400,False,400,117.0,111.0,6.0,Low Discount,In Stock,Affordable,Medium,Bulk Pack,1775
Ice Cream & Desserts,Amul Delicious Fat Spread - Cholesterol Free,1800,5,6,1700,100,False,100,18.0,17.0,1.0,Low Discount,In Stock,Budget,Light,Bulk Pack,1776
Ice Cream & Desserts,Whiskas Wet  Meal (Adult - Cat Food)  Chicken in Gravy,3500,2,2,3400,85,False,85,35.0,34.0,1.0,Low Discount,Low Stock,Budget,Light,Bulk Pack,1777
Ice Cream & Desserts,McCain Chilli Garlic Potato Bites Crunchy Potato Nuggets,12500,5,1,11800,420,False,420,125.0,118.0,7.0,Low Discount,Low Stock,Affordable,Medium,Bulk Pack,1778
Ice Cream & Desserts,Ching's Secret Instant Hot Garlic Noodles,1500,0,3,1500,60,False,60,15.0,15.0,0.0,No Discount,Low Stock,Budget,Light,Bulk Pack,1779
Ice Cream & Desserts,Veeba Eggless Mayonnaise,7900,11,5,7000,250,False,250,79.0,70.0,9.0,Medium Discount,Low Stock,Affordable,Light,Bulk Pack,1780
Ice Cream & Desserts,Ching's Secret Instant Schezwan Noodles,1500,0,6,1500,60,False,60,15.0,15.0,0.0,No Discount,In Stock,Budget,Light,Bulk Pack,1781
Ice Cream & Desserts,Veeba Pasta And Pizza Sauce,7500,13,5,6500,280,False,280,75.0,65.0,10.0,Medium Discount,Low Stock,Affordable,Medium,Bulk Pack,1782
Ice Cream & Desserts,Top Ramen  Noodles Curry Veg Pouch,2000,0,1,2000,70,False,70,20.0,20.0,0.0,No Discount,Low Stock,Budget,Light,Bulk Pack,1783
Ice Cream & Desserts,Saffola Veggie Twist Masala Oats,1500,0,6,1500,38,False,38,15.0,15.0,0.0,No Discount,In Stock,Budget,Light,Bulk Pack,1784
Ice Cream & Desserts,Unibic Almond & Oats Protein Bar,4000,17,4,3300,30,False,30,40.0,33.0,7.0,Medium Discount,Low Stock,Budget,Light,Bulk Pack,1785
Ice Cream & Desserts,Quaker Oats,7900,0,2,7900,400,False,400,79.0,79.0,0.0,No Discount,Low Stock,Affordable,Medium,Bulk Pack,1786
Ice Cream & Desserts,Amul Delicious Fat Spread - Cholesterol Free,8800,2,2,8600,500,False,500,88.0,86.0,2.0,Low Discount,Low Stock,Affordable,Medium,Bulk Pack,1787
Ice Cream & Desserts,McCain French Fries,12000,5,1,11400,420,False,420,120.0,114.0,6.0,Low Discount,Low Stock,Affordable,Medium,Bulk Pack,1788
Ice Cream & Desserts,Ching's Secret Manchow Instant Soup,1000,0,1,1000,15,False,15,10.0,10.0,0.0,No Discount,Low Stock,Budget,Light,Bulk Pack,1789
Ice Cream & Desserts,McCain Potato Cheese Shotz,13000,4,6,12400,250,False,250,130.0,124.0,6.0,Low Discount,In Stock,Affordable,Light,Bulk Pack,1790
Ice Cream & Desserts,McCain Masala - Fries,12000,5,3,11400,375,False,375,120.0,114.0,6.0,Low Discount,Low Stock,Affordable,Medium,Bulk Pack,1791
Ice Cream & Desserts,Ching's Secret Schezwan Fried Rice Masala,1500,0,6,1500,20,False,20,15.0,15.0,0.0,No Discount,In Stock,Budget,Light,Bulk Pack,1792
Ice Cream & Desserts,McCain New Mini Samosa with Cheese Pizza Style Filling,12000,1,3,11800,240,False,240,120.0,118.0,2.0,Low Discount,Low Stock,Affordable,Light,Bulk Pack,1793
Ice Cream & Desserts,McCain Chilli Cheesy Nuggets,13000,4,1,12400,250,False,250,130.0,124.0,6.0,Low Discount,Low Stock,Affordable,Light,Bulk Pack,1794
Ice Cream & Desserts,"Whiskas Adult (+1 Year) Dry Cat Food, Ocean Fish Flavour",43000,10,6,38700,1200,False,1,430.0,387.0,43.0,Low Discount,In Stock,Mid-Range,Extra Heavy,Single,1795
Ice Cream & Desserts,Chings Instant Soup - Hot & Sour,1000,0,1,1000,15,False,15,10.0,10.0,0.0,No Discount,Low Stock,Budget,Light,Bulk Pack,1796
Ice Cream & Desserts,Amul Spray Infant Milk Food,19700,2,6,19300,500,False,500,197.0,193.0,4.0,Low Discount,In Stock,Affordable,Medium,Bulk Pack,1797
Ice Cream & Desserts,McCain Smiles - Pudina Chatka,12000,5,3,11400,375,False,375,120.0,114.0,6.0,Low Discount,Low Stock,Affordable,Medium,Bulk Pack,1798
Ice Cream & Desserts,McCain French Fries Crisp & Delicious,17500,4,3,16700,750,False,750,175.0,167.0,8.0,Low Discount,Low Stock,Affordable,Heavy,Bulk Pack,1799
Ice Cream & Desserts,Ferrero Nutella Hazelnut Spread,22000,5,2,20700,180,False,180,220.0,207.0,13.0,Low Discount,Low Stock,Mid-Range,Light,Bulk Pack,1800
Ice Cream & Desserts,Lijjat Garlic Papad,6000,5,5,5700,200,False,200,60.0,57.0,3.0,Low Discount,Low Stock,Affordable,Light,Bulk Pack,1801
Ice Cream & Desserts,Switz Samosa Dough Sheets,9000,4,6,8600,50,False,50,90.0,86.0,4.0,Low Discount,In Stock,Affordable,Light,Bulk Pack,1802
Ice Cream & Desserts,Amul Cheese Spread Creamy,8500,5,6,8000,180,False,180,85.0,80.0,5.0,Low Discount,In Stock,Affordable,Light,Bulk Pack,1803
Ice Cream & Desserts,Maggi Imli Sauce Pichkoo,2200,0,6,2200,90,False,90,22.0,22.0,0.0,No Discount,In Stock,Budget,Light,Bulk Pack,1804
Ice Cream & Desserts,Whiskas Kitten (2-12 months) Dry Cat Food Food Ocean Fish,38500,9,5,34700,1100,False,1100,385.0,347.0,38.0,Low Discount,Low Stock,Mid-Range,Extra Heavy,Bulk Pack,1805
Ice Cream & Desserts,Chings Instant Soup - Sweet Corn Veg,1000,0,2,1000,15,False,15,10.0,10.0,0.0,No Discount,Low Stock,Budget,Light,Bulk Pack,1806
Ice Cream & Desserts,Whiskas Wet  Meal (Kitten - Cat Food)  Chicken in Gravy,3500,5,2,3300,85,False,85,35.0,33.0,2.0,Low Discount,Low Stock,Budget,Light,Bulk Pack,1807
Ice Cream & Desserts,McCain Crazy Fries Masala MixHot 'n' Tangy,12000,5,6,11400,400,False,400,120.0,114.0,6.0,Low Discount,In Stock,Affordable,Medium,Bulk Pack,1808
Ice Cream & Desserts,The Whole Truth Double Cocoa Protein Bar No Sugar,10000,10,6,9000,52,False,52,100.0,90.0,10.0,Low Discount,In Stock,Affordable,Light,Bulk Pack,1809
Ice Cream & Desserts,Amul Happy Treats French Fries,6800,4,1,6500,425,False,425,68.0,65.0,3.0,Low Discount,Low Stock,Affordable,Medium,Bulk Pack,1810
Ice Cream & Desserts,Ferrero Nutella Hazeulnut Spread,38000,6,5,35700,350,False,350,380.0,357.0,23.0,Low Discount,Low Stock,Mid-Range,Medium,Bulk Pack,1811
Ice Cream & Desserts,Veeba Chipolte Southwest Dressing,16100,7,4,14900,300,False,300,161.0,149.0,12.0,Low Discount,Low Stock,Affordable,Medium,Bulk Pack,1812
Ice Cream & Desserts,Ching's Secret Manchow Noodles Instant Soup,1500,0,6,1500,20,False,20,15.0,15.0,0.0,No Discount,In Stock,Budget,Light,Bulk Pack,1813
Ice Cream & Desserts,Yoga Bar Breakfast Protein Bar - Blueberry Pie,5000,12,1,4400,50,False,50,50.0,44.0,6.0,Medium Discount,Low Stock,Budget,Light,Bulk Pack,1814
Ice Cream & Desserts,Quaker Oats,19900,7,6,18400,1000,False,1,199.0,184.0,15.0,Low Discount,In Stock,Affordable,Heavy,Single,1815
Ice Cream & Desserts,The Whole Truth Mini Protein Bar - Coconut Cocoa No Added Sugar,5500,25,6,4100,27,False,27,55.0,41.0,14.0,Medium Discount,In Stock,Budget,Light,Bulk Pack,1816
Ice Cream & Desserts,Switz Spring Roll Dough Sheets,9000,4,6,8600,1160,False,20,90.0,86.0,4.0,Low Discount,In Stock,Affordable,Extra Heavy,Bulk Pack,1817
Ice Cream & Desserts,Unibic Fruit & Nut Real Cranberries & Almonds Protein Bar,4000,17,6,3300,30,False,30,40.0,33.0,7.0,Medium Discount,In Stock,Budget,Light,Bulk Pack,1818
Ice Cream & Desserts,Ching's Secret Tomato Instant Soup,1000,0,1,1000,16,False,15,10.0,10.0,0.0,No Discount,Low Stock,Budget,Light,Bulk Pack,1819
Ice Cream & Desserts,Chef's Basket Durum Wheat Elbow Pasta,16000,50,6,8000,500,False,500,160.0,80.0,80.0,Very High Discount,In Stock,Affordable,Medium,Bulk Pack,1820
Ice Cream & Desserts,Sunfeast Yippee! Mood Masala Noodles,6000,28,3,4300,260,False,260,60.0,43.0,17.0,High Discount,Low Stock,Budget,Medium,Bulk Pack,1821
Ice Cream & Desserts,MTR Breakfast Khatta Meetha Poha Mix,2500,20,6,2000,60,False,60,25.0,20.0,5.0,Medium Discount,In Stock,Budget,Light,Bulk Pack,1822
Ice Cream & Desserts,Kellogg's Crunchy Fruit & Nut Breakfast Cereals Muesli,44500,9,6,40100,750,False,750,445.0,401.0,44.0,Low Discount,In Stock,Mid-Range,Heavy,Bulk Pack,1823
Ice Cream & Desserts,Ching's Secret Chilli Vinegar,5000,0,4,5000,170,False,170,50.0,50.0,0.0,No Discount,Low Stock,Budget,Light,Bulk Pack,1824
Ice Cream & Desserts,Ching's Red Chilli Sauce,5500,0,6,5500,200,False,200,55.0,55.0,0.0,No Discount,In Stock,Affordable,Light,Bulk Pack,1825
Ice Cream & Desserts,Amul Lite Spread,4000,2,5,3900,100,False,100,40.0,39.0,1.0,Low Discount,Low Stock,Budget,Light,Bulk Pack,1826
Ice Cream & Desserts,Borges Durum Wheat Fusilli Pasta ,25000,0,3,25000,500,False,500,250.0,250.0,0.0,No Discount,Low Stock,Mid-Range,Medium,Bulk Pack,1827
Ice Cream & Desserts,The Whole Truth Cranberry Mini Protein Bar No Sugar,5500,20,6,4400,27,False,27,55.0,44.0,11.0,Medium Discount,In Stock,Budget,Light,Bulk Pack,1828
Ice Cream & Desserts,The Whole Truth Mini Protein Bar - Coffee Cocoa No Added Sugar,5500,20,6,4400,27,False,27,55.0,44.0,11.0,Medium Discount,In Stock,Budget,Light,Bulk Pack,1829
Ice Cream & Desserts,Maggi Hot & Sweet Tomato Chilli Sauce,11500,0,1,11500,500,False,500,115.0,115.0,0.0,No Discount,Low Stock,Affordable,Medium,Bulk Pack,1830
Ice Cream & Desserts,Sunfeast YiPPee! Noodles - Magic Masala,9600,5,4,9100,540,False,540,96.0,91.0,5.0,Low Discount,Low Stock,Affordable,Heavy,Bulk Pack,1831
Ice Cream & Desserts,Chef's Basket Durum Wheat Fusilli Pasta,16000,50,6,8000,500,False,500,160.0,80.0,80.0,Very High Discount,In Stock,Affordable,Medium,Bulk Pack,1832
Ice Cream & Desserts,Top Ramen Chicken Noodles,6000,10,1,5400,280,False,280,60.0,54.0,6.0,Low Discount,Low Stock,Affordable,Medium,Bulk Pack,1833
Ice Cream & Desserts,Veeba Cheese and Chilli Sandwich Spread,8900,11,6,7900,275,False,275,89.0,79.0,10.0,Medium Discount,In Stock,Affordable,Medium,Bulk Pack,1834
Ice Cream & Desserts,Ching’s Secret Chowmein Hakka Noodles Masala ,4400,0,2,4400,60,False,60,44.0,44.0,0.0,No Discount,Low Stock,Budget,Light,Bulk Pack,1835
Ice Cream & Desserts,Safal Frozen - Mixed Vegetables,11000,4,2,10500,1000,False,1,110.0,105.0,5.0,Low Discount,Low Stock,Affordable,Heavy,Single,1836
Ice Cream & Desserts,MTR 3 Min Poha,2500,0,6,2500,60,False,60,25.0,25.0,0.0,No Discount,In Stock,Budget,Light,Bulk Pack,1837
Ice Cream & Desserts,Ching's Manchurian Instant Noodles,1500,0,5,1500,60,False,60,15.0,15.0,0.0,No Discount,Low Stock,Budget,Light,Bulk Pack,1838
Ice Cream & Desserts,The Whole Truth Peanut Cocoa Mini Protein Bar No Sugar ,5500,25,6,4100,27,False,27,55.0,41.0,14.0,Medium Discount,In Stock,Budget,Light,Bulk Pack,1839
Ice Cream & Desserts,Gits Pav Bhaji Ready to Eat,11000,22,6,8500,300,False,300,110.0,85.0,25.0,Medium Discount,In Stock,Affordable,Medium,Bulk Pack,1840
Ice Cream & Desserts,McCain New Mini Samosa with Cheese Corn Style Filling,12000,1,2,11800,240,False,240,120.0,118.0,2.0,Low Discount,Low Stock,Affordable,Light,Bulk Pack,1841
Ice Cream & Desserts,Lijjat Udad Mini Papad,6000,6,6,5600,200,False,200,60.0,56.0,4.0,Low Discount,In Stock,Affordable,Light,Bulk Pack,1842
Ice Cream & Desserts,McCain Herb & Garlic Crazy Fries Masala Mix ,12000,5,5,11400,400,False,400,120.0,114.0,6.0,Low Discount,Low Stock,Affordable,Medium,Bulk Pack,1843
Ice Cream & Desserts,Yoga Bar Multigrain Energy Bar Nuts And Seeds,4000,12,4,3500,38,False,38,40.0,35.0,5.0,Medium Discount,Low Stock,Budget,Light,Bulk Pack,1844
Ice Cream & Desserts,"Ching's Secret Sauce, Green Chilli",5500,0,5,5500,190,False,190,55.0,55.0,0.0,No Discount,Low Stock,Affordable,Light,Bulk Pack,1845
Ice Cream & Desserts,Veeba Pizza Topping,7500,6,4,7000,280,False,280,75.0,70.0,5.0,Low Discount,Low Stock,Affordable,Medium,Bulk Pack,1846
Ice Cream & Desserts,Switz Paratha Puff,11000,4,6,10500,400,False,400,110.0,105.0,5.0,Low Discount,In Stock,Affordable,Medium,Bulk Pack,1847
Ice Cream & Desserts,"New Kellogg's Muesli with 21% Fruit, Nut & Seeds",32500,6,6,30500,500,False,500,325.0,305.0,20.0,Low Discount,In Stock,Mid-Range,Medium,Bulk Pack,1848
Ice Cream & Desserts,The Whole Truth Double Cocoa Mini Protein Bar No Sugar,5500,20,5,4400,27,False,27,55.0,44.0,11.0,Medium Discount,Low Stock,Budget,Light,Bulk Pack,1849
Ice Cream & Desserts,Sunfeast Yippee Tricolor Pasta Seasoning,2800,17,1,2300,65,False,65,28.0,23.0,5.0,Medium Discount,Low Stock,Budget,Light,Bulk Pack,1850
Ice Cream & Desserts,Wingreens Cheesy Chipotle Sauce,9900,49,1,5000,130,False,130,99.0,50.0,49.0,Very High Discount,Low Stock,Budget,Light,Bulk Pack,1851
Ice Cream & Desserts,Maggi Rich Tomato Ketchup,10500,4,2,10000,500,False,500,105.0,100.0,5.0,Low Discount,Low Stock,Affordable,Medium,Bulk Pack,1852
Ice Cream & Desserts,The Whole Truth Dark Chocolate Peanut Butter - Creamy,23500,25,6,17400,325,False,325,235.0,174.0,61.0,Medium Discount,In Stock,Affordable,Medium,Bulk Pack,1853
Ice Cream & Desserts,Godrej Yummiez Chicken Nuggets,32500,9,1,29300,500,False,500,325.0,293.0,32.0,Low Discount,Low Stock,Mid-Range,Medium,Bulk Pack,1854
Ice Cream & Desserts,Go Cheese  Spread Plain,9900,5,6,9400,200,False,200,99.0,94.0,5.0,Low Discount,In Stock,Affordable,Light,Bulk Pack,1855
Ice Cream & Desserts,Kellogg's Real Almond & Honey Corn Flakes,17500,9,6,15800,300,False,300,175.0,158.0,17.0,Low Discount,In Stock,Affordable,Medium,Bulk Pack,1856
Ice Cream & Desserts,The Whole Truth Vegan Almond Choco Fudge Energy Bar No Sugar,6000,20,6,4800,40,False,40,60.0,48.0,12.0,Medium Discount,In Stock,Budget,Light,Bulk Pack,1857
Ice Cream & Desserts,Prasuma Vegetable Momos,27000,0,5,27000,24,False,24,270.0,270.0,0.0,No Discount,Low Stock,Mid-Range,Light,Bulk Pack,1858
Ice Cream & Desserts,MTR Upma,5000,10,6,4500,160,False,160,50.0,45.0,5.0,Low Discount,In Stock,Budget,Light,Bulk Pack,1859
Ice Cream & Desserts,Ching's Schezwan Masala Instant Noodles,6000,0,1,6000,240,False,240,60.0,60.0,0.0,No Discount,Low Stock,Affordable,Light,Bulk Pack,1860
Ice Cream & Desserts,The Whole Truth Cranberry Protein Bar No Sugar,10000,26,6,7400,52,False,52,100.0,74.0,26.0,High Discount,In Stock,Affordable,Light,Bulk Pack,1861
Ice Cream & Desserts,Saffola Yummy Masala Noodles ,2000,0,2,2000,46,False,46,20.0,20.0,0.0,No Discount,Low Stock,Budget,Light,Bulk Pack,1862
Ice Cream & Desserts,Veeba English Mustard,7400,6,2,6900,300,False,300,74.0,69.0,5.0,Low Discount,Low Stock,Affordable,Medium,Bulk Pack,1863
Ice Cream & Desserts,Dabur Hommade Tamarind Paste,4800,6,6,4500,200,False,200,48.0,45.0,3.0,Low Discount,In Stock,Budget,Light,Bulk Pack,1864
Ice Cream & Desserts,Yoga Bar Breakfast Muesli - Almond Caramel (No Added Sugar),32500,4,6,30900,400,False,400,325.0,309.0,16.0,Low Discount,In Stock,Mid-Range,Medium,Bulk Pack,1865
Ice Cream & Desserts,The Whole Truth Mini Protein Bar - Peanut Butter No Added Sugar,5500,25,6,4100,27,False,27,55.0,41.0,14.0,Medium Discount,In Stock,Budget,Light,Bulk Pack,1866
Ice Cream & Desserts,ITC Master Chef Crispy Chicken Fries ,17000,4,3,16200,280,False,280,170.0,162.0,8.0,Low Discount,Low Stock,Affordable,Medium,Bulk Pack,1867
Ice Cream & Desserts,Kelloggs Corn Flakes,9900,13,6,8600,250,False,250,99.0,86.0,13.0,Medium Discount,In Stock,Affordable,Light,Bulk Pack,1868
Ice Cream & Desserts,Nissin Cup Noodles Tangy Tomato,5000,10,2,4500,70,False,70,50.0,45.0,5.0,Low Discount,Low Stock,Budget,Light,Bulk Pack,1869
Ice Cream & Desserts,Smith & Jones White Pasta Sauce Mix,4000,0,3,4000,46,False,46,40.0,40.0,0.0,No Discount,Low Stock,Budget,Light,Bulk Pack,1870
Ice Cream & Desserts,Sunfeast Yippee! Pasta Treat - Sour Cream Onion,2800,10,1,2500,65,False,65,28.0,25.0,3.0,Low Discount,Low Stock,Budget,Light,Bulk Pack,1871
Ice Cream & Desserts,Mothers Recipe Tamrind Date Chutney ,5500,9,2,5000,200,False,200,55.0,50.0,5.0,Low Discount,Low Stock,Budget,Light,Bulk Pack,1872
Ice Cream & Desserts,Veeba Mint Mayonnaise,16900,8,4,15500,300,False,300,169.0,155.0,14.0,Low Discount,Low Stock,Affordable,Medium,Bulk Pack,1873
Ice Cream & Desserts,Mccain Emotibites - Crispy Happy Potato Snack,13000,0,6,12900,415,False,415,130.0,129.0,1.0,No Discount,In Stock,Affordable,Medium,Bulk Pack,1874
Ice Cream & Desserts,The Whole Truth Energy Bar Choco Cranberry Fudge,6000,26,6,4400,40,False,40,60.0,44.0,16.0,High Discount,In Stock,Budget,Light,Bulk Pack,1875
Ice Cream & Desserts,Godrej Yummiez Chicken Lucknowi Seekh Kebab,26000,10,4,23400,400,False,400,260.0,234.0,26.0,Low Discount,Low Stock,Mid-Range,Medium,Bulk Pack,1876
Ice Cream & Desserts,Prasuma Vegetable Momos,15000,0,5,15000,580,False,10,150.0,150.0,0.0,No Discount,Low Stock,Affordable,Heavy,Large Pack,1877
Ice Cream & Desserts,Mother's Recipe Mixed Pickle,8500,9,2,7700,300,False,300,85.0,77.0,8.0,Low Discount,Low Stock,Affordable,Medium,Bulk Pack,1878
Ice Cream & Desserts,Sunfeast Yippee! Pasta Treat - Sour Cream Onion,2800,17,3,2300,65,False,65,28.0,23.0,5.0,Medium Discount,Low Stock,Budget,Light,Bulk Pack,1879
Ice Cream & Desserts,The Whole Truth Peanut Cocoa Protein Bar No Sugar,10000,26,6,7400,52,False,52,100.0,74.0,26.0,High Discount,In Stock,Affordable,Light,Bulk Pack,1880
Ice Cream & Desserts,Yoga Bar Breakfast Muesli - Chocolate & Cranberry ,32500,4,6,30900,400,False,400,325.0,309.0,16.0,Low Discount,In Stock,Mid-Range,Medium,Bulk Pack,1881
Ice Cream & Desserts,Sunfeast YiPPee! Magic Masala Noodles,7000,10,3,6300,405,False,405,70.0,63.0,7.0,Low Discount,Low Stock,Affordable,Medium,Bulk Pack,1882
Ice Cream & Desserts,Veeba Sweet Onion Sauce,14100,14,4,12100,350,False,350,141.0,121.0,20.0,Medium Discount,Low Stock,Affordable,Medium,Bulk Pack,1883
Ice Cream & Desserts,Quaker Oats Breakfast Cereals - With Flavour Mix Nutritious Rich Source Of Energy,4900,8,6,4500,200,False,200,49.0,45.0,4.0,Low Discount,In Stock,Budget,Light,Bulk Pack,1884
Ice Cream & Desserts,Mother's Recipe Tamarind Paste,5000,2,6,4900,200,False,200,50.0,49.0,1.0,Low Discount,In Stock,Budget,Light,Bulk Pack,1885
Ice Cream & Desserts,Yogabar No Added Sugar Protein Bar Brownie,12500,15,4,10600,60,False,60,125.0,106.0,19.0,Medium Discount,Low Stock,Affordable,Light,Bulk Pack,1886
Ice Cream & Desserts,Bambino Popular Vermicelli ,4000,2,3,3900,400,False,400,40.0,39.0,1.0,Low Discount,Low Stock,Budget,Medium,Bulk Pack,1887
Ice Cream & Desserts,Ching's Secret Mix Veg Instant Soup,1000,0,3,1000,15,False,15,10.0,10.0,0.0,No Discount,Low Stock,Budget,Light,Bulk Pack,1888
Ice Cream & Desserts,Mother's Recipe Pickle - Red Stuffed Chilli,14500,11,3,12900,400,False,400,145.0,129.0,16.0,Medium Discount,Low Stock,Affordable,Medium,Bulk Pack,1889
Ice Cream & Desserts,Kellogg's No Added Sugar Muesli,33500,11,6,29800,500,False,500,335.0,298.0,37.0,Medium Discount,In Stock,Mid-Range,Medium,Bulk Pack,1890
Ice Cream & Desserts,Veeba Salsa Dip,11900,6,6,11100,360,False,360,119.0,111.0,8.0,Low Discount,In Stock,Affordable,Medium,Bulk Pack,1891
Ice Cream & Desserts,Veeba Thousand Island Dressing,14900,8,6,13700,300,False,300,149.0,137.0,12.0,Low Discount,In Stock,Affordable,Medium,Bulk Pack,1892
Ice Cream & Desserts,Baggry's Crunchy Muesli Almond Raisins & Honey,13000,0,5,13000,200,False,200,130.0,130.0,0.0,No Discount,Low Stock,Affordable,Light,Bulk Pack,1893
Ice Cream & Desserts,Knorr Chinese Hot And Sour Veg Soup,5500,3,1,5300,43,False,43,55.0,53.0,2.0,Low Discount,Low Stock,Affordable,Light,Bulk Pack,1894
Ice Cream & Desserts,Go Cheese Spread - Garlic,9900,5,6,9400,200,False,200,99.0,94.0,5.0,Low Discount,In Stock,Affordable,Light,Bulk Pack,1895
Ice Cream & Desserts,The Whole Truth Peanut Butter With Dates - Creamy No Sugar,21500,9,6,19400,325,False,325,215.0,194.0,21.0,Low Discount,In Stock,Affordable,Medium,Bulk Pack,1896
Ice Cream & Desserts,Zorabian Chicken Smoked Ham,20500,5,1,19400,250,False,250,205.0,194.0,11.0,Low Discount,Low Stock,Affordable,Light,Bulk Pack,1897
Ice Cream & Desserts,Kissan Pineapple Jam,16500,9,1,14900,500,False,500,165.0,149.0,16.0,Low Discount,Low Stock,Affordable,Medium,Bulk Pack,1898
Ice Cream & Desserts,Smith & Jones Masala Noodles,8900,0,5,8900,480,False,480,89.0,89.0,0.0,No Discount,Low Stock,Affordable,Medium,Bulk Pack,1899
Ice Cream & Desserts,Nestle Nestle Nan Pro Follow-Up Formula,65000,0,6,65000,400,False,400,650.0,650.0,0.0,No Discount,In Stock,Premium,Medium,Bulk Pack,1900
Ice Cream & Desserts,Sunfeast Yippee! Power Up Atta Noodles,9600,15,6,8100,280,False,280,96.0,81.0,15.0,Medium Discount,In Stock,Affordable,Medium,Bulk Pack,1901
Ice Cream & Desserts,McCain Super Wedges,12000,7,6,11100,400,False,400,120.0,111.0,9.0,Low Discount,In Stock,Affordable,Medium,Bulk Pack,1902
Ice Cream & Desserts,"Kellogg's Crunchy Granola Honey, Almonds, Strawberries & Pumpkin Seeds",33000,10,1,29400,450,False,450,330.0,294.0,36.0,Low Discount,Low Stock,Mid-Range,Medium,Bulk Pack,1903
Ice Cream & Desserts,Kellogg's Chocos,13000,10,6,11700,250,False,250,130.0,117.0,13.0,Low Discount,In Stock,Affordable,Light,Bulk Pack,1904
Ice Cream & Desserts,Ching's Secret Just Soak - Whole Wheat Veg Hakka Noodle,3200,0,3,3200,150,False,150,32.0,32.0,0.0,No Discount,Low Stock,Budget,Light,Bulk Pack,1905
Ice Cream & Desserts,The Whole Truth Vegan Fig Apricot & Orange Energy Bar No Sugar,6000,20,6,4800,40,False,40,60.0,48.0,12.0,Medium Discount,In Stock,Budget,Light,Bulk Pack,1906
Ice Cream & Desserts,Saffola Veggie Twist Masala Oats,19500,12,2,17100,500,False,500,195.0,171.0,24.0,Medium Discount,Low Stock,Affordable,Medium,Bulk Pack,1907
Ice Cream & Desserts,ITC Master Chef Classic Aloo Tikki,8000,10,3,7200,320,False,320,80.0,72.0,8.0,Low Discount,Low Stock,Affordable,Medium,Bulk Pack,1908
Ice Cream & Desserts,Smith & Jones Pink Pasta Sauce Mix,4000,0,4,4000,46,False,46,40.0,40.0,0.0,No Discount,Low Stock,Budget,Light,Bulk Pack,1909
Ice Cream & Desserts,Wingreens Farms Chipotle Dip,20000,25,1,15000,180,False,180,200.0,150.0,50.0,Medium Discount,Low Stock,Affordable,Light,Bulk Pack,1910
Ice Cream & Desserts,Kellogg's Real Almond & Honey Corn Flakes,55000,5,3,52000,1000,False,1,550.0,520.0,30.0,Low Discount,Low Stock,Premium,Heavy,Single,1911
Ice Cream & Desserts,Kellogg's Crunchy Granola Chocolate & Almonds,33000,10,3,29400,450,False,450,330.0,294.0,36.0,Low Discount,Low Stock,Mid-Range,Medium,Bulk Pack,1912
Ice Cream & Desserts,Cornitos Cornitos Taco Shells - 6 Inches,16000,20,4,12800,180,False,180,160.0,128.0,32.0,Medium Discount,Low Stock,Affordable,Light,Bulk Pack,1913
Ice Cream & Desserts,Ching's Secret Singapore Curry Instant Noodles,1500,0,3,1500,60,False,60,15.0,15.0,0.0,No Discount,Low Stock,Budget,Light,Bulk Pack,1914
Ice Cream & Desserts,Mother's Recipe Pickle - Mango,12500,9,6,11300,400,False,500,125.0,113.0,12.0,Low Discount,In Stock,Affordable,Medium,Bulk Pack,1915
Ice Cream & Desserts,Godrej Yummiez Chilli Chicken Sausages ,16000,10,3,14400,250,False,250,160.0,144.0,16.0,Low Discount,Low Stock,Affordable,Light,Bulk Pack,1916
Ice Cream & Desserts,Pedigree Dentastix  Dog Treat Oral Care for Adult Medium Breed ,17500,20,6,14000,180,False,180,175.0,140.0,35.0,Medium Discount,In Stock,Affordable,Light,Bulk Pack,1917
Ice Cream & Desserts,Maggi Hot & Sweet - Tomato Chilli Sauce,17000,10,1,15300,1000,False,1,170.0,153.0,17.0,Low Discount,Low Stock,Affordable,Heavy,Single,1918
Ice Cream & Desserts,Ching's Secret Asian Hot Instant Soup,1500,0,3,1500,15,False,15,15.0,15.0,0.0,No Discount,Low Stock,Budget,Light,Bulk Pack,1919
Ice Cream & Desserts,Kellogg’s Chocos Protein And Fibre Of 1 Roti,49900,11,6,44400,1200,False,1,499.0,444.0,55.0,Medium Discount,In Stock,Mid-Range,Extra Heavy,Single,1920
Ice Cream & Desserts,Mother's Recipe Pickle - Mango,14900,26,4,10900,500,False,500,149.0,109.0,40.0,High Discount,Low Stock,Affordable,Medium,Bulk Pack,1921
Ice Cream & Desserts,Chings Secret Manchurian Instant Noodle,6000,0,6,6000,240,False,240,60.0,60.0,0.0,No Discount,In Stock,Affordable,Light,Bulk Pack,1922
Ice Cream & Desserts,Kellogg's Original Corn Flakes,31000,6,6,29000,875,False,875,310.0,290.0,20.0,Low Discount,In Stock,Mid-Range,Heavy,Bulk Pack,1923
Ice Cream & Desserts,Ching's Singapore Curry Instant Noodles,6000,0,4,6000,240,False,240,60.0,60.0,0.0,No Discount,Low Stock,Affordable,Light,Bulk Pack,1924
Ice Cream & Desserts,Kellogg's Almonds And Cranberries Granola,33000,6,6,31000,460,False,460,330.0,310.0,20.0,Low Discount,In Stock,Mid-Range,Medium,Bulk Pack,1925
Ice Cream & Desserts,Nestle Ceregrow Multigrain Cereal with Milk and Fruits - 3 to 6 years,29200,0,6,29200,300,False,300,292.0,292.0,0.0,No Discount,In Stock,Mid-Range,Medium,Bulk Pack,1926
Ice Cream & Desserts,MTR 3 Minute Breakfast - Magic Masala Upma,2500,0,6,2500,60,False,60,25.0,25.0,0.0,No Discount,In Stock,Budget,Light,Bulk Pack,1927
Ice Cream & Desserts,Smith & Jones Masala Noodles,6800,10,5,6100,360,False,360,68.0,61.0,7.0,Low Discount,Low Stock,Affordable,Medium,Bulk Pack,1928
Ice Cream & Desserts,"Knorr Classic Tomato Soup With 100% Real Vegetabls, No Added Preservatives",5500,0,6,5500,53,False,53,55.0,55.0,0.0,No Discount,In Stock,Affordable,Light,Bulk Pack,1929
Ice Cream & Desserts,Godrej Yummiez Chicken Punjabi Tikka ,29500,9,6,26600,360,False,360,295.0,266.0,29.0,Low Discount,In Stock,Mid-Range,Medium,Bulk Pack,1930
Ice Cream & Desserts,Kellogg's Corn Flakes,42500,9,1,38300,1000,False,1,425.0,383.0,42.0,Low Discount,Low Stock,Mid-Range,Heavy,Single,1931
Ice Cream & Desserts,Kelloggs Chocos,17000,5,4,16000,385,False,385,170.0,160.0,10.0,Low Discount,Low Stock,Affordable,Medium,Bulk Pack,1932
Ice Cream & Desserts,Pedigree Puppy Dry Dog Food Food Chicken & Milk,29000,20,6,23200,1200,False,1200,290.0,232.0,58.0,Medium Discount,In Stock,Mid-Range,Extra Heavy,Bulk Pack,1933
Ice Cream & Desserts,Ching's Secret Lemon Coriander Instant Soup,1500,0,5,1500,15,False,15,15.0,15.0,0.0,No Discount,Low Stock,Budget,Light,Bulk Pack,1934
Ice Cream & Desserts,Nestle Cerelac Baby Cereal With Milk Wheat-Rice Mixed Fruit,26100,0,6,26100,300,False,300,261.0,261.0,0.0,No Discount,In Stock,Mid-Range,Medium,Bulk Pack,1935
Ice Cream & Desserts,Kelloggs Chocos - Moons & Stars,66000,40,4,39600,1200,False,1,660.0,396.0,264.0,High Discount,Low Stock,Mid-Range,Extra Heavy,Single,1936
Ice Cream & Desserts,ITC Master Chef Chicken Galouti Kebab,17000,4,2,16200,210,False,210,170.0,162.0,8.0,Low Discount,Low Stock,Affordable,Light,Bulk Pack,1937
Ice Cream & Desserts,Yogabar 100% Pure Peanut Butter Creamy & Yummy Unsweetened,22900,10,6,20600,400,False,400,229.0,206.0,23.0,Low Discount,In Stock,Mid-Range,Medium,Bulk Pack,1938
Ice Cream & Desserts,Kitchens Of India Palak Paneer,13000,30,6,9100,285,False,285,130.0,91.0,39.0,High Discount,In Stock,Affordable,Medium,Bulk Pack,1939
Ice Cream & Desserts,Kelloggs Chocos Fills Double Chocolat,9900,11,6,8800,175,False,175,99.0,88.0,11.0,Medium Discount,In Stock,Affordable,Light,Bulk Pack,1940
Ice Cream & Desserts,Soulfull Ragi Bites Choco Fills,16900,5,4,16000,250,False,250,169.0,160.0,9.0,Low Discount,Low Stock,Affordable,Light,Bulk Pack,1941
Ice Cream & Desserts,Figaro Sliced Black Olive ,17900,0,6,17900,450,False,450,179.0,179.0,0.0,No Discount,In Stock,Affordable,Medium,Bulk Pack,1942
Ice Cream & Desserts,Veeba Barbeque Sauce,14900,8,6,13700,330,False,330,149.0,137.0,12.0,Low Discount,In Stock,Affordable,Medium,Bulk Pack,1943
Ice Cream & Desserts,The Whole Truth Vegan Mocha Almond Fudge Energy Bar No Sugar,6000,20,6,4800,40,False,40,60.0,48.0,12.0,Medium Discount,In Stock,Budget,Light,Bulk Pack,1944
Ice Cream & Desserts,"The Whole Truth - Nuts, Fruits & Seeds Muesli",32500,20,6,26000,350,False,350,325.0,260.0,65.0,Medium Discount,In Stock,Mid-Range,Medium,Bulk Pack,1945
Ice Cream & Desserts,Pantai Green Curry Paste,15000,14,5,12800,114,False,114,150.0,128.0,22.0,Medium Discount,Low Stock,Affordable,Light,Bulk Pack,1946
Ice Cream & Desserts,Kelloggs Special K,21000,8,5,19200,435,False,435,210.0,192.0,18.0,Low Discount,Low Stock,Affordable,Medium,Bulk Pack,1947
Ice Cream & Desserts,Moi Soi Sichuan Chilli Oil- For Stir Fry Marinade Spread & Dip,28000,50,5,14000,175,False,175,280.0,140.0,140.0,Very High Discount,Low Stock,Affordable,Light,Bulk Pack,1948
Ice Cream & Desserts,Mother's Recipe Madras Appalam,5000,10,6,4500,100,False,100,50.0,45.0,5.0,Low Discount,In Stock,Budget,Light,Bulk Pack,1949
Ice Cream & Desserts,Top Ramen Masala Oat Masala,8000,10,6,7200,280,False,280,80.0,72.0,8.0,Low Discount,In Stock,Affordable,Medium,Bulk Pack,1950
Ice Cream & Desserts,Saffola Everyday Peppy Tomato Masala Oats,19500,12,6,17100,500,False,500,195.0,171.0,24.0,Medium Discount,In Stock,Affordable,Medium,Bulk Pack,1951
Ice Cream & Desserts,"Ching's Secret Instant Noodles, Hot Garlic",6000,0,4,6000,240,False,240,60.0,60.0,0.0,No Discount,Low Stock,Affordable,Light,Bulk Pack,1952
Ice Cream & Desserts,Kitchens Of India Chicken Chettinad,20000,30,1,14000,285,False,285,200.0,140.0,60.0,High Discount,Low Stock,Affordable,Medium,Bulk Pack,1953
Ice Cream & Desserts,Nestle Cerelac Wheat - Stage 1,19000,0,6,19000,300,False,300,190.0,190.0,0.0,No Discount,In Stock,Affordable,Medium,Bulk Pack,1954
Ice Cream & Desserts,Sumeru Aloo Paratha,11900,5,6,11300,400,False,400,119.0,113.0,6.0,Low Discount,In Stock,Affordable,Medium,Bulk Pack,1955
Ice Cream & Desserts,ITC Master Chef Veggie Pizza Pocket,17000,4,4,16200,340,False,340,170.0,162.0,8.0,Low Discount,Low Stock,Affordable,Medium,Bulk Pack,1956
Ice Cream & Desserts,Wingreens Farms Tangy Cheese Pita Chips & Mexican Salsa Dip,6000,15,1,5100,70,False,70,60.0,51.0,9.0,Medium Discount,Low Stock,Affordable,Light,Bulk Pack,1957
Ice Cream & Desserts,Ching's Secret Manchow Soup,5500,0,3,5500,55,False,55,55.0,55.0,0.0,No Discount,Low Stock,Affordable,Light,Bulk Pack,1958
Ice Cream & Desserts,Veeba Carrot & Cucumber Sandwich Spread,8500,10,6,7600,250,False,250,85.0,76.0,9.0,Low Discount,In Stock,Affordable,Light,Bulk Pack,1959
Ice Cream & Desserts,Kellogg's Real Almond & Honey Corn Flakes,37000,12,3,32400,650,False,650,370.0,324.0,46.0,Medium Discount,Low Stock,Mid-Range,Heavy,Bulk Pack,1960
Ice Cream & Desserts,Kitchens Of India Mughlai Paneer,16000,30,4,11200,285,False,285,160.0,112.0,48.0,High Discount,Low Stock,Affordable,Medium,Bulk Pack,1961
Ice Cream & Desserts,Ching's Secret Just Soak - Veg Hakka Noodles,3000,0,5,3000,150,False,150,30.0,30.0,0.0,No Discount,Low Stock,Budget,Light,Bulk Pack,1962
Ice Cream & Desserts,Ching's Secret Chowmein Hakka Noodles Masala,6000,10,2,5400,100,False,100,60.0,54.0,6.0,Low Discount,Low Stock,Affordable,Light,Bulk Pack,1963
Ice Cream & Desserts,The Whole Truth Dark Chocolate Peanut Butter - Crunchy,23500,20,5,18800,325,False,325,235.0,188.0,47.0,Medium Discount,Low Stock,Affordable,Medium,Bulk Pack,1964
Ice Cream & Desserts,Mother's Recipe Bhel Puri Chutney,5500,9,4,5000,200,False,200,55.0,50.0,5.0,Low Discount,Low Stock,Budget,Light,Bulk Pack,1965
Ice Cream & Desserts,Kelloggs Chocos Moon & Stars,33000,10,6,29400,680,False,680,330.0,294.0,36.0,Low Discount,In Stock,Mid-Range,Heavy,Bulk Pack,1966
Ice Cream & Desserts,Mother's Recipe Lime Pickle ,12000,5,1,11400,400,False,400,120.0,114.0,6.0,Low Discount,Low Stock,Affordable,Medium,Bulk Pack,1967
Ice Cream & Desserts,Kitchens of India Dal Makhani,11000,30,2,7700,285,False,285,110.0,77.0,33.0,High Discount,Low Stock,Affordable,Medium,Bulk Pack,1968
Ice Cream & Desserts,Pantai Light Soy Sauce,27500,14,5,23400,200,False,200,275.0,234.0,41.0,Medium Discount,Low Stock,Mid-Range,Light,Bulk Pack,1969
Ice Cream & Desserts,Ching's Secret Sweet Corn Soup,5500,0,6,5500,55,False,55,55.0,55.0,0.0,No Discount,In Stock,Affordable,Light,Bulk Pack,1970
Ice Cream & Desserts,"Top Ramen Noodles, Atta",8000,0,1,8000,280,False,280,80.0,80.0,0.0,No Discount,Low Stock,Affordable,Medium,Bulk Pack,1971
Ice Cream & Desserts,Cantina Tortilla Dip Sauce Sour Creamy Tex Mex,22500,15,5,19100,190,False,190,225.0,191.0,34.0,Medium Discount,Low Stock,Affordable,Light,Bulk Pack,1972
Ice Cream & Desserts,Dabur Hommade - Rajasthan Ki Garlic Chutne,6500,6,6,6100,200,False,200,65.0,61.0,4.0,Low Discount,In Stock,Affordable,Light,Bulk Pack,1973
Ice Cream & Desserts,MTR Seviyan Vermicelli ,4200,0,2,4200,400,False,400,42.0,42.0,0.0,No Discount,Low Stock,Budget,Medium,Bulk Pack,1974
Ice Cream & Desserts,Pantai Oyster Sauce,27500,14,4,23400,200,False,200,275.0,234.0,41.0,Medium Discount,Low Stock,Mid-Range,Light,Bulk Pack,1975
Ice Cream & Desserts,Go Cheese Spread - Four Pepper (Soft & Creamy),9900,5,6,9400,200,False,200,99.0,94.0,5.0,Low Discount,In Stock,Affordable,Light,Bulk Pack,1976
Ice Cream & Desserts,MTR Ready To Eat Paneer Butter Masala,13500,9,2,12200,300,False,300,135.0,122.0,13.0,Low Discount,Low Stock,Affordable,Medium,Bulk Pack,1977
Ice Cream & Desserts,Nestle Lactogen Stage 2 Follow-up Formula Powder,34000,0,2,34000,400,False,400,340.0,340.0,0.0,No Discount,Low Stock,Mid-Range,Medium,Bulk Pack,1978
Ice Cream & Desserts,Kellogg's Crunchy Bites Chocos,19000,10,6,17100,375,False,375,190.0,171.0,19.0,Low Discount,In Stock,Affordable,Medium,Bulk Pack,1979
Ice Cream & Desserts,Veeba Hot Sweet Tomato Chilli Sauce,10400,20,3,8300,500,False,500,104.0,83.0,21.0,Medium Discount,Low Stock,Affordable,Medium,Bulk Pack,1980
Ice Cream & Desserts,Borges Durum Wheat Pasta Superior Quality,25000,40,6,14900,500,False,500,250.0,149.0,101.0,High Discount,In Stock,Affordable,Medium,Bulk Pack,1981
Ice Cream & Desserts,Funfoods Peanut Butter Crunchy,16900,7,1,15600,400,False,400,169.0,156.0,13.0,Low Discount,Low Stock,Affordable,Medium,Bulk Pack,1982
Ice Cream & Desserts,Pantai Red Curry Paste,6000,0,4,6000,50,False,50,60.0,60.0,0.0,No Discount,Low Stock,Affordable,Light,Bulk Pack,1983
Ice Cream & Desserts,ITC Master Chef Chicken Seekh Kabab,32500,0,6,32500,500,False,500,325.0,325.0,0.0,No Discount,In Stock,Mid-Range,Medium,Bulk Pack,1984
Ice Cream & Desserts,Del Monte Pizza & Pasta Sauce Spout Pack,9900,0,3,9900,400,False,400,99.0,99.0,0.0,No Discount,Low Stock,Affordable,Medium,Bulk Pack,1985
Ice Cream & Desserts,Pantai Sriracha Red Chilli Sauce,22500,15,6,19100,200,False,200,225.0,191.0,34.0,Medium Discount,In Stock,Affordable,Light,Bulk Pack,1986
Ice Cream & Desserts,Hershey's Cocoa Spread,29500,0,3,29500,350,False,350,295.0,295.0,0.0,No Discount,Low Stock,Mid-Range,Medium,Bulk Pack,1987
Ice Cream & Desserts,Maggi Ghee Tadka Upma Express Pouch,2500,0,6,2500,65,False,65,25.0,25.0,0.0,No Discount,In Stock,Budget,Light,Bulk Pack,1988
Ice Cream & Desserts,Ching's Secret Manchurian Noodles,9100,0,5,9100,360,False,360,91.0,91.0,0.0,No Discount,Low Stock,Affordable,Medium,Bulk Pack,1989
Ice Cream & Desserts,Kellogg's All Bran Wheat Flakes,22000,6,5,20500,425,False,425,220.0,205.0,15.0,Low Discount,Low Stock,Mid-Range,Medium,Bulk Pack,1990
Ice Cream & Desserts,Yummiez Chicken Breakfast Sausages,15000,0,3,15000,250,False,250,150.0,150.0,0.0,No Discount,Low Stock,Affordable,Light,Bulk Pack,1991
Ice Cream & Desserts,Pantai Red Curry Paste,15000,14,3,12800,114,False,114,150.0,128.0,22.0,Medium Discount,Low Stock,Affordable,Light,Bulk Pack,1992
Ice Cream & Desserts,Bagrrys Muesli Crunchy Fruit & Nut With Cranberries,33000,10,6,29700,400,False,400,330.0,297.0,33.0,Low Discount,In Stock,Mid-Range,Medium,Bulk Pack,1993
Ice Cream & Desserts,Quaker Oats Pouch,27600,10,6,24800,1500,False,1,276.0,248.0,28.0,Low Discount,In Stock,Mid-Range,Extra Heavy,Single,1994
Ice Cream & Desserts,Prasuma Momos -  Cheesy Spicy Veg,29500,0,6,29500,24,False,24,295.0,295.0,0.0,No Discount,In Stock,Mid-Range,Light,Bulk Pack,1995
Ice Cream & Desserts,Veeba Sriracha Chilli Garlic Sauce,14900,8,5,13700,320,False,320,149.0,137.0,12.0,Low Discount,Low Stock,Affordable,Medium,Bulk Pack,1996
Ice Cream & Desserts,Ching's Secret Just Soak - Veg Hakka Noodles,11500,0,6,11500,600,False,600,115.0,115.0,0.0,No Discount,In Stock,Affordable,Heavy,Bulk Pack,1997
Ice Cream & Desserts,Moi Soi Kung Pao Sauce - For Stir Fry Marinade Spread & Dip,28000,50,5,14000,175,False,175,280.0,140.0,140.0,Very High Discount,Low Stock,Affordable,Light,Bulk Pack,1998
Ice Cream & Desserts,Figaro Plain Green Olive ,17900,0,6,17900,450,False,450,179.0,179.0,0.0,No Discount,In Stock,Affordable,Medium,Bulk Pack,1999
Ice Cream & Desserts,Mother's Recipe Gujrati Gorkeri Pickle,14000,10,3,12600,500,False,500,140.0,126.0,14.0,Low Discount,Low Stock,Affordable,Medium,Bulk Pack,2000
Ice Cream & Desserts,Kellogg's Muesli 20% Nuts Delight,32000,0,6,32000,500,False,500,320.0,320.0,0.0,No Discount,In Stock,Mid-Range,Medium,Bulk Pack,2001
Ice Cream & Desserts,Borges Farfalle Durum Wheat Pasta ,25000,0,5,25000,500,False,500,250.0,250.0,0.0,No Discount,Low Stock,Mid-Range,Medium,Bulk Pack,2002
Ice Cream & Desserts,Kellogg's Chocos,29900,10,4,26900,700,False,700,299.0,269.0,30.0,Low Discount,Low Stock,Mid-Range,Heavy,Bulk Pack,2003
Ice Cream & Desserts,Nestle Nan Pro 4 Follow Up Formula Powder For Older Infants ,62000,0,1,62000,400,False,400,620.0,620.0,0.0,No Discount,Low Stock,Premium,Medium,Bulk Pack,2004
Ice Cream & Desserts,Veeba Truly Tomato Ketchup,9900,20,6,7900,500,False,500,99.0,79.0,20.0,Medium Discount,In Stock,Affordable,Medium,Bulk Pack,2005
Ice Cream & Desserts,Ching's Secret Green Chilli Sauce,8500,4,1,8100,680,False,680,85.0,81.0,4.0,Low Discount,Low Stock,Affordable,Heavy,Bulk Pack,2006
Ice Cream & Desserts,MTR Roasted Vermicelli ,5500,0,1,5500,400,False,400,55.0,55.0,0.0,No Discount,Low Stock,Affordable,Medium,Bulk Pack,2007
Ice Cream & Desserts,Mother's Recipe Punjabi Teekha Mang Pickle,12000,10,4,10800,400,False,400,120.0,108.0,12.0,Low Discount,Low Stock,Affordable,Medium,Bulk Pack,2008
Ice Cream & Desserts,Ching's Secret Hot Garlic Instant Noodles,11400,0,6,11400,480,False,480,114.0,114.0,0.0,No Discount,In Stock,Affordable,Medium,Bulk Pack,2009
Ice Cream & Desserts,Kellogg's Real Honey Corn Flakes,29000,7,5,26700,630,False,630,290.0,267.0,23.0,Low Discount,Low Stock,Mid-Range,Heavy,Bulk Pack,2010
Ice Cream & Desserts,ITC Master Chef Lebanese Falafel Kebab,13000,4,4,12400,230,False,230,130.0,124.0,6.0,Low Discount,Low Stock,Affordable,Light,Bulk Pack,2011
Ice Cream & Desserts,Kelloggs Chocos Fills Double Chocolaty,18500,10,5,16500,250,False,250,185.0,165.0,20.0,Low Discount,Low Stock,Affordable,Light,Bulk Pack,2012
Ice Cream & Desserts,Organic India Apple Cider Vinegar,59500,9,2,53600,500,False,500,595.0,536.0,59.0,Low Discount,Low Stock,Premium,Medium,Bulk Pack,2013
Ice Cream & Desserts,Masala Oats Masala & Coriander ,19500,9,5,17600,500,False,500,195.0,176.0,19.0,Low Discount,Low Stock,Affordable,Medium,Bulk Pack,2014
Ice Cream & Desserts,Ching's Secret  Noodles - Pad Thai Lemongras,20000,0,5,20000,130,False,130,200.0,200.0,0.0,No Discount,Low Stock,Affordable,Light,Bulk Pack,2015
Ice Cream & Desserts,Bagrrys Fruit and Nut Muesli with Cranberries,49900,0,5,49900,750,False,750,499.0,499.0,0.0,No Discount,Low Stock,Mid-Range,Heavy,Bulk Pack,2016
Ice Cream & Desserts,Kitchens Of India Yellow Dal Tadka,11000,30,6,7700,285,False,285,110.0,77.0,33.0,High Discount,In Stock,Affordable,Medium,Bulk Pack,2017
Ice Cream & Desserts,Soulfull Vanilla Fills - Ragi Bites,16900,5,6,16000,250,False,250,169.0,160.0,9.0,Low Discount,In Stock,Affordable,Light,Bulk Pack,2018
Ice Cream & Desserts,Pantai Teriyaki Sauce with Garlic,32500,15,6,27600,200,False,200,325.0,276.0,49.0,Medium Discount,In Stock,Mid-Range,Light,Bulk Pack,2019
Ice Cream & Desserts,Whiskas Adult Pocket Tuna Cat Food,41000,0,1,41000,1200,False,1,410.0,410.0,0.0,No Discount,Low Stock,Mid-Range,Extra Heavy,Single,2020
Ice Cream & Desserts,Kitchens Of India Chicken Darbari ,20000,30,4,14000,285,False,285,200.0,140.0,60.0,High Discount,Low Stock,Affordable,Medium,Bulk Pack,2021
Ice Cream & Desserts,Soulfull Millet Muesli Fruit & Nut Almonds & Real Fruits,29900,10,6,26900,400,False,400,299.0,269.0,30.0,Low Discount,In Stock,Mid-Range,Medium,Bulk Pack,2022
Ice Cream & Desserts,Smith & Jones Red Pasta Sauce Mix,4000,0,6,4000,46,False,46,40.0,40.0,0.0,No Discount,In Stock,Budget,Light,Bulk Pack,2023
Ice Cream & Desserts,Kellogg's Muesli Nuts Delight,42500,9,3,38300,750,False,750,425.0,383.0,42.0,Low Discount,Low Stock,Mid-Range,Heavy,Bulk Pack,2024
Ice Cream & Desserts,Kitchens of India Dal Bukhara Gravy Mix,11000,30,6,7700,285,False,285,110.0,77.0,33.0,High Discount,In Stock,Affordable,Medium,Bulk Pack,2025
Ice Cream & Desserts,The Whole Truth Peanut Butter - Sweetened & Crunchy,21500,20,6,17200,325,False,325,215.0,172.0,43.0,Medium Discount,In Stock,Affordable,Medium,Bulk Pack,2026
Ice Cream & Desserts,Remia Mayonnaise,23000,0,6,23000,241,False,241,230.0,230.0,0.0,No Discount,In Stock,Mid-Range,Light,Bulk Pack,2027
Ice Cream & Desserts,Ching's Secret Green Chilli Sauce,10500,0,6,10500,425,False,425,105.0,105.0,0.0,No Discount,In Stock,Affordable,Medium,Bulk Pack,2028
Ice Cream & Desserts,Bagrrys Fruit N Fibre Muesli - Strawberry,59500,0,1,59500,1000,False,1,595.0,595.0,0.0,No Discount,Low Stock,Premium,Heavy,Single,2029
Ice Cream & Desserts,Ching's Secret Tomato Oats Instant Soup,1500,0,3,1500,20,False,20,15.0,15.0,0.0,No Discount,Low Stock,Budget,Light,Bulk Pack,2030
Ice Cream & Desserts,Kellogg's Special K Original Corn Flakes,14000,5,1,13300,290,False,290,140.0,133.0,7.0,Low Discount,Low Stock,Affordable,Medium,Bulk Pack,2031
Ice Cream & Desserts,Moi Soi  Black Bean Sauce - Dip Spread Stir Fry & Marinade,28000,50,5,14000,175,False,175,280.0,140.0,140.0,Very High Discount,Low Stock,Affordable,Light,Bulk Pack,2032
Ice Cream & Desserts,Tong Garden Wasabi Green Peas,17500,4,6,16700,150,False,150,175.0,167.0,8.0,Low Discount,In Stock,Affordable,Light,Bulk Pack,2033
Ice Cream & Desserts,Ching's Secret Red Chilli Sauce,10500,0,4,10500,440,False,440,105.0,105.0,0.0,No Discount,Low Stock,Affordable,Medium,Bulk Pack,2034
Ice Cream & Desserts,Ching's Instant Hot and Sour Soup,5500,0,5,5500,55,False,55,55.0,55.0,0.0,No Discount,Low Stock,Affordable,Light,Bulk Pack,2035
Ice Cream & Desserts,Ching's Secret Noodles - Pad Thai Original,20000,0,6,20000,130,False,130,200.0,200.0,0.0,No Discount,In Stock,Affordable,Light,Bulk Pack,2036
Ice Cream & Desserts,Aashirvaad Instant Meals - Khatta Meetha Pohaa With Millets,5500,30,5,3800,80,False,80,55.0,38.0,17.0,High Discount,Low Stock,Budget,Light,Bulk Pack,2037
Ice Cream & Desserts,Del Monte Black Sliced Olives,25000,0,1,25000,450,False,450,250.0,250.0,0.0,No Discount,Low Stock,Mid-Range,Medium,Bulk Pack,2038
Ice Cream & Desserts,Kitchens Of India Murgh Methi,22000,30,5,15400,285,False,285,220.0,154.0,66.0,High Discount,Low Stock,Affordable,Medium,Bulk Pack,2039
Ice Cream & Desserts,Nestle Cerelac 5 Grains & Fruits Cereal,28800,0,6,28800,300,False,300,288.0,288.0,0.0,No Discount,In Stock,Mid-Range,Medium,Bulk Pack,2040
Ice Cream & Desserts,The Whole Truth - 5 Grain Muesli No Added Sugar,32500,20,6,26000,350,False,350,325.0,260.0,65.0,Medium Discount,In Stock,Mid-Range,Medium,Bulk Pack,2041
Ice Cream & Desserts,Ching's Secret  Pad Thai Noodles Green Curry,20000,0,6,20000,130,False,130,200.0,200.0,0.0,No Discount,In Stock,Affordable,Light,Bulk Pack,2042
Ice Cream & Desserts,Aashirvaad Suji Halwa With Jaggery,7500,0,6,7500,70,False,70,75.0,75.0,0.0,No Discount,In Stock,Affordable,Light,Bulk Pack,2043
Ice Cream & Desserts,Mother's Recipe Mango Pickle ,12000,0,1,12000,400,False,400,120.0,120.0,0.0,No Discount,Low Stock,Affordable,Medium,Bulk Pack,2044
Ice Cream & Desserts,Ching's Secret Pad Thai Noodles - Extra Hot Thai Chilli,20000,0,6,20000,130,False,130,200.0,200.0,0.0,No Discount,In Stock,Affordable,Light,Bulk Pack,2045
Ice Cream & Desserts,Kellogg's Special K Original Corn Flakes,39900,11,6,35500,900,False,900,399.0,355.0,44.0,Medium Discount,In Stock,Mid-Range,Heavy,Bulk Pack,2046
Ice Cream & Desserts,Knorr Sweet Corn Chicken Soup,5500,0,2,5500,42,False,42,55.0,55.0,0.0,No Discount,Low Stock,Affordable,Light,Bulk Pack,2047
Ice Cream & Desserts,Ching's Secret Tomato Soup,5500,0,6,5500,55,False,55,55.0,55.0,0.0,No Discount,In Stock,Affordable,Light,Bulk Pack,2048
Ice Cream & Desserts,Funfoods Peanut Butter Creamy,16900,0,1,16900,400,False,400,169.0,169.0,0.0,No Discount,Low Stock,Affordable,Medium,Bulk Pack,2049
Ice Cream & Desserts,Japanese Choice Udon Noodles,29500,9,6,26600,250,False,250,295.0,266.0,29.0,Low Discount,In Stock,Mid-Range,Light,Bulk Pack,2050
Ice Cream & Desserts,Kelloggs Muesli - With 22% Fruit Magic,32000,10,5,28800,500,False,500,320.0,288.0,32.0,Low Discount,Low Stock,Mid-Range,Medium,Bulk Pack,2051
Ice Cream & Desserts,Dabur Hommade - Kalonji Tamatar Ki Chutney,6500,6,6,6100,200,False,200,65.0,61.0,4.0,Low Discount,In Stock,Affordable,Light,Bulk Pack,2052
Ice Cream & Desserts,Kitchens Of India Dal Makhani,11000,30,1,7700,285,False,285,110.0,77.0,33.0,High Discount,Low Stock,Affordable,Medium,Bulk Pack,2053
Ice Cream & Desserts,Aashirvaad Suji Halwa With Jaggery,5500,30,6,3800,80,False,80,55.0,38.0,17.0,High Discount,In Stock,Budget,Light,Bulk Pack,2054
Ice Cream & Desserts,Del Monte Green Chili Sauce,5500,0,3,5500,190,False,190,55.0,55.0,0.0,No Discount,Low Stock,Affordable,Light,Bulk Pack,2055
Ice Cream & Desserts,Pedigree Dog Food Adult Chicken & Veg,66000,10,1,59400,3000,False,3,660.0,594.0,66.0,Low Discount,Low Stock,Premium,Bulk,Small Pack,2056
Ice Cream & Desserts,Kellogg's Original Corn Flakes,18500,5,6,17500,475,False,475,185.0,175.0,10.0,Low Discount,In Stock,Affordable,Medium,Bulk Pack,2057
Ice Cream & Desserts,Pedigree Puppy Dry Dog Food Food Chicken & Milk,69000,6,2,64800,3000,False,3,690.0,648.0,42.0,Low Discount,Low Stock,Premium,Bulk,Small Pack,2058
Ice Cream & Desserts,Kitchens Of India Rajma Masala,11000,30,5,7700,285,False,285,110.0,77.0,33.0,High Discount,Low Stock,Affordable,Medium,Bulk Pack,2059
Ice Cream & Desserts,Kitchen Of India Ready-To-Eat Pindi Channa,11000,30,2,7700,285,False,285,110.0,77.0,33.0,High Discount,Low Stock,Affordable,Medium,Bulk Pack,2060
Ice Cream & Desserts,Figaro Pitted Black Olive ,17900,0,6,17900,450,False,450,179.0,179.0,0.0,No Discount,In Stock,Affordable,Medium,Bulk Pack,2061
Ice Cream & Desserts,Cantina Tabasco Red Sauce,14000,15,6,11900,60,False,60,140.0,119.0,21.0,Medium Discount,In Stock,Affordable,Light,Bulk Pack,2062
Ice Cream & Desserts,Mother's Recipe Pickle - Mixed,14900,26,6,10900,500,False,500,149.0,109.0,40.0,High Discount,In Stock,Affordable,Medium,Bulk Pack,2063
Ice Cream & Desserts,Nestle Cerelac Baby Cereal with Milk 5 Grains & Vegetables from 18 to 24 Month,27900,0,5,27900,300,False,300,279.0,279.0,0.0,No Discount,Low Stock,Mid-Range,Medium,Bulk Pack,2064
Ice Cream & Desserts,Mother's Recipe Tamarind Paste,5000,2,2,4900,200,False,200,50.0,49.0,1.0,Low Discount,Low Stock,Budget,Light,Bulk Pack,2065
Ice Cream & Desserts,Pedigree Meat Jerky Adult Dog Treat Barbecued Chicken,14000,20,6,11200,80,False,80,140.0,112.0,28.0,Medium Discount,In Stock,Affordable,Light,Bulk Pack,2066
Ice Cream & Desserts,Veeba Peri Peri Sauce,16100,0,6,16100,300,False,300,161.0,161.0,0.0,No Discount,In Stock,Affordable,Medium,Bulk Pack,2067
Ice Cream & Desserts,Pantai Sriracha Yellow Chilli Sauce,22500,15,6,19100,200,False,200,225.0,191.0,34.0,Medium Discount,In Stock,Affordable,Light,Bulk Pack,2068
Ice Cream & Desserts,Praakritik Organic Jumbo Rolled Oats,19000,11,6,16900,500,False,500,190.0,169.0,21.0,Medium Discount,In Stock,Affordable,Medium,Bulk Pack,2069
Ice Cream & Desserts,Ching's Secret Just Soak - Whole Wheat Veg Hakka Noodles,12300,0,6,12300,600,False,600,123.0,123.0,0.0,No Discount,In Stock,Affordable,Heavy,Bulk Pack,2070
Ice Cream & Desserts,Pantai Spring Roll Sauce,27500,10,6,24500,200,False,200,275.0,245.0,30.0,Low Discount,In Stock,Mid-Range,Light,Bulk Pack,2071
Ice Cream & Desserts,MTR Vermicelli Payasam,7500,0,6,7500,180,False,180,75.0,75.0,0.0,No Discount,In Stock,Affordable,Light,Bulk Pack,2072
Ice Cream & Desserts,Bagrrys Corn Flakes,35000,0,6,35000,880,False,800,350.0,350.0,0.0,No Discount,In Stock,Mid-Range,Heavy,Bulk Pack,2073
Ice Cream & Desserts,MTR Ready To Eat Palak Paneer ,13500,11,6,12000,300,False,300,135.0,120.0,15.0,Medium Discount,In Stock,Affordable,Medium,Bulk Pack,2074
Ice Cream & Desserts,Del Monte Red Chili Sauce,5500,0,5,5500,190,False,190,55.0,55.0,0.0,No Discount,Low Stock,Affordable,Light,Bulk Pack,2075
Ice Cream & Desserts,Kitchens of India Mutter Paneer Mix,12000,30,4,8400,285,False,285,120.0,84.0,36.0,High Discount,Low Stock,Affordable,Medium,Bulk Pack,2076
Ice Cream & Desserts,Pantai Green Curry Paste,6000,6,6,5600,50,False,50,60.0,56.0,4.0,Low Discount,In Stock,Affordable,Light,Bulk Pack,2077
Ice Cream & Desserts,The Laughing Cow Cheese Spread Plain,11000,0,6,11000,180,False,180,110.0,110.0,0.0,No Discount,In Stock,Affordable,Light,Bulk Pack,2078
Ice Cream & Desserts,MTR Dal Fry,11000,0,5,11000,300,False,300,110.0,110.0,0.0,No Discount,Low Stock,Affordable,Medium,Bulk Pack,2079
Ice Cream & Desserts,Pantai Fish Sauce,27500,14,6,23400,200,False,200,275.0,234.0,41.0,Medium Discount,In Stock,Mid-Range,Light,Bulk Pack,2080
Ice Cream & Desserts,Cantina Beans Mexican Beans,25000,14,6,21300,410,False,410,250.0,213.0,37.0,Medium Discount,In Stock,Mid-Range,Medium,Bulk Pack,2081
Ice Cream & Desserts,Ching's Secret Manchurian Instant Noodle,11400,0,6,11400,480,False,480,114.0,114.0,0.0,No Discount,In Stock,Affordable,Medium,Bulk Pack,2082
Ice Cream & Desserts,Remia Salad Italian Dressing ,23000,0,6,23000,250,False,250,230.0,230.0,0.0,No Discount,In Stock,Mid-Range,Light,Bulk Pack,2083
Ice Cream & Desserts,Yummiez Veg Cheese Fingers Pouch,23000,0,4,23000,400,False,400,230.0,230.0,0.0,No Discount,Low Stock,Mid-Range,Medium,Bulk Pack,2084
Ice Cream & Desserts,MTR Dal Makhani,11000,0,4,11000,300,False,300,110.0,110.0,0.0,No Discount,Low Stock,Affordable,Medium,Bulk Pack,2085
Ice Cream & Desserts,MTR Ready to Eat Pav Bhaji,11000,0,6,11000,300,False,300,110.0,110.0,0.0,No Discount,In Stock,Affordable,Medium,Bulk Pack,2086
Ice Cream & Desserts,Weikfield Tomato Salsa Instant Pasta,2500,0,1,2500,77,False,77,25.0,25.0,0.0,No Discount,Low Stock,Budget,Light,Bulk Pack,2087
Ice Cream & Desserts,Nestlé CERELAC Baby Cereal with Milk,27200,0,1,27200,300,False,300,272.0,272.0,0.0,No Discount,Low Stock,Mid-Range,Medium,Bulk Pack,2088
Ice Cream & Desserts,Remia Salad Caesar Dressing,25000,0,6,25000,250,False,250,250.0,250.0,0.0,No Discount,In Stock,Mid-Range,Light,Bulk Pack,2089
Ice Cream & Desserts,Bagrrys Fruit N Fibre Muesli Mixed Fruit,33000,0,6,33000,500,False,500,330.0,330.0,0.0,No Discount,In Stock,Mid-Range,Medium,Bulk Pack,2090
Ice Cream & Desserts,MTR Paneer Butter Masala & Veg Pulao,17500,9,4,15800,375,False,375,175.0,158.0,17.0,Low Discount,Low Stock,Affordable,Medium,Bulk Pack,2091
Ice Cream & Desserts,Sundrop Cocoa Nut Hazelnut Chocolatey Spread,12000,0,6,12000,160,False,160,120.0,120.0,0.0,No Discount,In Stock,Affordable,Light,Bulk Pack,2092
Ice Cream & Desserts,Moi Soi Manchurian Sauce - For Stir Fry Marinade Spread & Dip,28000,50,6,14000,175,False,175,280.0,140.0,140.0,Very High Discount,In Stock,Affordable,Light,Bulk Pack,2093
Ice Cream & Desserts,Pedigree Dog Food Adult Meat & Rice,66000,7,2,60800,3000,False,3,660.0,608.0,52.0,Low Discount,Low Stock,Premium,Bulk,Small Pack,2094
Ice Cream & Desserts,Pantai Sriracha Green Chilli Sauce,22500,15,6,19100,200,False,200,225.0,191.0,34.0,Medium Discount,In Stock,Affordable,Light,Bulk Pack,2095
Ice Cream & Desserts,Pantai Chilli Garlic Sauce,27500,14,6,23400,200,False,200,275.0,234.0,41.0,Medium Discount,In Stock,Mid-Range,Light,Bulk Pack,2096
Ice Cream & Desserts,Pantai Dark Soy Sauce,27500,14,6,23400,200,False,200,275.0,234.0,41.0,Medium Discount,In Stock,Mid-Range,Light,Bulk Pack,2097
Ice Cream & Desserts,Yoga Bar Peanut Butter Dark Chocolate Jar,24900,0,4,24900,400,False,400,249.0,249.0,0.0,No Discount,Low Stock,Mid-Range,Medium,Bulk Pack,2098
Ice Cream & Desserts,Cantina Tabasco Green Sauce,14000,15,6,11900,60,False,60,140.0,119.0,21.0,Medium Discount,In Stock,Affordable,Light,Bulk Pack,2099
Ice Cream & Desserts,Pantai Pad Thai Sauce (Non-Veg),32500,9,5,29300,200,False,200,325.0,293.0,32.0,Low Discount,Low Stock,Mid-Range,Light,Bulk Pack,2100
Ice Cream & Desserts,Pantai Sweet Chilli Sauce,27500,14,6,23400,200,False,200,275.0,234.0,41.0,Medium Discount,In Stock,Mid-Range,Light,Bulk Pack,2101
Ice Cream & Desserts,Ching's Secret Schezwan Instant Noodle,11400,0,6,11400,480,False,480,114.0,114.0,0.0,No Discount,In Stock,Affordable,Medium,Bulk Pack,2102
Ice Cream & Desserts,Yummiez Chicken Garlic Fingers Pouch,25000,0,5,25000,400,False,400,250.0,250.0,0.0,No Discount,Low Stock,Mid-Range,Medium,Bulk Pack,2103
Ice Cream & Desserts,Pediasure Premium Chocolate Powdered Health Drink,61000,0,2,61000,400,False,400,610.0,610.0,0.0,No Discount,Low Stock,Premium,Medium,Bulk Pack,2104
Ice Cream & Desserts,Chings Secret Hot Garlic Instant Noodles,9100,0,6,9100,60,False,60,91.0,91.0,0.0,No Discount,In Stock,Affordable,Light,Bulk Pack,2105
Ice Cream & Desserts,Godrej Yummiez Cheese Corn Nuggets ,23000,0,4,23000,400,False,400,230.0,230.0,0.0,No Discount,Low Stock,Mid-Range,Medium,Bulk Pack,2106
Ice Cream & Desserts,Pantai Hot Chilli Sauce,27500,14,6,23400,200,False,200,275.0,234.0,41.0,Medium Discount,In Stock,Mid-Range,Light,Bulk Pack,2107
Ice Cream & Desserts,Knorr International Mexican Tomato Corn Soup ,6500,6,3,6100,52,False,52,65.0,61.0,4.0,Low Discount,Low Stock,Affordable,Light,Bulk Pack,2108
Ice Cream & Desserts,Bagrry's Fruit Fibre Muesli Mixed Fruit ,59500,0,5,59500,1000,False,1,595.0,595.0,0.0,No Discount,Low Stock,Premium,Heavy,Single,2109
Ice Cream & Desserts,MTR Roasted Vermicelli ,10500,0,4,10500,850,False,850,105.0,105.0,0.0,No Discount,Low Stock,Affordable,Heavy,Bulk Pack,2110
Ice Cream & Desserts,Maggi 2-Minute Instant Noodles - Masala,4400,0,0,4400,280,True,280,44.0,44.0,0.0,No Discount,Out of Stock,Budget,Medium,Bulk Pack,2111
Ice Cream & Desserts,"Kurkure Green Chutney, Rajasthani Style",2000,0,0,2000,90,True,90,20.0,20.0,0.0,No Discount,Out of Stock,Budget,Light,Bulk Pack,2112
Ice Cream & Desserts,Kellogg's Chocos Combo Pack,6000,6,0,5600,156,True,156,60.0,56.0,4.0,Low Discount,Out of Stock,Affordable,Light,Bulk Pack,2113
Ice Cream & Desserts,Kissan Mixed Fruit Jam ,15500,0,0,15500,500,True,500,155.0,155.0,0.0,No Discount,Out of Stock,Affordable,Medium,Bulk Pack,2114
Ice Cream & Desserts,Lijjat Urad Papad,6000,5,0,5700,200,True,200,60.0,57.0,3.0,Low Discount,Out of Stock,Affordable,Light,Bulk Pack,2115
Ice Cream & Desserts,Amul Cheese Spread Yummy Plain,8500,0,0,8500,200,True,200,85.0,85.0,0.0,No Discount,Out of Stock,Affordable,Light,Bulk Pack,2116
Ice Cream & Desserts,Mother's Recipe Ginger And Garlic Paste,5000,24,0,3800,200,True,200,50.0,38.0,12.0,Medium Discount,Out of Stock,Budget,Light,Bulk Pack,2117
Ice Cream & Desserts,Maggi Magic Cubes Chicken,4000,2,0,3900,40,True,40,40.0,39.0,1.0,Low Discount,Out of Stock,Budget,Light,Bulk Pack,2118
Ice Cream & Desserts,Pedigree Puppy Chicken Chunks in Gravy ,3500,2,0,3400,70,True,70,35.0,34.0,1.0,Low Discount,Out of Stock,Budget,Light,Bulk Pack,2119
Ice Cream & Desserts,The Whole Truth Peanut Butter - Unsweetened & Crunchy,18500,20,0,14800,325,True,325,185.0,148.0,37.0,Medium Discount,Out of Stock,Affordable,Medium,Bulk Pack,2120
Ice Cream & Desserts,Ching's Chow Mein Hakka Noodles Masala,1000,0,0,1000,20,True,20,10.0,10.0,0.0,No Discount,Out of Stock,Budget,Light,Bulk Pack,2121
Ice Cream & Desserts,Safal Frozen Mixed Vegetables,6000,5,0,5700,500,True,500,60.0,57.0,3.0,Low Discount,Out of Stock,Affordable,Medium,Bulk Pack,2122
Ice Cream & Desserts,Safal Frozen Corn,4100,4,0,3900,200,True,200,41.0,39.0,2.0,Low Discount,Out of Stock,Budget,Light,Bulk Pack,2123
Ice Cream & Desserts,Amul Cheese Spread Spicy Garlic,8500,3,0,8200,200,True,200,85.0,82.0,3.0,Low Discount,Out of Stock,Affordable,Light,Bulk Pack,2124
Ice Cream & Desserts,Ching's Secret Veg Hakka Noodles,10700,0,0,10700,600,True,600,107.0,107.0,0.0,No Discount,Out of Stock,Affordable,Heavy,Bulk Pack,2125
Ice Cream & Desserts,Saffola Oats 100 % Natural,1500,0,0,1500,38,True,38,15.0,15.0,0.0,No Discount,Out of Stock,Budget,Light,Bulk Pack,2126
Ice Cream & Desserts,Lijjat Moong Papad,6000,5,0,5700,200,True,200,60.0,57.0,3.0,Low Discount,Out of Stock,Affordable,Light,Bulk Pack,2127
Ice Cream & Desserts,Mothers Recipe Papad - Sabudana With Rock Salt,3100,9,0,2800,70,True,70,31.0,28.0,3.0,Low Discount,Out of Stock,Budget,Light,Bulk Pack,2128
Ice Cream & Desserts,Maggi Chilly Chow Cuppa Noodles,5000,0,0,5000,70,True,70,50.0,50.0,0.0,No Discount,Out of Stock,Budget,Light,Bulk Pack,2129
Ice Cream & Desserts,Veeba Favourites Eggless Burger Mayonnaise,6900,8,0,6300,250,True,250,69.0,63.0,6.0,Low Discount,Out of Stock,Affordable,Light,Bulk Pack,2130
Ice Cream & Desserts,Sunfeast Yippee! Magic Masala Noodles,4800,6,0,4500,240,True,240,48.0,45.0,3.0,Low Discount,Out of Stock,Budget,Light,Bulk Pack,2131
Ice Cream & Desserts,Top Ramen Masala,9100,9,0,8200,560,True,560,91.0,82.0,9.0,Low Discount,Out of Stock,Affordable,Heavy,Bulk Pack,2132
Ice Cream & Desserts,Kelloggs Corn Flakes With Real Strawberry Pure,26500,10,0,23600,575,True,575,265.0,236.0,29.0,Low Discount,Out of Stock,Mid-Range,Heavy,Bulk Pack,2133
Ice Cream & Desserts,Mother's Recipe Potato Papad,3100,9,0,2800,70,True,75,31.0,28.0,3.0,Low Discount,Out of Stock,Budget,Light,Bulk Pack,2134
Ice Cream & Desserts,Mothers Recipe Rice Papad Ajwain,2400,0,0,2400,75,True,75,24.0,24.0,0.0,No Discount,Out of Stock,Budget,Light,Bulk Pack,2135
Ice Cream & Desserts,Chef's Basket Durum Wheat Penne Pasta,16000,50,0,8000,500,True,500,160.0,80.0,80.0,Very High Discount,Out of Stock,Affordable,Medium,Bulk Pack,2136
Ice Cream & Desserts,Dabur Hommade - Imli Sauce Saunth,2000,10,0,1800,100,True,100,20.0,18.0,2.0,Low Discount,Out of Stock,Budget,Light,Bulk Pack,2137
Ice Cream & Desserts,Zorabian Chicken Kheema Parathas,19000,0,0,19000,300,True,300,190.0,190.0,0.0,No Discount,Out of Stock,Affordable,Medium,Bulk Pack,2138
Ice Cream & Desserts,Sunfeast Pasta Treat Pack of Tomato Cheese,2800,17,0,2300,65,True,65,28.0,23.0,5.0,Medium Discount,Out of Stock,Budget,Light,Bulk Pack,2139
Ice Cream & Desserts,Safal Frozen - Sweet Corn,16000,5,0,15200,1000,True,1,160.0,152.0,8.0,Low Discount,Out of Stock,Affordable,Heavy,Single,2140
Ice Cream & Desserts,MTR Vegetable Upma,2500,0,0,2500,60,True,60,25.0,25.0,0.0,No Discount,Out of Stock,Budget,Light,Bulk Pack,2141
Ice Cream & Desserts,Del Monte Original Blend Tomato Ketchup Pouch,12000,7,0,11100,950,True,950,120.0,111.0,9.0,Low Discount,Out of Stock,Affordable,Heavy,Bulk Pack,2142
Ice Cream & Desserts,Del Monte Natural Vinegar ,5500,3,0,5300,180,True,180,55.0,53.0,2.0,Low Discount,Out of Stock,Affordable,Light,Bulk Pack,2143
Ice Cream & Desserts,Del Monte Eggless Mayo,13500,6,0,12600,500,True,500,135.0,126.0,9.0,Low Discount,Out of Stock,Affordable,Medium,Bulk Pack,2144
Ice Cream & Desserts,ITC Master Chef Cheesy Corn Triangles,16000,5,0,15200,320,True,320,160.0,152.0,8.0,Low Discount,Out of Stock,Affordable,Medium,Bulk Pack,2145
Ice Cream & Desserts,Mother's Recipe Mixed Pickle ,11500,4,0,11000,400,True,400,115.0,110.0,5.0,Low Discount,Out of Stock,Affordable,Medium,Bulk Pack,2146
Ice Cream & Desserts,Godrej Yummiez Chicken Breakfast Salami,15000,4,0,14300,250,True,250,150.0,143.0,7.0,Low Discount,Out of Stock,Affordable,Light,Bulk Pack,2147
Ice Cream & Desserts,Hershey's Cocoa + Almond Spread,29500,9,0,26600,350,True,350,295.0,266.0,29.0,Low Discount,Out of Stock,Mid-Range,Medium,Bulk Pack,2148
Ice Cream & Desserts,Maggi Special Masala Spicy Yummy Noodles,7200,0,0,7200,280,True,280,72.0,72.0,0.0,No Discount,Out of Stock,Affordable,Medium,Bulk Pack,2149
Ice Cream & Desserts,Del Monte Schezwan Sauce,5500,0,0,5500,190,True,190,55.0,55.0,0.0,No Discount,Out of Stock,Affordable,Light,Bulk Pack,2150
Ice Cream & Desserts,Yummiez Green Peas,13500,0,0,13500,500,True,500,135.0,135.0,0.0,No Discount,Out of Stock,Affordable,Medium,Bulk Pack,2151
Ice Cream & Desserts,Yummiez Green Peas,25000,0,0,25000,1000,True,1,250.0,250.0,0.0,No Discount,Out of Stock,Mid-Range,Heavy,Single,2152
Ice Cream & Desserts,Yummiez American Sweet Corn,8500,0,0,8500,400,True,400,85.0,85.0,0.0,No Discount,Out of Stock,Affordable,Medium,Bulk Pack,2153
Ice Cream & Desserts,Dr Oetker Cucumber & Carrot Sandwich Spread Veg,7900,0,0,7900,250,True,250,79.0,79.0,0.0,No Discount,Out of Stock,Affordable,Light,Bulk Pack,2154
Ice Cream & Desserts,Del Monte Pitted Green Olives,25000,0,0,25000,450,True,450,250.0,250.0,0.0,No Discount,Out of Stock,Mid-Range,Medium,Bulk Pack,2155
Chocolates & Candies,Maggi 2 Minute Masala Noodles,1200,0,6,1200,70,False,70,12.0,12.0,0.0,No Discount,In Stock,Budget,Light,Bulk Pack,2156
Chocolates & Candies,iD Idli & Dosa Batter ,8000,15,6,6800,1000,False,1,80.0,68.0,12.0,Medium Discount,In Stock,Affordable,Heavy,Single,2157
Chocolates & Candies,iD Malabar Parota ,8000,10,4,7200,400,False,400,80.0,72.0,8.0,Low Discount,Low Stock,Affordable,Medium,Bulk Pack,2158
Chocolates & Candies,iD Wheat Lachha Paratha,8000,12,6,7000,400,False,400,80.0,70.0,10.0,Medium Discount,In Stock,Affordable,Medium,Bulk Pack,2159
Chocolates & Candies,McCain Aloo Tikki,11000,4,6,10500,400,False,400,110.0,105.0,5.0,Low Discount,In Stock,Affordable,Medium,Bulk Pack,2160
Chocolates & Candies,McCain Smiles Cripsy Happy Potatoes,12000,5,6,11400,415,False,415,120.0,114.0,6.0,Low Discount,In Stock,Affordable,Medium,Bulk Pack,2161
Chocolates & Candies,McCain Veggie Burger Patty,11500,3,6,11100,360,False,360,115.0,111.0,4.0,Low Discount,In Stock,Affordable,Medium,Bulk Pack,2162
Chocolates & Candies,McCain Veggie Fingers,11700,5,6,11100,400,False,400,117.0,111.0,6.0,Low Discount,In Stock,Affordable,Medium,Bulk Pack,2163
Chocolates & Candies,Amul Delicious Fat Spread - Cholesterol Free,1800,5,6,1700,100,False,100,18.0,17.0,1.0,Low Discount,In Stock,Budget,Light,Bulk Pack,2164
Chocolates & Candies,Whiskas Wet  Meal (Adult - Cat Food)  Chicken in Gravy,3500,2,2,3400,85,False,85,35.0,34.0,1.0,Low Discount,Low Stock,Budget,Light,Bulk Pack,2165
Chocolates & Candies,McCain Chilli Garlic Potato Bites Crunchy Potato Nuggets,12500,5,1,11800,420,False,420,125.0,118.0,7.0,Low Discount,Low Stock,Affordable,Medium,Bulk Pack,2166
Chocolates & Candies,Ching's Secret Instant Hot Garlic Noodles,1500,0,3,1500,60,False,60,15.0,15.0,0.0,No Discount,Low Stock,Budget,Light,Bulk Pack,2167
Chocolates & Candies,Veeba Eggless Mayonnaise,7900,11,5,7000,250,False,250,79.0,70.0,9.0,Medium Discount,Low Stock,Affordable,Light,Bulk Pack,2168
Chocolates & Candies,Ching's Secret Instant Schezwan Noodles,1500,0,6,1500,60,False,60,15.0,15.0,0.0,No Discount,In Stock,Budget,Light,Bulk Pack,2169
Chocolates & Candies,Veeba Pasta And Pizza Sauce,7500,13,5,6500,280,False,280,75.0,65.0,10.0,Medium Discount,Low Stock,Affordable,Medium,Bulk Pack,2170
Chocolates & Candies,Top Ramen  Noodles Curry Veg Pouch,2000,0,1,2000,70,False,70,20.0,20.0,0.0,No Discount,Low Stock,Budget,Light,Bulk Pack,2171
Chocolates & Candies,Saffola Veggie Twist Masala Oats,1500,0,6,1500,38,False,38,15.0,15.0,0.0,No Discount,In Stock,Budget,Light,Bulk Pack,2172
Chocolates & Candies,Unibic Almond & Oats Protein Bar,4000,17,4,3300,30,False,30,40.0,33.0,7.0,Medium Discount,Low Stock,Budget,Light,Bulk Pack,2173
Chocolates & Candies,Quaker Oats,7900,0,2,7900,400,False,400,79.0,79.0,0.0,No Discount,Low Stock,Affordable,Medium,Bulk Pack,2174
Chocolates & Candies,Amul Delicious Fat Spread - Cholesterol Free,8800,2,2,8600,500,False,500,88.0,86.0,2.0,Low Discount,Low Stock,Affordable,Medium,Bulk Pack,2175
Chocolates & Candies,McCain French Fries,12000,5,1,11400,420,False,420,120.0,114.0,6.0,Low Discount,Low Stock,Affordable,Medium,Bulk Pack,2176
Chocolates & Candies,Ching's Secret Manchow Instant Soup,1000,0,1,1000,15,False,15,10.0,10.0,0.0,No Discount,Low Stock,Budget,Light,Bulk Pack,2177
Chocolates & Candies,McCain Potato Cheese Shotz,13000,4,6,12400,250,False,250,130.0,124.0,6.0,Low Discount,In Stock,Affordable,Light,Bulk Pack,2178
Chocolates & Candies,McCain Masala - Fries,12000,5,3,11400,375,False,375,120.0,114.0,6.0,Low Discount,Low Stock,Affordable,Medium,Bulk Pack,2179
Chocolates & Candies,Ching's Secret Schezwan Fried Rice Masala,1500,0,6,1500,20,False,20,15.0,15.0,0.0,No Discount,In Stock,Budget,Light,Bulk Pack,2180
Chocolates & Candies,McCain New Mini Samosa with Cheese Pizza Style Filling,12000,1,3,11800,240,False,240,120.0,118.0,2.0,Low Discount,Low Stock,Affordable,Light,Bulk Pack,2181
Chocolates & Candies,McCain Chilli Cheesy Nuggets,13000,4,1,12400,250,False,250,130.0,124.0,6.0,Low Discount,Low Stock,Affordable,Light,Bulk Pack,2182
Chocolates & Candies,"Whiskas Adult (+1 Year) Dry Cat Food, Ocean Fish Flavour",43000,10,6,38700,1200,False,1,430.0,387.0,43.0,Low Discount,In Stock,Mid-Range,Extra Heavy,Single,2183
Chocolates & Candies,Chings Instant Soup - Hot & Sour,1000,0,1,1000,15,False,15,10.0,10.0,0.0,No Discount,Low Stock,Budget,Light,Bulk Pack,2184
Chocolates & Candies,Amul Spray Infant Milk Food,19700,2,6,19300,500,False,500,197.0,193.0,4.0,Low Discount,In Stock,Affordable,Medium,Bulk Pack,2185
Chocolates & Candies,McCain Smiles - Pudina Chatka,12000,5,3,11400,375,False,375,120.0,114.0,6.0,Low Discount,Low Stock,Affordable,Medium,Bulk Pack,2186
Chocolates & Candies,McCain French Fries Crisp & Delicious,17500,4,3,16700,750,False,750,175.0,167.0,8.0,Low Discount,Low Stock,Affordable,Heavy,Bulk Pack,2187
Chocolates & Candies,Ferrero Nutella Hazelnut Spread,22000,5,2,20700,180,False,180,220.0,207.0,13.0,Low Discount,Low Stock,Mid-Range,Light,Bulk Pack,2188
Chocolates & Candies,Lijjat Garlic Papad,6000,5,5,5700,200,False,200,60.0,57.0,3.0,Low Discount,Low Stock,Affordable,Light,Bulk Pack,2189
Chocolates & Candies,Switz Samosa Dough Sheets,9000,4,6,8600,50,False,50,90.0,86.0,4.0,Low Discount,In Stock,Affordable,Light,Bulk Pack,2190
Chocolates & Candies,Amul Cheese Spread Creamy,8500,5,6,8000,180,False,180,85.0,80.0,5.0,Low Discount,In Stock,Affordable,Light,Bulk Pack,2191
Chocolates & Candies,Maggi Imli Sauce Pichkoo,2200,0,6,2200,90,False,90,22.0,22.0,0.0,No Discount,In Stock,Budget,Light,Bulk Pack,2192
Chocolates & Candies,Whiskas Kitten (2-12 months) Dry Cat Food Food Ocean Fish,38500,9,5,34700,1100,False,1100,385.0,347.0,38.0,Low Discount,Low Stock,Mid-Range,Extra Heavy,Bulk Pack,2193
Chocolates & Candies,Chings Instant Soup - Sweet Corn Veg,1000,0,2,1000,15,False,15,10.0,10.0,0.0,No Discount,Low Stock,Budget,Light,Bulk Pack,2194
Chocolates & Candies,Whiskas Wet  Meal (Kitten - Cat Food)  Chicken in Gravy,3500,5,2,3300,85,False,85,35.0,33.0,2.0,Low Discount,Low Stock,Budget,Light,Bulk Pack,2195
Chocolates & Candies,McCain Crazy Fries Masala MixHot 'n' Tangy,12000,5,6,11400,400,False,400,120.0,114.0,6.0,Low Discount,In Stock,Affordable,Medium,Bulk Pack,2196
Chocolates & Candies,The Whole Truth Double Cocoa Protein Bar No Sugar,10000,10,6,9000,52,False,52,100.0,90.0,10.0,Low Discount,In Stock,Affordable,Light,Bulk Pack,2197
Chocolates & Candies,Amul Happy Treats French Fries,6800,4,1,6500,425,False,425,68.0,65.0,3.0,Low Discount,Low Stock,Affordable,Medium,Bulk Pack,2198
Chocolates & Candies,Ferrero Nutella Hazeulnut Spread,38000,6,5,35700,350,False,350,380.0,357.0,23.0,Low Discount,Low Stock,Mid-Range,Medium,Bulk Pack,2199
Chocolates & Candies,Veeba Chipolte Southwest Dressing,16100,7,4,14900,300,False,300,161.0,149.0,12.0,Low Discount,Low Stock,Affordable,Medium,Bulk Pack,2200
Chocolates & Candies,Ching's Secret Manchow Noodles Instant Soup,1500,0,6,1500,20,False,20,15.0,15.0,0.0,No Discount,In Stock,Budget,Light,Bulk Pack,2201
Chocolates & Candies,Yoga Bar Breakfast Protein Bar - Blueberry Pie,5000,12,1,4400,50,False,50,50.0,44.0,6.0,Medium Discount,Low Stock,Budget,Light,Bulk Pack,2202
Chocolates & Candies,Quaker Oats,19900,7,6,18400,1000,False,1,199.0,184.0,15.0,Low Discount,In Stock,Affordable,Heavy,Single,2203
Chocolates & Candies,The Whole Truth Mini Protein Bar - Coconut Cocoa No Added Sugar,5500,25,6,4100,27,False,27,55.0,41.0,14.0,Medium Discount,In Stock,Budget,Light,Bulk Pack,2204
Chocolates & Candies,Switz Spring Roll Dough Sheets,9000,4,6,8600,1160,False,20,90.0,86.0,4.0,Low Discount,In Stock,Affordable,Extra Heavy,Bulk Pack,2205
Chocolates & Candies,Unibic Fruit & Nut Real Cranberries & Almonds Protein Bar,4000,17,6,3300,30,False,30,40.0,33.0,7.0,Medium Discount,In Stock,Budget,Light,Bulk Pack,2206
Chocolates & Candies,Ching's Secret Tomato Instant Soup,1000,0,1,1000,16,False,15,10.0,10.0,0.0,No Discount,Low Stock,Budget,Light,Bulk Pack,2207
Chocolates & Candies,Chef's Basket Durum Wheat Elbow Pasta,16000,50,6,8000,500,False,500,160.0,80.0,80.0,Very High Discount,In Stock,Affordable,Medium,Bulk Pack,2208
Chocolates & Candies,Sunfeast Yippee! Mood Masala Noodles,6000,28,3,4300,260,False,260,60.0,43.0,17.0,High Discount,Low Stock,Budget,Medium,Bulk Pack,2209
Chocolates & Candies,MTR Breakfast Khatta Meetha Poha Mix,2500,20,6,2000,60,False,60,25.0,20.0,5.0,Medium Discount,In Stock,Budget,Light,Bulk Pack,2210
Chocolates & Candies,Kellogg's Crunchy Fruit & Nut Breakfast Cereals Muesli,44500,9,6,40100,750,False,750,445.0,401.0,44.0,Low Discount,In Stock,Mid-Range,Heavy,Bulk Pack,2211
Chocolates & Candies,Ching's Secret Chilli Vinegar,5000,0,4,5000,170,False,170,50.0,50.0,0.0,No Discount,Low Stock,Budget,Light,Bulk Pack,2212
Chocolates & Candies,Ching's Red Chilli Sauce,5500,0,6,5500,200,False,200,55.0,55.0,0.0,No Discount,In Stock,Affordable,Light,Bulk Pack,2213
Chocolates & Candies,Amul Lite Spread,4000,2,5,3900,100,False,100,40.0,39.0,1.0,Low Discount,Low Stock,Budget,Light,Bulk Pack,2214
Chocolates & Candies,Borges Durum Wheat Fusilli Pasta ,25000,0,3,25000,500,False,500,250.0,250.0,0.0,No Discount,Low Stock,Mid-Range,Medium,Bulk Pack,2215
Chocolates & Candies,The Whole Truth Cranberry Mini Protein Bar No Sugar,5500,20,6,4400,27,False,27,55.0,44.0,11.0,Medium Discount,In Stock,Budget,Light,Bulk Pack,2216
Chocolates & Candies,The Whole Truth Mini Protein Bar - Coffee Cocoa No Added Sugar,5500,20,6,4400,27,False,27,55.0,44.0,11.0,Medium Discount,In Stock,Budget,Light,Bulk Pack,2217
Chocolates & Candies,Maggi Hot & Sweet Tomato Chilli Sauce,11500,0,1,11500,500,False,500,115.0,115.0,0.0,No Discount,Low Stock,Affordable,Medium,Bulk Pack,2218
Chocolates & Candies,Sunfeast YiPPee! Noodles - Magic Masala,9600,5,4,9100,540,False,540,96.0,91.0,5.0,Low Discount,Low Stock,Affordable,Heavy,Bulk Pack,2219
Chocolates & Candies,Chef's Basket Durum Wheat Fusilli Pasta,16000,50,6,8000,500,False,500,160.0,80.0,80.0,Very High Discount,In Stock,Affordable,Medium,Bulk Pack,2220
Chocolates & Candies,Top Ramen Chicken Noodles,6000,10,1,5400,280,False,280,60.0,54.0,6.0,Low Discount,Low Stock,Affordable,Medium,Bulk Pack,2221
Chocolates & Candies,Veeba Cheese and Chilli Sandwich Spread,8900,11,6,7900,275,False,275,89.0,79.0,10.0,Medium Discount,In Stock,Affordable,Medium,Bulk Pack,2222
Chocolates & Candies,Ching’s Secret Chowmein Hakka Noodles Masala ,4400,0,2,4400,60,False,60,44.0,44.0,0.0,No Discount,Low Stock,Budget,Light,Bulk Pack,2223
Chocolates & Candies,Safal Frozen - Mixed Vegetables,11000,4,2,10500,1000,False,1,110.0,105.0,5.0,Low Discount,Low Stock,Affordable,Heavy,Single,2224
Chocolates & Candies,MTR 3 Min Poha,2500,0,6,2500,60,False,60,25.0,25.0,0.0,No Discount,In Stock,Budget,Light,Bulk Pack,2225
Chocolates & Candies,Ching's Manchurian Instant Noodles,1500,0,5,1500,60,False,60,15.0,15.0,0.0,No Discount,Low Stock,Budget,Light,Bulk Pack,2226
Chocolates & Candies,The Whole Truth Peanut Cocoa Mini Protein Bar No Sugar ,5500,25,6,4100,27,False,27,55.0,41.0,14.0,Medium Discount,In Stock,Budget,Light,Bulk Pack,2227
Chocolates & Candies,Gits Pav Bhaji Ready to Eat,11000,22,6,8500,300,False,300,110.0,85.0,25.0,Medium Discount,In Stock,Affordable,Medium,Bulk Pack,2228
Chocolates & Candies,McCain New Mini Samosa with Cheese Corn Style Filling,12000,1,2,11800,240,False,240,120.0,118.0,2.0,Low Discount,Low Stock,Affordable,Light,Bulk Pack,2229
Chocolates & Candies,Lijjat Udad Mini Papad,6000,6,6,5600,200,False,200,60.0,56.0,4.0,Low Discount,In Stock,Affordable,Light,Bulk Pack,2230
Chocolates & Candies,McCain Herb & Garlic Crazy Fries Masala Mix ,12000,5,5,11400,400,False,400,120.0,114.0,6.0,Low Discount,Low Stock,Affordable,Medium,Bulk Pack,2231
Chocolates & Candies,Yoga Bar Multigrain Energy Bar Nuts And Seeds,4000,12,4,3500,38,False,38,40.0,35.0,5.0,Medium Discount,Low Stock,Budget,Light,Bulk Pack,2232
Chocolates & Candies,"Ching's Secret Sauce, Green Chilli",5500,0,5,5500,190,False,190,55.0,55.0,0.0,No Discount,Low Stock,Affordable,Light,Bulk Pack,2233
Chocolates & Candies,Veeba Pizza Topping,7500,6,4,7000,280,False,280,75.0,70.0,5.0,Low Discount,Low Stock,Affordable,Medium,Bulk Pack,2234
Chocolates & Candies,Switz Paratha Puff,11000,4,6,10500,400,False,400,110.0,105.0,5.0,Low Discount,In Stock,Affordable,Medium,Bulk Pack,2235
Chocolates & Candies,"New Kellogg's Muesli with 21% Fruit, Nut & Seeds",32500,6,6,30500,500,False,500,325.0,305.0,20.0,Low Discount,In Stock,Mid-Range,Medium,Bulk Pack,2236
Chocolates & Candies,The Whole Truth Double Cocoa Mini Protein Bar No Sugar,5500,20,5,4400,27,False,27,55.0,44.0,11.0,Medium Discount,Low Stock,Budget,Light,Bulk Pack,2237
Chocolates & Candies,Sunfeast Yippee Tricolor Pasta Seasoning,2800,17,1,2300,65,False,65,28.0,23.0,5.0,Medium Discount,Low Stock,Budget,Light,Bulk Pack,2238
Chocolates & Candies,Wingreens Cheesy Chipotle Sauce,9900,49,1,5000,130,False,130,99.0,50.0,49.0,Very High Discount,Low Stock,Budget,Light,Bulk Pack,2239
Chocolates & Candies,Maggi Rich Tomato Ketchup,10500,4,2,10000,500,False,500,105.0,100.0,5.0,Low Discount,Low Stock,Affordable,Medium,Bulk Pack,2240
Chocolates & Candies,The Whole Truth Dark Chocolate Peanut Butter - Creamy,23500,25,6,17400,325,False,325,235.0,174.0,61.0,Medium Discount,In Stock,Affordable,Medium,Bulk Pack,2241
Chocolates & Candies,Godrej Yummiez Chicken Nuggets,32500,9,1,29300,500,False,500,325.0,293.0,32.0,Low Discount,Low Stock,Mid-Range,Medium,Bulk Pack,2242
Chocolates & Candies,Go Cheese  Spread Plain,9900,5,6,9400,200,False,200,99.0,94.0,5.0,Low Discount,In Stock,Affordable,Light,Bulk Pack,2243
Chocolates & Candies,Kellogg's Real Almond & Honey Corn Flakes,17500,9,6,15800,300,False,300,175.0,158.0,17.0,Low Discount,In Stock,Affordable,Medium,Bulk Pack,2244
Chocolates & Candies,The Whole Truth Vegan Almond Choco Fudge Energy Bar No Sugar,6000,20,6,4800,40,False,40,60.0,48.0,12.0,Medium Discount,In Stock,Budget,Light,Bulk Pack,2245
Chocolates & Candies,Prasuma Vegetable Momos,27000,0,5,27000,24,False,24,270.0,270.0,0.0,No Discount,Low Stock,Mid-Range,Light,Bulk Pack,2246
Chocolates & Candies,MTR Upma,5000,10,6,4500,160,False,160,50.0,45.0,5.0,Low Discount,In Stock,Budget,Light,Bulk Pack,2247
Chocolates & Candies,Ching's Schezwan Masala Instant Noodles,6000,0,1,6000,240,False,240,60.0,60.0,0.0,No Discount,Low Stock,Affordable,Light,Bulk Pack,2248
Chocolates & Candies,The Whole Truth Cranberry Protein Bar No Sugar,10000,26,6,7400,52,False,52,100.0,74.0,26.0,High Discount,In Stock,Affordable,Light,Bulk Pack,2249
Chocolates & Candies,Saffola Yummy Masala Noodles ,2000,0,2,2000,46,False,46,20.0,20.0,0.0,No Discount,Low Stock,Budget,Light,Bulk Pack,2250
Chocolates & Candies,Veeba English Mustard,7400,6,2,6900,300,False,300,74.0,69.0,5.0,Low Discount,Low Stock,Affordable,Medium,Bulk Pack,2251
Chocolates & Candies,Dabur Hommade Tamarind Paste,4800,6,6,4500,200,False,200,48.0,45.0,3.0,Low Discount,In Stock,Budget,Light,Bulk Pack,2252
Chocolates & Candies,Yoga Bar Breakfast Muesli - Almond Caramel (No Added Sugar),32500,4,6,30900,400,False,400,325.0,309.0,16.0,Low Discount,In Stock,Mid-Range,Medium,Bulk Pack,2253
Chocolates & Candies,The Whole Truth Mini Protein Bar - Peanut Butter No Added Sugar,5500,25,6,4100,27,False,27,55.0,41.0,14.0,Medium Discount,In Stock,Budget,Light,Bulk Pack,2254
Chocolates & Candies,ITC Master Chef Crispy Chicken Fries ,17000,4,3,16200,280,False,280,170.0,162.0,8.0,Low Discount,Low Stock,Affordable,Medium,Bulk Pack,2255
Chocolates & Candies,Kelloggs Corn Flakes,9900,13,6,8600,250,False,250,99.0,86.0,13.0,Medium Discount,In Stock,Affordable,Light,Bulk Pack,2256
Chocolates & Candies,Nissin Cup Noodles Tangy Tomato,5000,10,2,4500,70,False,70,50.0,45.0,5.0,Low Discount,Low Stock,Budget,Light,Bulk Pack,2257
Chocolates & Candies,Smith & Jones White Pasta Sauce Mix,4000,0,3,4000,46,False,46,40.0,40.0,0.0,No Discount,Low Stock,Budget,Light,Bulk Pack,2258
Chocolates & Candies,Sunfeast Yippee! Pasta Treat - Sour Cream Onion,2800,10,1,2500,65,False,65,28.0,25.0,3.0,Low Discount,Low Stock,Budget,Light,Bulk Pack,2259
Chocolates & Candies,Mothers Recipe Tamrind Date Chutney ,5500,9,2,5000,200,False,200,55.0,50.0,5.0,Low Discount,Low Stock,Budget,Light,Bulk Pack,2260
Chocolates & Candies,Veeba Mint Mayonnaise,16900,8,4,15500,300,False,300,169.0,155.0,14.0,Low Discount,Low Stock,Affordable,Medium,Bulk Pack,2261
Chocolates & Candies,Mccain Emotibites - Crispy Happy Potato Snack,13000,0,6,12900,415,False,415,130.0,129.0,1.0,No Discount,In Stock,Affordable,Medium,Bulk Pack,2262
Chocolates & Candies,The Whole Truth Energy Bar Choco Cranberry Fudge,6000,26,6,4400,40,False,40,60.0,44.0,16.0,High Discount,In Stock,Budget,Light,Bulk Pack,2263
Chocolates & Candies,Godrej Yummiez Chicken Lucknowi Seekh Kebab,26000,10,4,23400,400,False,400,260.0,234.0,26.0,Low Discount,Low Stock,Mid-Range,Medium,Bulk Pack,2264
Chocolates & Candies,Prasuma Vegetable Momos,15000,0,5,15000,580,False,10,150.0,150.0,0.0,No Discount,Low Stock,Affordable,Heavy,Large Pack,2265
Chocolates & Candies,Mother's Recipe Mixed Pickle,8500,9,2,7700,300,False,300,85.0,77.0,8.0,Low Discount,Low Stock,Affordable,Medium,Bulk Pack,2266
Chocolates & Candies,Sunfeast Yippee! Pasta Treat - Sour Cream Onion,2800,17,3,2300,65,False,65,28.0,23.0,5.0,Medium Discount,Low Stock,Budget,Light,Bulk Pack,2267
Chocolates & Candies,The Whole Truth Peanut Cocoa Protein Bar No Sugar,10000,26,6,7400,52,False,52,100.0,74.0,26.0,High Discount,In Stock,Affordable,Light,Bulk Pack,2268
Chocolates & Candies,Yoga Bar Breakfast Muesli - Chocolate & Cranberry ,32500,4,6,30900,400,False,400,325.0,309.0,16.0,Low Discount,In Stock,Mid-Range,Medium,Bulk Pack,2269
Chocolates & Candies,Sunfeast YiPPee! Magic Masala Noodles,7000,10,3,6300,405,False,405,70.0,63.0,7.0,Low Discount,Low Stock,Affordable,Medium,Bulk Pack,2270
Chocolates & Candies,Veeba Sweet Onion Sauce,14100,14,4,12100,350,False,350,141.0,121.0,20.0,Medium Discount,Low Stock,Affordable,Medium,Bulk Pack,2271
Chocolates & Candies,Quaker Oats Breakfast Cereals - With Flavour Mix Nutritious Rich Source Of Energy,4900,8,6,4500,200,False,200,49.0,45.0,4.0,Low Discount,In Stock,Budget,Light,Bulk Pack,2272
Chocolates & Candies,Mother's Recipe Tamarind Paste,5000,2,6,4900,200,False,200,50.0,49.0,1.0,Low Discount,In Stock,Budget,Light,Bulk Pack,2273
Chocolates & Candies,Yogabar No Added Sugar Protein Bar Brownie,12500,15,4,10600,60,False,60,125.0,106.0,19.0,Medium Discount,Low Stock,Affordable,Light,Bulk Pack,2274
Chocolates & Candies,Bambino Popular Vermicelli ,4000,2,3,3900,400,False,400,40.0,39.0,1.0,Low Discount,Low Stock,Budget,Medium,Bulk Pack,2275
Chocolates & Candies,Ching's Secret Mix Veg Instant Soup,1000,0,3,1000,15,False,15,10.0,10.0,0.0,No Discount,Low Stock,Budget,Light,Bulk Pack,2276
Chocolates & Candies,Mother's Recipe Pickle - Red Stuffed Chilli,14500,11,3,12900,400,False,400,145.0,129.0,16.0,Medium Discount,Low Stock,Affordable,Medium,Bulk Pack,2277
Chocolates & Candies,Kellogg's No Added Sugar Muesli,33500,11,6,29800,500,False,500,335.0,298.0,37.0,Medium Discount,In Stock,Mid-Range,Medium,Bulk Pack,2278
Chocolates & Candies,Veeba Salsa Dip,11900,6,6,11100,360,False,360,119.0,111.0,8.0,Low Discount,In Stock,Affordable,Medium,Bulk Pack,2279
Chocolates & Candies,Veeba Thousand Island Dressing,14900,8,6,13700,300,False,300,149.0,137.0,12.0,Low Discount,In Stock,Affordable,Medium,Bulk Pack,2280
Chocolates & Candies,Baggry's Crunchy Muesli Almond Raisins & Honey,13000,0,5,13000,200,False,200,130.0,130.0,0.0,No Discount,Low Stock,Affordable,Light,Bulk Pack,2281
Chocolates & Candies,Knorr Chinese Hot And Sour Veg Soup,5500,3,1,5300,43,False,43,55.0,53.0,2.0,Low Discount,Low Stock,Affordable,Light,Bulk Pack,2282
Chocolates & Candies,Go Cheese Spread - Garlic,9900,5,6,9400,200,False,200,99.0,94.0,5.0,Low Discount,In Stock,Affordable,Light,Bulk Pack,2283
Chocolates & Candies,The Whole Truth Peanut Butter With Dates - Creamy No Sugar,21500,9,6,19400,325,False,325,215.0,194.0,21.0,Low Discount,In Stock,Affordable,Medium,Bulk Pack,2284
Chocolates & Candies,Zorabian Chicken Smoked Ham,20500,5,1,19400,250,False,250,205.0,194.0,11.0,Low Discount,Low Stock,Affordable,Light,Bulk Pack,2285
Chocolates & Candies,Kissan Pineapple Jam,16500,9,1,14900,500,False,500,165.0,149.0,16.0,Low Discount,Low Stock,Affordable,Medium,Bulk Pack,2286
Chocolates & Candies,Smith & Jones Masala Noodles,8900,0,5,8900,480,False,480,89.0,89.0,0.0,No Discount,Low Stock,Affordable,Medium,Bulk Pack,2287
Chocolates & Candies,Nestle Nestle Nan Pro Follow-Up Formula,65000,0,6,65000,400,False,400,650.0,650.0,0.0,No Discount,In Stock,Premium,Medium,Bulk Pack,2288
Chocolates & Candies,Sunfeast Yippee! Power Up Atta Noodles,9600,15,6,8100,280,False,280,96.0,81.0,15.0,Medium Discount,In Stock,Affordable,Medium,Bulk Pack,2289
Chocolates & Candies,McCain Super Wedges,12000,7,6,11100,400,False,400,120.0,111.0,9.0,Low Discount,In Stock,Affordable,Medium,Bulk Pack,2290
Chocolates & Candies,"Kellogg's Crunchy Granola Honey, Almonds, Strawberries & Pumpkin Seeds",33000,10,1,29400,450,False,450,330.0,294.0,36.0,Low Discount,Low Stock,Mid-Range,Medium,Bulk Pack,2291
Chocolates & Candies,Kellogg's Chocos,13000,10,6,11700,250,False,250,130.0,117.0,13.0,Low Discount,In Stock,Affordable,Light,Bulk Pack,2292
Chocolates & Candies,Ching's Secret Just Soak - Whole Wheat Veg Hakka Noodle,3200,0,3,3200,150,False,150,32.0,32.0,0.0,No Discount,Low Stock,Budget,Light,Bulk Pack,2293
Chocolates & Candies,The Whole Truth Vegan Fig Apricot & Orange Energy Bar No Sugar,6000,20,6,4800,40,False,40,60.0,48.0,12.0,Medium Discount,In Stock,Budget,Light,Bulk Pack,2294
Chocolates & Candies,Saffola Veggie Twist Masala Oats,19500,12,2,17100,500,False,500,195.0,171.0,24.0,Medium Discount,Low Stock,Affordable,Medium,Bulk Pack,2295
Chocolates & Candies,ITC Master Chef Classic Aloo Tikki,8000,10,3,7200,320,False,320,80.0,72.0,8.0,Low Discount,Low Stock,Affordable,Medium,Bulk Pack,2296
Chocolates & Candies,Smith & Jones Pink Pasta Sauce Mix,4000,0,4,4000,46,False,46,40.0,40.0,0.0,No Discount,Low Stock,Budget,Light,Bulk Pack,2297
Chocolates & Candies,Wingreens Farms Chipotle Dip,20000,25,1,15000,180,False,180,200.0,150.0,50.0,Medium Discount,Low Stock,Affordable,Light,Bulk Pack,2298
Chocolates & Candies,Kellogg's Real Almond & Honey Corn Flakes,55000,5,3,52000,1000,False,1,550.0,520.0,30.0,Low Discount,Low Stock,Premium,Heavy,Single,2299
Chocolates & Candies,Kellogg's Crunchy Granola Chocolate & Almonds,33000,10,3,29400,450,False,450,330.0,294.0,36.0,Low Discount,Low Stock,Mid-Range,Medium,Bulk Pack,2300
Chocolates & Candies,Cornitos Cornitos Taco Shells - 6 Inches,16000,20,4,12800,180,False,180,160.0,128.0,32.0,Medium Discount,Low Stock,Affordable,Light,Bulk Pack,2301
Chocolates & Candies,Ching's Secret Singapore Curry Instant Noodles,1500,0,3,1500,60,False,60,15.0,15.0,0.0,No Discount,Low Stock,Budget,Light,Bulk Pack,2302
Chocolates & Candies,Mother's Recipe Pickle - Mango,12500,9,6,11300,400,False,500,125.0,113.0,12.0,Low Discount,In Stock,Affordable,Medium,Bulk Pack,2303
Chocolates & Candies,Godrej Yummiez Chilli Chicken Sausages ,16000,10,3,14400,250,False,250,160.0,144.0,16.0,Low Discount,Low Stock,Affordable,Light,Bulk Pack,2304
Chocolates & Candies,Pedigree Dentastix  Dog Treat Oral Care for Adult Medium Breed ,17500,20,6,14000,180,False,180,175.0,140.0,35.0,Medium Discount,In Stock,Affordable,Light,Bulk Pack,2305
Chocolates & Candies,Maggi Hot & Sweet - Tomato Chilli Sauce,17000,10,1,15300,1000,False,1,170.0,153.0,17.0,Low Discount,Low Stock,Affordable,Heavy,Single,2306
Chocolates & Candies,Ching's Secret Asian Hot Instant Soup,1500,0,3,1500,15,False,15,15.0,15.0,0.0,No Discount,Low Stock,Budget,Light,Bulk Pack,2307
Chocolates & Candies,Kellogg’s Chocos Protein And Fibre Of 1 Roti,49900,11,6,44400,1200,False,1,499.0,444.0,55.0,Medium Discount,In Stock,Mid-Range,Extra Heavy,Single,2308
Chocolates & Candies,Mother's Recipe Pickle - Mango,14900,26,4,10900,500,False,500,149.0,109.0,40.0,High Discount,Low Stock,Affordable,Medium,Bulk Pack,2309
Chocolates & Candies,Chings Secret Manchurian Instant Noodle,6000,0,6,6000,240,False,240,60.0,60.0,0.0,No Discount,In Stock,Affordable,Light,Bulk Pack,2310
Chocolates & Candies,Kellogg's Original Corn Flakes,31000,6,6,29000,875,False,875,310.0,290.0,20.0,Low Discount,In Stock,Mid-Range,Heavy,Bulk Pack,2311
Chocolates & Candies,Ching's Singapore Curry Instant Noodles,6000,0,4,6000,240,False,240,60.0,60.0,0.0,No Discount,Low Stock,Affordable,Light,Bulk Pack,2312
Chocolates & Candies,Kellogg's Almonds And Cranberries Granola,33000,6,6,31000,460,False,460,330.0,310.0,20.0,Low Discount,In Stock,Mid-Range,Medium,Bulk Pack,2313
Chocolates & Candies,Nestle Ceregrow Multigrain Cereal with Milk and Fruits - 3 to 6 years,29200,0,6,29200,300,False,300,292.0,292.0,0.0,No Discount,In Stock,Mid-Range,Medium,Bulk Pack,2314
Chocolates & Candies,MTR 3 Minute Breakfast - Magic Masala Upma,2500,0,6,2500,60,False,60,25.0,25.0,0.0,No Discount,In Stock,Budget,Light,Bulk Pack,2315
Chocolates & Candies,Smith & Jones Masala Noodles,6800,10,5,6100,360,False,360,68.0,61.0,7.0,Low Discount,Low Stock,Affordable,Medium,Bulk Pack,2316
Chocolates & Candies,"Knorr Classic Tomato Soup With 100% Real Vegetabls, No Added Preservatives",5500,0,6,5500,53,False,53,55.0,55.0,0.0,No Discount,In Stock,Affordable,Light,Bulk Pack,2317
Chocolates & Candies,Godrej Yummiez Chicken Punjabi Tikka ,29500,9,6,26600,360,False,360,295.0,266.0,29.0,Low Discount,In Stock,Mid-Range,Medium,Bulk Pack,2318
Chocolates & Candies,Kellogg's Corn Flakes,42500,9,1,38300,1000,False,1,425.0,383.0,42.0,Low Discount,Low Stock,Mid-Range,Heavy,Single,2319
Chocolates & Candies,Kelloggs Chocos,17000,5,4,16000,385,False,385,170.0,160.0,10.0,Low Discount,Low Stock,Affordable,Medium,Bulk Pack,2320
Chocolates & Candies,Pedigree Puppy Dry Dog Food Food Chicken & Milk,29000,20,6,23200,1200,False,1200,290.0,232.0,58.0,Medium Discount,In Stock,Mid-Range,Extra Heavy,Bulk Pack,2321
Chocolates & Candies,Ching's Secret Lemon Coriander Instant Soup,1500,0,5,1500,15,False,15,15.0,15.0,0.0,No Discount,Low Stock,Budget,Light,Bulk Pack,2322
Chocolates & Candies,Nestle Cerelac Baby Cereal With Milk Wheat-Rice Mixed Fruit,26100,0,6,26100,300,False,300,261.0,261.0,0.0,No Discount,In Stock,Mid-Range,Medium,Bulk Pack,2323
Chocolates & Candies,Kelloggs Chocos - Moons & Stars,66000,40,4,39600,1200,False,1,660.0,396.0,264.0,High Discount,Low Stock,Mid-Range,Extra Heavy,Single,2324
Chocolates & Candies,ITC Master Chef Chicken Galouti Kebab,17000,4,2,16200,210,False,210,170.0,162.0,8.0,Low Discount,Low Stock,Affordable,Light,Bulk Pack,2325
Chocolates & Candies,Yogabar 100% Pure Peanut Butter Creamy & Yummy Unsweetened,22900,10,6,20600,400,False,400,229.0,206.0,23.0,Low Discount,In Stock,Mid-Range,Medium,Bulk Pack,2326
Chocolates & Candies,Kitchens Of India Palak Paneer,13000,30,6,9100,285,False,285,130.0,91.0,39.0,High Discount,In Stock,Affordable,Medium,Bulk Pack,2327
Chocolates & Candies,Kelloggs Chocos Fills Double Chocolat,9900,11,6,8800,175,False,175,99.0,88.0,11.0,Medium Discount,In Stock,Affordable,Light,Bulk Pack,2328
Chocolates & Candies,Soulfull Ragi Bites Choco Fills,16900,5,4,16000,250,False,250,169.0,160.0,9.0,Low Discount,Low Stock,Affordable,Light,Bulk Pack,2329
Chocolates & Candies,Figaro Sliced Black Olive ,17900,0,6,17900,450,False,450,179.0,179.0,0.0,No Discount,In Stock,Affordable,Medium,Bulk Pack,2330
Chocolates & Candies,Veeba Barbeque Sauce,14900,8,6,13700,330,False,330,149.0,137.0,12.0,Low Discount,In Stock,Affordable,Medium,Bulk Pack,2331
Chocolates & Candies,The Whole Truth Vegan Mocha Almond Fudge Energy Bar No Sugar,6000,20,6,4800,40,False,40,60.0,48.0,12.0,Medium Discount,In Stock,Budget,Light,Bulk Pack,2332
Chocolates & Candies,"The Whole Truth - Nuts, Fruits & Seeds Muesli",32500,20,6,26000,350,False,350,325.0,260.0,65.0,Medium Discount,In Stock,Mid-Range,Medium,Bulk Pack,2333
Chocolates & Candies,Pantai Green Curry Paste,15000,14,5,12800,114,False,114,150.0,128.0,22.0,Medium Discount,Low Stock,Affordable,Light,Bulk Pack,2334
Chocolates & Candies,Kelloggs Special K,21000,8,5,19200,435,False,435,210.0,192.0,18.0,Low Discount,Low Stock,Affordable,Medium,Bulk Pack,2335
Chocolates & Candies,Moi Soi Sichuan Chilli Oil- For Stir Fry Marinade Spread & Dip,28000,50,5,14000,175,False,175,280.0,140.0,140.0,Very High Discount,Low Stock,Affordable,Light,Bulk Pack,2336
Chocolates & Candies,Mother's Recipe Madras Appalam,5000,10,6,4500,100,False,100,50.0,45.0,5.0,Low Discount,In Stock,Budget,Light,Bulk Pack,2337
Chocolates & Candies,Top Ramen Masala Oat Masala,8000,10,6,7200,280,False,280,80.0,72.0,8.0,Low Discount,In Stock,Affordable,Medium,Bulk Pack,2338
Chocolates & Candies,Saffola Everyday Peppy Tomato Masala Oats,19500,12,6,17100,500,False,500,195.0,171.0,24.0,Medium Discount,In Stock,Affordable,Medium,Bulk Pack,2339
Chocolates & Candies,"Ching's Secret Instant Noodles, Hot Garlic",6000,0,4,6000,240,False,240,60.0,60.0,0.0,No Discount,Low Stock,Affordable,Light,Bulk Pack,2340
Chocolates & Candies,Kitchens Of India Chicken Chettinad,20000,30,1,14000,285,False,285,200.0,140.0,60.0,High Discount,Low Stock,Affordable,Medium,Bulk Pack,2341
Chocolates & Candies,Nestle Cerelac Wheat - Stage 1,19000,0,6,19000,300,False,300,190.0,190.0,0.0,No Discount,In Stock,Affordable,Medium,Bulk Pack,2342
Chocolates & Candies,Sumeru Aloo Paratha,11900,5,6,11300,400,False,400,119.0,113.0,6.0,Low Discount,In Stock,Affordable,Medium,Bulk Pack,2343
Chocolates & Candies,ITC Master Chef Veggie Pizza Pocket,17000,4,4,16200,340,False,340,170.0,162.0,8.0,Low Discount,Low Stock,Affordable,Medium,Bulk Pack,2344
Chocolates & Candies,Wingreens Farms Tangy Cheese Pita Chips & Mexican Salsa Dip,6000,15,1,5100,70,False,70,60.0,51.0,9.0,Medium Discount,Low Stock,Affordable,Light,Bulk Pack,2345
Chocolates & Candies,Ching's Secret Manchow Soup,5500,0,3,5500,55,False,55,55.0,55.0,0.0,No Discount,Low Stock,Affordable,Light,Bulk Pack,2346
Chocolates & Candies,Veeba Carrot & Cucumber Sandwich Spread,8500,10,6,7600,250,False,250,85.0,76.0,9.0,Low Discount,In Stock,Affordable,Light,Bulk Pack,2347
Chocolates & Candies,Kellogg's Real Almond & Honey Corn Flakes,37000,12,3,32400,650,False,650,370.0,324.0,46.0,Medium Discount,Low Stock,Mid-Range,Heavy,Bulk Pack,2348
Chocolates & Candies,Kitchens Of India Mughlai Paneer,16000,30,4,11200,285,False,285,160.0,112.0,48.0,High Discount,Low Stock,Affordable,Medium,Bulk Pack,2349
Chocolates & Candies,Ching's Secret Just Soak - Veg Hakka Noodles,3000,0,5,3000,150,False,150,30.0,30.0,0.0,No Discount,Low Stock,Budget,Light,Bulk Pack,2350
Chocolates & Candies,Ching's Secret Chowmein Hakka Noodles Masala,6000,10,2,5400,100,False,100,60.0,54.0,6.0,Low Discount,Low Stock,Affordable,Light,Bulk Pack,2351
Chocolates & Candies,The Whole Truth Dark Chocolate Peanut Butter - Crunchy,23500,20,5,18800,325,False,325,235.0,188.0,47.0,Medium Discount,Low Stock,Affordable,Medium,Bulk Pack,2352
Chocolates & Candies,Mother's Recipe Bhel Puri Chutney,5500,9,4,5000,200,False,200,55.0,50.0,5.0,Low Discount,Low Stock,Budget,Light,Bulk Pack,2353
Chocolates & Candies,Kelloggs Chocos Moon & Stars,33000,10,6,29400,680,False,680,330.0,294.0,36.0,Low Discount,In Stock,Mid-Range,Heavy,Bulk Pack,2354
Chocolates & Candies,Mother's Recipe Lime Pickle ,12000,5,1,11400,400,False,400,120.0,114.0,6.0,Low Discount,Low Stock,Affordable,Medium,Bulk Pack,2355
Chocolates & Candies,Kitchens of India Dal Makhani,11000,30,2,7700,285,False,285,110.0,77.0,33.0,High Discount,Low Stock,Affordable,Medium,Bulk Pack,2356
Chocolates & Candies,Pantai Light Soy Sauce,27500,14,5,23400,200,False,200,275.0,234.0,41.0,Medium Discount,Low Stock,Mid-Range,Light,Bulk Pack,2357
Chocolates & Candies,Ching's Secret Sweet Corn Soup,5500,0,6,5500,55,False,55,55.0,55.0,0.0,No Discount,In Stock,Affordable,Light,Bulk Pack,2358
Chocolates & Candies,"Top Ramen Noodles, Atta",8000,0,1,8000,280,False,280,80.0,80.0,0.0,No Discount,Low Stock,Affordable,Medium,Bulk Pack,2359
Chocolates & Candies,Cantina Tortilla Dip Sauce Sour Creamy Tex Mex,22500,15,5,19100,190,False,190,225.0,191.0,34.0,Medium Discount,Low Stock,Affordable,Light,Bulk Pack,2360
Chocolates & Candies,Dabur Hommade - Rajasthan Ki Garlic Chutne,6500,6,6,6100,200,False,200,65.0,61.0,4.0,Low Discount,In Stock,Affordable,Light,Bulk Pack,2361
Chocolates & Candies,MTR Seviyan Vermicelli ,4200,0,2,4200,400,False,400,42.0,42.0,0.0,No Discount,Low Stock,Budget,Medium,Bulk Pack,2362
Chocolates & Candies,Pantai Oyster Sauce,27500,14,4,23400,200,False,200,275.0,234.0,41.0,Medium Discount,Low Stock,Mid-Range,Light,Bulk Pack,2363
Chocolates & Candies,Go Cheese Spread - Four Pepper (Soft & Creamy),9900,5,6,9400,200,False,200,99.0,94.0,5.0,Low Discount,In Stock,Affordable,Light,Bulk Pack,2364
Chocolates & Candies,MTR Ready To Eat Paneer Butter Masala,13500,9,2,12200,300,False,300,135.0,122.0,13.0,Low Discount,Low Stock,Affordable,Medium,Bulk Pack,2365
Chocolates & Candies,Nestle Lactogen Stage 2 Follow-up Formula Powder,34000,0,2,34000,400,False,400,340.0,340.0,0.0,No Discount,Low Stock,Mid-Range,Medium,Bulk Pack,2366
Chocolates & Candies,Kellogg's Crunchy Bites Chocos,19000,10,6,17100,375,False,375,190.0,171.0,19.0,Low Discount,In Stock,Affordable,Medium,Bulk Pack,2367
Chocolates & Candies,Veeba Hot Sweet Tomato Chilli Sauce,10400,20,3,8300,500,False,500,104.0,83.0,21.0,Medium Discount,Low Stock,Affordable,Medium,Bulk Pack,2368
Chocolates & Candies,Borges Durum Wheat Pasta Superior Quality,25000,40,6,14900,500,False,500,250.0,149.0,101.0,High Discount,In Stock,Affordable,Medium,Bulk Pack,2369
Chocolates & Candies,Funfoods Peanut Butter Crunchy,16900,7,1,15600,400,False,400,169.0,156.0,13.0,Low Discount,Low Stock,Affordable,Medium,Bulk Pack,2370
Chocolates & Candies,Pantai Red Curry Paste,6000,0,4,6000,50,False,50,60.0,60.0,0.0,No Discount,Low Stock,Affordable,Light,Bulk Pack,2371
Chocolates & Candies,ITC Master Chef Chicken Seekh Kabab,32500,0,6,32500,500,False,500,325.0,325.0,0.0,No Discount,In Stock,Mid-Range,Medium,Bulk Pack,2372
Chocolates & Candies,Del Monte Pizza & Pasta Sauce Spout Pack,9900,0,3,9900,400,False,400,99.0,99.0,0.0,No Discount,Low Stock,Affordable,Medium,Bulk Pack,2373
Chocolates & Candies,Pantai Sriracha Red Chilli Sauce,22500,15,6,19100,200,False,200,225.0,191.0,34.0,Medium Discount,In Stock,Affordable,Light,Bulk Pack,2374
Chocolates & Candies,Hershey's Cocoa Spread,29500,0,3,29500,350,False,350,295.0,295.0,0.0,No Discount,Low Stock,Mid-Range,Medium,Bulk Pack,2375
Chocolates & Candies,Maggi Ghee Tadka Upma Express Pouch,2500,0,6,2500,65,False,65,25.0,25.0,0.0,No Discount,In Stock,Budget,Light,Bulk Pack,2376
Chocolates & Candies,Ching's Secret Manchurian Noodles,9100,0,5,9100,360,False,360,91.0,91.0,0.0,No Discount,Low Stock,Affordable,Medium,Bulk Pack,2377
Chocolates & Candies,Kellogg's All Bran Wheat Flakes,22000,6,5,20500,425,False,425,220.0,205.0,15.0,Low Discount,Low Stock,Mid-Range,Medium,Bulk Pack,2378
Chocolates & Candies,Yummiez Chicken Breakfast Sausages,15000,0,3,15000,250,False,250,150.0,150.0,0.0,No Discount,Low Stock,Affordable,Light,Bulk Pack,2379
Chocolates & Candies,Pantai Red Curry Paste,15000,14,3,12800,114,False,114,150.0,128.0,22.0,Medium Discount,Low Stock,Affordable,Light,Bulk Pack,2380
Chocolates & Candies,Bagrrys Muesli Crunchy Fruit & Nut With Cranberries,33000,10,6,29700,400,False,400,330.0,297.0,33.0,Low Discount,In Stock,Mid-Range,Medium,Bulk Pack,2381
Chocolates & Candies,Quaker Oats Pouch,27600,10,6,24800,1500,False,1,276.0,248.0,28.0,Low Discount,In Stock,Mid-Range,Extra Heavy,Single,2382
Chocolates & Candies,Prasuma Momos -  Cheesy Spicy Veg,29500,0,6,29500,24,False,24,295.0,295.0,0.0,No Discount,In Stock,Mid-Range,Light,Bulk Pack,2383
Chocolates & Candies,Veeba Sriracha Chilli Garlic Sauce,14900,8,5,13700,320,False,320,149.0,137.0,12.0,Low Discount,Low Stock,Affordable,Medium,Bulk Pack,2384
Chocolates & Candies,Ching's Secret Just Soak - Veg Hakka Noodles,11500,0,6,11500,600,False,600,115.0,115.0,0.0,No Discount,In Stock,Affordable,Heavy,Bulk Pack,2385
Chocolates & Candies,Moi Soi Kung Pao Sauce - For Stir Fry Marinade Spread & Dip,28000,50,5,14000,175,False,175,280.0,140.0,140.0,Very High Discount,Low Stock,Affordable,Light,Bulk Pack,2386
Chocolates & Candies,Figaro Plain Green Olive ,17900,0,6,17900,450,False,450,179.0,179.0,0.0,No Discount,In Stock,Affordable,Medium,Bulk Pack,2387
Chocolates & Candies,Mother's Recipe Gujrati Gorkeri Pickle,14000,10,3,12600,500,False,500,140.0,126.0,14.0,Low Discount,Low Stock,Affordable,Medium,Bulk Pack,2388
Chocolates & Candies,Kellogg's Muesli 20% Nuts Delight,32000,0,6,32000,500,False,500,320.0,320.0,0.0,No Discount,In Stock,Mid-Range,Medium,Bulk Pack,2389
Chocolates & Candies,Borges Farfalle Durum Wheat Pasta ,25000,0,5,25000,500,False,500,250.0,250.0,0.0,No Discount,Low Stock,Mid-Range,Medium,Bulk Pack,2390
Chocolates & Candies,Kellogg's Chocos,29900,10,4,26900,700,False,700,299.0,269.0,30.0,Low Discount,Low Stock,Mid-Range,Heavy,Bulk Pack,2391
Chocolates & Candies,Nestle Nan Pro 4 Follow Up Formula Powder For Older Infants ,62000,0,1,62000,400,False,400,620.0,620.0,0.0,No Discount,Low Stock,Premium,Medium,Bulk Pack,2392
Chocolates & Candies,Veeba Truly Tomato Ketchup,9900,20,6,7900,500,False,500,99.0,79.0,20.0,Medium Discount,In Stock,Affordable,Medium,Bulk Pack,2393
Chocolates & Candies,Ching's Secret Green Chilli Sauce,8500,4,1,8100,680,False,680,85.0,81.0,4.0,Low Discount,Low Stock,Affordable,Heavy,Bulk Pack,2394
Chocolates & Candies,MTR Roasted Vermicelli ,5500,0,1,5500,400,False,400,55.0,55.0,0.0,No Discount,Low Stock,Affordable,Medium,Bulk Pack,2395
Chocolates & Candies,Mother's Recipe Punjabi Teekha Mang Pickle,12000,10,4,10800,400,False,400,120.0,108.0,12.0,Low Discount,Low Stock,Affordable,Medium,Bulk Pack,2396
Chocolates & Candies,Ching's Secret Hot Garlic Instant Noodles,11400,0,6,11400,480,False,480,114.0,114.0,0.0,No Discount,In Stock,Affordable,Medium,Bulk Pack,2397
Chocolates & Candies,Kellogg's Real Honey Corn Flakes,29000,7,5,26700,630,False,630,290.0,267.0,23.0,Low Discount,Low Stock,Mid-Range,Heavy,Bulk Pack,2398
Chocolates & Candies,ITC Master Chef Lebanese Falafel Kebab,13000,4,4,12400,230,False,230,130.0,124.0,6.0,Low Discount,Low Stock,Affordable,Light,Bulk Pack,2399
Chocolates & Candies,Kelloggs Chocos Fills Double Chocolaty,18500,10,5,16500,250,False,250,185.0,165.0,20.0,Low Discount,Low Stock,Affordable,Light,Bulk Pack,2400
Chocolates & Candies,Organic India Apple Cider Vinegar,59500,9,2,53600,500,False,500,595.0,536.0,59.0,Low Discount,Low Stock,Premium,Medium,Bulk Pack,2401
Chocolates & Candies,Masala Oats Masala & Coriander ,19500,9,5,17600,500,False,500,195.0,176.0,19.0,Low Discount,Low Stock,Affordable,Medium,Bulk Pack,2402
Chocolates & Candies,Ching's Secret  Noodles - Pad Thai Lemongras,20000,0,5,20000,130,False,130,200.0,200.0,0.0,No Discount,Low Stock,Affordable,Light,Bulk Pack,2403
Chocolates & Candies,Bagrrys Fruit and Nut Muesli with Cranberries,49900,0,5,49900,750,False,750,499.0,499.0,0.0,No Discount,Low Stock,Mid-Range,Heavy,Bulk Pack,2404
Chocolates & Candies,Kitchens Of India Yellow Dal Tadka,11000,30,6,7700,285,False,285,110.0,77.0,33.0,High Discount,In Stock,Affordable,Medium,Bulk Pack,2405
Chocolates & Candies,Soulfull Vanilla Fills - Ragi Bites,16900,5,6,16000,250,False,250,169.0,160.0,9.0,Low Discount,In Stock,Affordable,Light,Bulk Pack,2406
Chocolates & Candies,Pantai Teriyaki Sauce with Garlic,32500,15,6,27600,200,False,200,325.0,276.0,49.0,Medium Discount,In Stock,Mid-Range,Light,Bulk Pack,2407
Chocolates & Candies,Whiskas Adult Pocket Tuna Cat Food,41000,0,1,41000,1200,False,1,410.0,410.0,0.0,No Discount,Low Stock,Mid-Range,Extra Heavy,Single,2408
Chocolates & Candies,Kitchens Of India Chicken Darbari ,20000,30,4,14000,285,False,285,200.0,140.0,60.0,High Discount,Low Stock,Affordable,Medium,Bulk Pack,2409
Chocolates & Candies,Soulfull Millet Muesli Fruit & Nut Almonds & Real Fruits,29900,10,6,26900,400,False,400,299.0,269.0,30.0,Low Discount,In Stock,Mid-Range,Medium,Bulk Pack,2410
Chocolates & Candies,Smith & Jones Red Pasta Sauce Mix,4000,0,6,4000,46,False,46,40.0,40.0,0.0,No Discount,In Stock,Budget,Light,Bulk Pack,2411
Chocolates & Candies,Kellogg's Muesli Nuts Delight,42500,9,3,38300,750,False,750,425.0,383.0,42.0,Low Discount,Low Stock,Mid-Range,Heavy,Bulk Pack,2412
Chocolates & Candies,Kitchens of India Dal Bukhara Gravy Mix,11000,30,6,7700,285,False,285,110.0,77.0,33.0,High Discount,In Stock,Affordable,Medium,Bulk Pack,2413
Chocolates & Candies,The Whole Truth Peanut Butter - Sweetened & Crunchy,21500,20,6,17200,325,False,325,215.0,172.0,43.0,Medium Discount,In Stock,Affordable,Medium,Bulk Pack,2414
Chocolates & Candies,Remia Mayonnaise,23000,0,6,23000,241,False,241,230.0,230.0,0.0,No Discount,In Stock,Mid-Range,Light,Bulk Pack,2415
Chocolates & Candies,Ching's Secret Green Chilli Sauce,10500,0,6,10500,425,False,425,105.0,105.0,0.0,No Discount,In Stock,Affordable,Medium,Bulk Pack,2416
Chocolates & Candies,Bagrrys Fruit N Fibre Muesli - Strawberry,59500,0,1,59500,1000,False,1,595.0,595.0,0.0,No Discount,Low Stock,Premium,Heavy,Single,2417
Chocolates & Candies,Ching's Secret Tomato Oats Instant Soup,1500,0,3,1500,20,False,20,15.0,15.0,0.0,No Discount,Low Stock,Budget,Light,Bulk Pack,2418
Chocolates & Candies,Kellogg's Special K Original Corn Flakes,14000,5,1,13300,290,False,290,140.0,133.0,7.0,Low Discount,Low Stock,Affordable,Medium,Bulk Pack,2419
Chocolates & Candies,Moi Soi  Black Bean Sauce - Dip Spread Stir Fry & Marinade,28000,50,5,14000,175,False,175,280.0,140.0,140.0,Very High Discount,Low Stock,Affordable,Light,Bulk Pack,2420
Chocolates & Candies,Tong Garden Wasabi Green Peas,17500,4,6,16700,150,False,150,175.0,167.0,8.0,Low Discount,In Stock,Affordable,Light,Bulk Pack,2421
Chocolates & Candies,Ching's Secret Red Chilli Sauce,10500,0,4,10500,440,False,440,105.0,105.0,0.0,No Discount,Low Stock,Affordable,Medium,Bulk Pack,2422
Chocolates & Candies,Ching's Instant Hot and Sour Soup,5500,0,5,5500,55,False,55,55.0,55.0,0.0,No Discount,Low Stock,Affordable,Light,Bulk Pack,2423
Chocolates & Candies,Ching's Secret Noodles - Pad Thai Original,20000,0,6,20000,130,False,130,200.0,200.0,0.0,No Discount,In Stock,Affordable,Light,Bulk Pack,2424
Chocolates & Candies,Aashirvaad Instant Meals - Khatta Meetha Pohaa With Millets,5500,30,5,3800,80,False,80,55.0,38.0,17.0,High Discount,Low Stock,Budget,Light,Bulk Pack,2425
Chocolates & Candies,Del Monte Black Sliced Olives,25000,0,1,25000,450,False,450,250.0,250.0,0.0,No Discount,Low Stock,Mid-Range,Medium,Bulk Pack,2426
Chocolates & Candies,Kitchens Of India Murgh Methi,22000,30,5,15400,285,False,285,220.0,154.0,66.0,High Discount,Low Stock,Affordable,Medium,Bulk Pack,2427
Chocolates & Candies,Nestle Cerelac 5 Grains & Fruits Cereal,28800,0,6,28800,300,False,300,288.0,288.0,0.0,No Discount,In Stock,Mid-Range,Medium,Bulk Pack,2428
Chocolates & Candies,The Whole Truth - 5 Grain Muesli No Added Sugar,32500,20,6,26000,350,False,350,325.0,260.0,65.0,Medium Discount,In Stock,Mid-Range,Medium,Bulk Pack,2429
Chocolates & Candies,Ching's Secret  Pad Thai Noodles Green Curry,20000,0,6,20000,130,False,130,200.0,200.0,0.0,No Discount,In Stock,Affordable,Light,Bulk Pack,2430
Chocolates & Candies,Aashirvaad Suji Halwa With Jaggery,7500,0,6,7500,70,False,70,75.0,75.0,0.0,No Discount,In Stock,Affordable,Light,Bulk Pack,2431
Chocolates & Candies,Mother's Recipe Mango Pickle ,12000,0,1,12000,400,False,400,120.0,120.0,0.0,No Discount,Low Stock,Affordable,Medium,Bulk Pack,2432
Chocolates & Candies,Ching's Secret Pad Thai Noodles - Extra Hot Thai Chilli,20000,0,6,20000,130,False,130,200.0,200.0,0.0,No Discount,In Stock,Affordable,Light,Bulk Pack,2433
Chocolates & Candies,Kellogg's Special K Original Corn Flakes,39900,11,6,35500,900,False,900,399.0,355.0,44.0,Medium Discount,In Stock,Mid-Range,Heavy,Bulk Pack,2434
Chocolates & Candies,Knorr Sweet Corn Chicken Soup,5500,0,2,5500,42,False,42,55.0,55.0,0.0,No Discount,Low Stock,Affordable,Light,Bulk Pack,2435
Chocolates & Candies,Ching's Secret Tomato Soup,5500,0,6,5500,55,False,55,55.0,55.0,0.0,No Discount,In Stock,Affordable,Light,Bulk Pack,2436
Chocolates & Candies,Funfoods Peanut Butter Creamy,16900,0,1,16900,400,False,400,169.0,169.0,0.0,No Discount,Low Stock,Affordable,Medium,Bulk Pack,2437
Chocolates & Candies,Japanese Choice Udon Noodles,29500,9,6,26600,250,False,250,295.0,266.0,29.0,Low Discount,In Stock,Mid-Range,Light,Bulk Pack,2438
Chocolates & Candies,Kelloggs Muesli - With 22% Fruit Magic,32000,10,5,28800,500,False,500,320.0,288.0,32.0,Low Discount,Low Stock,Mid-Range,Medium,Bulk Pack,2439
Chocolates & Candies,Dabur Hommade - Kalonji Tamatar Ki Chutney,6500,6,6,6100,200,False,200,65.0,61.0,4.0,Low Discount,In Stock,Affordable,Light,Bulk Pack,2440
Chocolates & Candies,Kitchens Of India Dal Makhani,11000,30,1,7700,285,False,285,110.0,77.0,33.0,High Discount,Low Stock,Affordable,Medium,Bulk Pack,2441
Chocolates & Candies,Aashirvaad Suji Halwa With Jaggery,5500,30,6,3800,80,False,80,55.0,38.0,17.0,High Discount,In Stock,Budget,Light,Bulk Pack,2442
Chocolates & Candies,Del Monte Green Chili Sauce,5500,0,3,5500,190,False,190,55.0,55.0,0.0,No Discount,Low Stock,Affordable,Light,Bulk Pack,2443
Chocolates & Candies,Pedigree Dog Food Adult Chicken & Veg,66000,10,1,59400,3000,False,3,660.0,594.0,66.0,Low Discount,Low Stock,Premium,Bulk,Small Pack,2444
Chocolates & Candies,Kellogg's Original Corn Flakes,18500,5,6,17500,475,False,475,185.0,175.0,10.0,Low Discount,In Stock,Affordable,Medium,Bulk Pack,2445
Chocolates & Candies,Pedigree Puppy Dry Dog Food Food Chicken & Milk,69000,6,2,64800,3000,False,3,690.0,648.0,42.0,Low Discount,Low Stock,Premium,Bulk,Small Pack,2446
Chocolates & Candies,Kitchens Of India Rajma Masala,11000,30,5,7700,285,False,285,110.0,77.0,33.0,High Discount,Low Stock,Affordable,Medium,Bulk Pack,2447
Chocolates & Candies,Kitchen Of India Ready-To-Eat Pindi Channa,11000,30,2,7700,285,False,285,110.0,77.0,33.0,High Discount,Low Stock,Affordable,Medium,Bulk Pack,2448
Chocolates & Candies,Figaro Pitted Black Olive ,17900,0,6,17900,450,False,450,179.0,179.0,0.0,No Discount,In Stock,Affordable,Medium,Bulk Pack,2449
Chocolates & Candies,Cantina Tabasco Red Sauce,14000,15,6,11900,60,False,60,140.0,119.0,21.0,Medium Discount,In Stock,Affordable,Light,Bulk Pack,2450
Chocolates & Candies,Mother's Recipe Pickle - Mixed,14900,26,6,10900,500,False,500,149.0,109.0,40.0,High Discount,In Stock,Affordable,Medium,Bulk Pack,2451
Chocolates & Candies,Nestle Cerelac Baby Cereal with Milk 5 Grains & Vegetables from 18 to 24 Month,27900,0,5,27900,300,False,300,279.0,279.0,0.0,No Discount,Low Stock,Mid-Range,Medium,Bulk Pack,2452
Chocolates & Candies,Mother's Recipe Tamarind Paste,5000,2,2,4900,200,False,200,50.0,49.0,1.0,Low Discount,Low Stock,Budget,Light,Bulk Pack,2453
Chocolates & Candies,Pedigree Meat Jerky Adult Dog Treat Barbecued Chicken,14000,20,6,11200,80,False,80,140.0,112.0,28.0,Medium Discount,In Stock,Affordable,Light,Bulk Pack,2454
Chocolates & Candies,Veeba Peri Peri Sauce,16100,0,6,16100,300,False,300,161.0,161.0,0.0,No Discount,In Stock,Affordable,Medium,Bulk Pack,2455
Chocolates & Candies,Pantai Sriracha Yellow Chilli Sauce,22500,15,6,19100,200,False,200,225.0,191.0,34.0,Medium Discount,In Stock,Affordable,Light,Bulk Pack,2456
Chocolates & Candies,Praakritik Organic Jumbo Rolled Oats,19000,11,6,16900,500,False,500,190.0,169.0,21.0,Medium Discount,In Stock,Affordable,Medium,Bulk Pack,2457
Chocolates & Candies,Ching's Secret Just Soak - Whole Wheat Veg Hakka Noodles,12300,0,6,12300,600,False,600,123.0,123.0,0.0,No Discount,In Stock,Affordable,Heavy,Bulk Pack,2458
Chocolates & Candies,Pantai Spring Roll Sauce,27500,10,6,24500,200,False,200,275.0,245.0,30.0,Low Discount,In Stock,Mid-Range,Light,Bulk Pack,2459
Chocolates & Candies,MTR Vermicelli Payasam,7500,0,6,7500,180,False,180,75.0,75.0,0.0,No Discount,In Stock,Affordable,Light,Bulk Pack,2460
Chocolates & Candies,Bagrrys Corn Flakes,35000,0,6,35000,880,False,800,350.0,350.0,0.0,No Discount,In Stock,Mid-Range,Heavy,Bulk Pack,2461
Chocolates & Candies,MTR Ready To Eat Palak Paneer ,13500,11,6,12000,300,False,300,135.0,120.0,15.0,Medium Discount,In Stock,Affordable,Medium,Bulk Pack,2462
Chocolates & Candies,Del Monte Red Chili Sauce,5500,0,5,5500,190,False,190,55.0,55.0,0.0,No Discount,Low Stock,Affordable,Light,Bulk Pack,2463
Chocolates & Candies,Kitchens of India Mutter Paneer Mix,12000,30,4,8400,285,False,285,120.0,84.0,36.0,High Discount,Low Stock,Affordable,Medium,Bulk Pack,2464
Chocolates & Candies,Pantai Green Curry Paste,6000,6,6,5600,50,False,50,60.0,56.0,4.0,Low Discount,In Stock,Affordable,Light,Bulk Pack,2465
Chocolates & Candies,The Laughing Cow Cheese Spread Plain,11000,0,6,11000,180,False,180,110.0,110.0,0.0,No Discount,In Stock,Affordable,Light,Bulk Pack,2466
Chocolates & Candies,MTR Dal Fry,11000,0,5,11000,300,False,300,110.0,110.0,0.0,No Discount,Low Stock,Affordable,Medium,Bulk Pack,2467
Chocolates & Candies,Pantai Fish Sauce,27500,14,6,23400,200,False,200,275.0,234.0,41.0,Medium Discount,In Stock,Mid-Range,Light,Bulk Pack,2468
Chocolates & Candies,Cantina Beans Mexican Beans,25000,14,6,21300,410,False,410,250.0,213.0,37.0,Medium Discount,In Stock,Mid-Range,Medium,Bulk Pack,2469
Chocolates & Candies,Ching's Secret Manchurian Instant Noodle,11400,0,6,11400,480,False,480,114.0,114.0,0.0,No Discount,In Stock,Affordable,Medium,Bulk Pack,2470
Chocolates & Candies,Remia Salad Italian Dressing ,23000,0,6,23000,250,False,250,230.0,230.0,0.0,No Discount,In Stock,Mid-Range,Light,Bulk Pack,2471
Chocolates & Candies,Yummiez Veg Cheese Fingers Pouch,23000,0,4,23000,400,False,400,230.0,230.0,0.0,No Discount,Low Stock,Mid-Range,Medium,Bulk Pack,2472
Chocolates & Candies,MTR Dal Makhani,11000,0,4,11000,300,False,300,110.0,110.0,0.0,No Discount,Low Stock,Affordable,Medium,Bulk Pack,2473
Chocolates & Candies,MTR Ready to Eat Pav Bhaji,11000,0,6,11000,300,False,300,110.0,110.0,0.0,No Discount,In Stock,Affordable,Medium,Bulk Pack,2474
Chocolates & Candies,Weikfield Tomato Salsa Instant Pasta,2500,0,1,2500,77,False,77,25.0,25.0,0.0,No Discount,Low Stock,Budget,Light,Bulk Pack,2475
Chocolates & Candies,Nestlé CERELAC Baby Cereal with Milk,27200,0,1,27200,300,False,300,272.0,272.0,0.0,No Discount,Low Stock,Mid-Range,Medium,Bulk Pack,2476
Chocolates & Candies,Remia Salad Caesar Dressing,25000,0,6,25000,250,False,250,250.0,250.0,0.0,No Discount,In Stock,Mid-Range,Light,Bulk Pack,2477
Chocolates & Candies,Bagrrys Fruit N Fibre Muesli Mixed Fruit,33000,0,6,33000,500,False,500,330.0,330.0,0.0,No Discount,In Stock,Mid-Range,Medium,Bulk Pack,2478
Chocolates & Candies,MTR Paneer Butter Masala & Veg Pulao,17500,9,4,15800,375,False,375,175.0,158.0,17.0,Low Discount,Low Stock,Affordable,Medium,Bulk Pack,2479
Chocolates & Candies,Sundrop Cocoa Nut Hazelnut Chocolatey Spread,12000,0,6,12000,160,False,160,120.0,120.0,0.0,No Discount,In Stock,Affordable,Light,Bulk Pack,2480
Chocolates & Candies,Moi Soi Manchurian Sauce - For Stir Fry Marinade Spread & Dip,28000,50,6,14000,175,False,175,280.0,140.0,140.0,Very High Discount,In Stock,Affordable,Light,Bulk Pack,2481
Chocolates & Candies,Pedigree Dog Food Adult Meat & Rice,66000,7,2,60800,3000,False,3,660.0,608.0,52.0,Low Discount,Low Stock,Premium,Bulk,Small Pack,2482
Chocolates & Candies,Pantai Sriracha Green Chilli Sauce,22500,15,6,19100,200,False,200,225.0,191.0,34.0,Medium Discount,In Stock,Affordable,Light,Bulk Pack,2483
Chocolates & Candies,Pantai Chilli Garlic Sauce,27500,14,6,23400,200,False,200,275.0,234.0,41.0,Medium Discount,In Stock,Mid-Range,Light,Bulk Pack,2484
Chocolates & Candies,Pantai Dark Soy Sauce,27500,14,6,23400,200,False,200,275.0,234.0,41.0,Medium Discount,In Stock,Mid-Range,Light,Bulk Pack,2485
Chocolates & Candies,Yoga Bar Peanut Butter Dark Chocolate Jar,24900,0,4,24900,400,False,400,249.0,249.0,0.0,No Discount,Low Stock,Mid-Range,Medium,Bulk Pack,2486
Chocolates & Candies,Cantina Tabasco Green Sauce,14000,15,6,11900,60,False,60,140.0,119.0,21.0,Medium Discount,In Stock,Affordable,Light,Bulk Pack,2487
Chocolates & Candies,Pantai Pad Thai Sauce (Non-Veg),32500,9,5,29300,200,False,200,325.0,293.0,32.0,Low Discount,Low Stock,Mid-Range,Light,Bulk Pack,2488
Chocolates & Candies,Pantai Sweet Chilli Sauce,27500,14,6,23400,200,False,200,275.0,234.0,41.0,Medium Discount,In Stock,Mid-Range,Light,Bulk Pack,2489
Chocolates & Candies,Ching's Secret Schezwan Instant Noodle,11400,0,6,11400,480,False,480,114.0,114.0,0.0,No Discount,In Stock,Affordable,Medium,Bulk Pack,2490
Chocolates & Candies,Yummiez Chicken Garlic Fingers Pouch,25000,0,5,25000,400,False,400,250.0,250.0,0.0,No Discount,Low Stock,Mid-Range,Medium,Bulk Pack,2491
Chocolates & Candies,Pediasure Premium Chocolate Powdered Health Drink,61000,0,2,61000,400,False,400,610.0,610.0,0.0,No Discount,Low Stock,Premium,Medium,Bulk Pack,2492
Chocolates & Candies,Chings Secret Hot Garlic Instant Noodles,9100,0,6,9100,60,False,60,91.0,91.0,0.0,No Discount,In Stock,Affordable,Light,Bulk Pack,2493
Chocolates & Candies,Godrej Yummiez Cheese Corn Nuggets ,23000,0,4,23000,400,False,400,230.0,230.0,0.0,No Discount,Low Stock,Mid-Range,Medium,Bulk Pack,2494
Chocolates & Candies,Pantai Hot Chilli Sauce,27500,14,6,23400,200,False,200,275.0,234.0,41.0,Medium Discount,In Stock,Mid-Range,Light,Bulk Pack,2495
Chocolates & Candies,Knorr International Mexican Tomato Corn Soup ,6500,6,3,6100,52,False,52,65.0,61.0,4.0,Low Discount,Low Stock,Affordable,Light,Bulk Pack,2496
Chocolates & Candies,Bagrry's Fruit Fibre Muesli Mixed Fruit ,59500,0,5,59500,1000,False,1,595.0,595.0,0.0,No Discount,Low Stock,Premium,Heavy,Single,2497
Chocolates & Candies,MTR Roasted Vermicelli ,10500,0,4,10500,850,False,850,105.0,105.0,0.0,No Discount,Low Stock,Affordable,Heavy,Bulk Pack,2498
Chocolates & Candies,Maggi 2-Minute Instant Noodles - Masala,4400,0,0,4400,280,True,280,44.0,44.0,0.0,No Discount,Out of Stock,Budget,Medium,Bulk Pack,2499
Chocolates & Candies,"Kurkure Green Chutney, Rajasthani Style",2000,0,0,2000,90,True,90,20.0,20.0,0.0,No Discount,Out of Stock,Budget,Light,Bulk Pack,2500
Chocolates & Candies,Kellogg's Chocos Combo Pack,6000,6,0,5600,156,True,156,60.0,56.0,4.0,Low Discount,Out of Stock,Affordable,Light,Bulk Pack,2501
Chocolates & Candies,Kissan Mixed Fruit Jam ,15500,0,0,15500,500,True,500,155.0,155.0,0.0,No Discount,Out of Stock,Affordable,Medium,Bulk Pack,2502
Chocolates & Candies,Lijjat Urad Papad,6000,5,0,5700,200,True,200,60.0,57.0,3.0,Low Discount,Out of Stock,Affordable,Light,Bulk Pack,2503
Chocolates & Candies,Amul Cheese Spread Yummy Plain,8500,0,0,8500,200,True,200,85.0,85.0,0.0,No Discount,Out of Stock,Affordable,Light,Bulk Pack,2504
Chocolates & Candies,Mother's Recipe Ginger And Garlic Paste,5000,24,0,3800,200,True,200,50.0,38.0,12.0,Medium Discount,Out of Stock,Budget,Light,Bulk Pack,2505
Chocolates & Candies,Maggi Magic Cubes Chicken,4000,2,0,3900,40,True,40,40.0,39.0,1.0,Low Discount,Out of Stock,Budget,Light,Bulk Pack,2506
Chocolates & Candies,Pedigree Puppy Chicken Chunks in Gravy ,3500,2,0,3400,70,True,70,35.0,34.0,1.0,Low Discount,Out of Stock,Budget,Light,Bulk Pack,2507
Chocolates & Candies,The Whole Truth Peanut Butter - Unsweetened & Crunchy,18500,20,0,14800,325,True,325,185.0,148.0,37.0,Medium Discount,Out of Stock,Affordable,Medium,Bulk Pack,2508
Chocolates & Candies,Ching's Chow Mein Hakka Noodles Masala,1000,0,0,1000,20,True,20,10.0,10.0,0.0,No Discount,Out of Stock,Budget,Light,Bulk Pack,2509
Chocolates & Candies,Safal Frozen Mixed Vegetables,6000,5,0,5700,500,True,500,60.0,57.0,3.0,Low Discount,Out of Stock,Affordable,Medium,Bulk Pack,2510
Chocolates & Candies,Safal Frozen Corn,4100,4,0,3900,200,True,200,41.0,39.0,2.0,Low Discount,Out of Stock,Budget,Light,Bulk Pack,2511
Chocolates & Candies,Amul Cheese Spread Spicy Garlic,8500,3,0,8200,200,True,200,85.0,82.0,3.0,Low Discount,Out of Stock,Affordable,Light,Bulk Pack,2512
Chocolates & Candies,Ching's Secret Veg Hakka Noodles,10700,0,0,10700,600,True,600,107.0,107.0,0.0,No Discount,Out of Stock,Affordable,Heavy,Bulk Pack,2513
Chocolates & Candies,Saffola Oats 100 % Natural,1500,0,0,1500,38,True,38,15.0,15.0,0.0,No Discount,Out of Stock,Budget,Light,Bulk Pack,2514
Chocolates & Candies,Lijjat Moong Papad,6000,5,0,5700,200,True,200,60.0,57.0,3.0,Low Discount,Out of Stock,Affordable,Light,Bulk Pack,2515
Chocolates & Candies,Mothers Recipe Papad - Sabudana With Rock Salt,3100,9,0,2800,70,True,70,31.0,28.0,3.0,Low Discount,Out of Stock,Budget,Light,Bulk Pack,2516
Chocolates & Candies,Maggi Chilly Chow Cuppa Noodles,5000,0,0,5000,70,True,70,50.0,50.0,0.0,No Discount,Out of Stock,Budget,Light,Bulk Pack,2517
Chocolates & Candies,Veeba Favourites Eggless Burger Mayonnaise,6900,8,0,6300,250,True,250,69.0,63.0,6.0,Low Discount,Out of Stock,Affordable,Light,Bulk Pack,2518
Chocolates & Candies,Sunfeast Yippee! Magic Masala Noodles,4800,6,0,4500,240,True,240,48.0,45.0,3.0,Low Discount,Out of Stock,Budget,Light,Bulk Pack,2519
Chocolates & Candies,Top Ramen Masala,9100,9,0,8200,560,True,560,91.0,82.0,9.0,Low Discount,Out of Stock,Affordable,Heavy,Bulk Pack,2520
Chocolates & Candies,Kelloggs Corn Flakes With Real Strawberry Pure,26500,10,0,23600,575,True,575,265.0,236.0,29.0,Low Discount,Out of Stock,Mid-Range,Heavy,Bulk Pack,2521
Chocolates & Candies,Mother's Recipe Potato Papad,3100,9,0,2800,70,True,75,31.0,28.0,3.0,Low Discount,Out of Stock,Budget,Light,Bulk Pack,2522
Chocolates & Candies,Mothers Recipe Rice Papad Ajwain,2400,0,0,2400,75,True,75,24.0,24.0,0.0,No Discount,Out of Stock,Budget,Light,Bulk Pack,2523
Chocolates & Candies,Chef's Basket Durum Wheat Penne Pasta,16000,50,0,8000,500,True,500,160.0,80.0,80.0,Very High Discount,Out of Stock,Affordable,Medium,Bulk Pack,2524
Chocolates & Candies,Dabur Hommade - Imli Sauce Saunth,2000,10,0,1800,100,True,100,20.0,18.0,2.0,Low Discount,Out of Stock,Budget,Light,Bulk Pack,2525
Chocolates & Candies,Zorabian Chicken Kheema Parathas,19000,0,0,19000,300,True,300,190.0,190.0,0.0,No Discount,Out of Stock,Affordable,Medium,Bulk Pack,2526
Chocolates & Candies,Sunfeast Pasta Treat Pack of Tomato Cheese,2800,17,0,2300,65,True,65,28.0,23.0,5.0,Medium Discount,Out of Stock,Budget,Light,Bulk Pack,2527
Chocolates & Candies,Safal Frozen - Sweet Corn,16000,5,0,15200,1000,True,1,160.0,152.0,8.0,Low Discount,Out of Stock,Affordable,Heavy,Single,2528
Chocolates & Candies,MTR Vegetable Upma,2500,0,0,2500,60,True,60,25.0,25.0,0.0,No Discount,Out of Stock,Budget,Light,Bulk Pack,2529
Chocolates & Candies,Del Monte Original Blend Tomato Ketchup Pouch,12000,7,0,11100,950,True,950,120.0,111.0,9.0,Low Discount,Out of Stock,Affordable,Heavy,Bulk Pack,2530
Chocolates & Candies,Del Monte Natural Vinegar ,5500,3,0,5300,180,True,180,55.0,53.0,2.0,Low Discount,Out of Stock,Affordable,Light,Bulk Pack,2531
Chocolates & Candies,Del Monte Eggless Mayo,13500,6,0,12600,500,True,500,135.0,126.0,9.0,Low Discount,Out of Stock,Affordable,Medium,Bulk Pack,2532
Chocolates & Candies,ITC Master Chef Cheesy Corn Triangles,16000,5,0,15200,320,True,320,160.0,152.0,8.0,Low Discount,Out of Stock,Affordable,Medium,Bulk Pack,2533
Chocolates & Candies,Mother's Recipe Mixed Pickle ,11500,4,0,11000,400,True,400,115.0,110.0,5.0,Low Discount,Out of Stock,Affordable,Medium,Bulk Pack,2534
Chocolates & Candies,Godrej Yummiez Chicken Breakfast Salami,15000,4,0,14300,250,True,250,150.0,143.0,7.0,Low Discount,Out of Stock,Affordable,Light,Bulk Pack,2535
Chocolates & Candies,Hershey's Cocoa + Almond Spread,29500,9,0,26600,350,True,350,295.0,266.0,29.0,Low Discount,Out of Stock,Mid-Range,Medium,Bulk Pack,2536
Chocolates & Candies,Maggi Special Masala Spicy Yummy Noodles,7200,0,0,7200,280,True,280,72.0,72.0,0.0,No Discount,Out of Stock,Affordable,Medium,Bulk Pack,2537
Chocolates & Candies,Del Monte Schezwan Sauce,5500,0,0,5500,190,True,190,55.0,55.0,0.0,No Discount,Out of Stock,Affordable,Light,Bulk Pack,2538
Chocolates & Candies,Yummiez Green Peas,13500,0,0,13500,500,True,500,135.0,135.0,0.0,No Discount,Out of Stock,Affordable,Medium,Bulk Pack,2539
Chocolates & Candies,Yummiez Green Peas,25000,0,0,25000,1000,True,1,250.0,250.0,0.0,No Discount,Out of Stock,Mid-Range,Heavy,Single,2540
Chocolates & Candies,Yummiez American Sweet Corn,8500,0,0,8500,400,True,400,85.0,85.0,0.0,No Discount,Out of Stock,Affordable,Medium,Bulk Pack,2541
Chocolates & Candies,Dr Oetker Cucumber & Carrot Sandwich Spread Veg,7900,0,0,7900,250,True,250,79.0,79.0,0.0,No Discount,Out of Stock,Affordable,Light,Bulk Pack,2542
Chocolates & Candies,Del Monte Pitted Green Olives,25000,0,0,25000,450,True,450,250.0,250.0,0.0,No Discount,Out of Stock,Mid-Range,Medium,Bulk Pack,2543
"Meats, Fish & Eggs",Arden Eggs White,9700,0,4,9700,696,False,12,97.0,97.0,0.0,No Discount,Low Stock,Affordable,Heavy,Bulk Pack,2544
"Meats, Fish & Eggs",Arden Eggs White,6500,15,4,5500,348,False,6,65.0,55.0,10.0,Medium Discount,Low Stock,Affordable,Medium,Large Pack,2545
"Meats, Fish & Eggs",Arden Eggs Brown,8500,7,4,7900,348,False,6,85.0,79.0,6.0,Low Discount,Low Stock,Affordable,Medium,Large Pack,2546
"Meats, Fish & Eggs",Godrej Real Good Chicken Whole Pre-Cut,30000,10,4,27000,1000,False,1,300.0,270.0,30.0,Low Discount,Low Stock,Mid-Range,Heavy,Single,2547
"Meats, Fish & Eggs",Zorabian Chicken Breast Boneless,14500,8,3,13300,250,False,250,145.0,133.0,12.0,Low Discount,Low Stock,Affordable,Light,Bulk Pack,2548
"Meats, Fish & Eggs",Godrej Real Good Chicken Curry Cut,17500,9,3,15800,500,False,500,175.0,158.0,17.0,Low Discount,Low Stock,Affordable,Medium,Bulk Pack,2549
"Meats, Fish & Eggs",TGFC Chicken Curry Cut Fresh,24900,25,1,18600,500,False,500,249.0,186.0,63.0,Medium Discount,Low Stock,Affordable,Medium,Bulk Pack,2550
"Meats, Fish & Eggs",Arden Desi Eggs,11000,13,4,9500,348,False,6,110.0,95.0,15.0,Medium Discount,Low Stock,Affordable,Medium,Large Pack,2551
"Meats, Fish & Eggs",Godrej Real Good Chicken Breast Boneless,27500,9,6,24800,450,False,450,275.0,248.0,27.0,Low Discount,In Stock,Mid-Range,Medium,Bulk Pack,2552
"Meats, Fish & Eggs",Fresh Chicken Boneless Cubes (Halal),21500,5,1,20400,500,False,500,215.0,204.0,11.0,Low Discount,Low Stock,Mid-Range,Medium,Bulk Pack,2553
"Meats, Fish & Eggs",Godrej Real Good Chicken Kheema,25500,9,3,23000,450,False,450,255.0,230.0,25.0,Low Discount,Low Stock,Mid-Range,Medium,Bulk Pack,2554
"Meats, Fish & Eggs",Suguna Sharp Egg ,7200,13,3,6200,348,False,6,72.0,62.0,10.0,Medium Discount,Low Stock,Affordable,Medium,Large Pack,2555
"Meats, Fish & Eggs",TGFC Bombay Duck Whole Cleaned,31900,14,1,27400,500,False,500,319.0,274.0,45.0,Medium Discount,Low Stock,Mid-Range,Medium,Bulk Pack,2556
"Meats, Fish & Eggs",Zorabian Pre Cut Chicken Skinless (Half),16500,0,1,16500,500,False,500,165.0,165.0,0.0,No Discount,Low Stock,Affordable,Medium,Bulk Pack,2557
"Meats, Fish & Eggs",Godrej Real Good Chicken Drumstick ,26500,9,2,23900,500,False,500,265.0,239.0,26.0,Low Discount,Low Stock,Mid-Range,Medium,Bulk Pack,2558
"Meats, Fish & Eggs",Suguna Active - DHA,7200,13,4,6200,348,False,6,72.0,62.0,10.0,Medium Discount,Low Stock,Affordable,Medium,Large Pack,2559
"Meats, Fish & Eggs",Godrej Real Good Chicken Marinated Lollipop ,20000,10,2,18000,580,False,10,200.0,180.0,20.0,Low Discount,Low Stock,Affordable,Heavy,Large Pack,2560
"Meats, Fish & Eggs",Godrej Yummiez Chicken Nuggets,32500,9,1,29300,500,False,500,325.0,293.0,32.0,Low Discount,Low Stock,Mid-Range,Medium,Bulk Pack,2561
"Meats, Fish & Eggs",Eastern Chicken Masala,7000,7,3,6500,100,False,100,70.0,65.0,5.0,Low Discount,Low Stock,Affordable,Light,Bulk Pack,2562
"Meats, Fish & Eggs",Ching's Chicken Chilli Masala,1000,0,6,1000,20,False,20,10.0,10.0,0.0,No Discount,In Stock,Budget,Light,Bulk Pack,2563
"Meats, Fish & Eggs",Fresh Chicken Whole Leg - Skinless (Halal),16500,4,1,15700,500,False,500,165.0,157.0,8.0,Low Discount,Low Stock,Affordable,Medium,Bulk Pack,2564
"Meats, Fish & Eggs",Ceres Foods Fish Mustard Instant Liquid Masala,22000,50,6,11000,200,False,200,220.0,110.0,110.0,Very High Discount,In Stock,Affordable,Light,Bulk Pack,2565
"Meats, Fish & Eggs",TGFC Tilapia Curry Cut,25900,43,1,14700,500,False,500,259.0,147.0,112.0,Very High Discount,Low Stock,Affordable,Medium,Bulk Pack,2566
"Meats, Fish & Eggs",Godrej Yummiez Chicken Lucknowi Seekh Kebab,26000,10,4,23400,400,False,400,260.0,234.0,26.0,Low Discount,Low Stock,Mid-Range,Medium,Bulk Pack,2567
"Meats, Fish & Eggs",Godrej Real Good Marinated Hot & Grill Chicken,24500,9,2,22100,450,False,450,245.0,221.0,24.0,Low Discount,Low Stock,Mid-Range,Medium,Bulk Pack,2568
"Meats, Fish & Eggs",Everest Meat Masala Powder,7400,9,3,6700,100,False,100,74.0,67.0,7.0,Low Discount,Low Stock,Affordable,Light,Bulk Pack,2569
"Meats, Fish & Eggs",Suguna Heart- Omega3,7200,13,4,6200,348,False,6,72.0,62.0,10.0,Medium Discount,Low Stock,Affordable,Medium,Large Pack,2570
"Meats, Fish & Eggs",Everest Powder - Egg Curry Masala,4000,2,6,3900,50,False,50,40.0,39.0,1.0,Low Discount,In Stock,Budget,Light,Bulk Pack,2571
"Meats, Fish & Eggs",TGFC Chicken Boneless Fresh Whole,26100,14,1,22200,500,False,500,261.0,222.0,39.0,Medium Discount,Low Stock,Mid-Range,Medium,Bulk Pack,2572
"Meats, Fish & Eggs",Zorabian Chicken Smoked Ham,20500,5,1,19400,250,False,250,205.0,194.0,11.0,Low Discount,Low Stock,Affordable,Light,Bulk Pack,2573
"Meats, Fish & Eggs",Suguna Fit Egg,12000,43,4,6800,348,False,6,120.0,68.0,52.0,Very High Discount,Low Stock,Affordable,Medium,Large Pack,2574
"Meats, Fish & Eggs",Everest Tandoori Chicken Masala,3900,2,5,3800,50,False,50,39.0,38.0,1.0,Low Discount,Low Stock,Budget,Light,Bulk Pack,2575
"Meats, Fish & Eggs",Godrej Yummiez Chilli Chicken Sausages ,16000,10,3,14400,250,False,250,160.0,144.0,16.0,Low Discount,Low Stock,Affordable,Light,Bulk Pack,2576
"Meats, Fish & Eggs",Godrej Yummiez Chicken Punjabi Tikka ,29500,9,6,26600,360,False,360,295.0,266.0,29.0,Low Discount,In Stock,Mid-Range,Medium,Bulk Pack,2577
"Meats, Fish & Eggs",Eastern Fish Masala,4800,2,5,4700,100,False,100,48.0,47.0,1.0,Low Discount,Low Stock,Budget,Light,Bulk Pack,2578
"Meats, Fish & Eggs",TGFC Catla Bengali Cut,29000,29,1,20400,500,False,500,290.0,204.0,86.0,High Discount,Low Stock,Mid-Range,Medium,Bulk Pack,2579
"Meats, Fish & Eggs",Godrej Real Good Chicken Leg Boneless,27500,9,3,24800,450,False,450,275.0,248.0,27.0,Low Discount,Low Stock,Mid-Range,Medium,Bulk Pack,2580
"Meats, Fish & Eggs",TGFC Rohu Bengali Cut,24900,28,1,17900,500,False,500,249.0,179.0,70.0,High Discount,Low Stock,Affordable,Medium,Bulk Pack,2581
"Meats, Fish & Eggs",Godrej Real Good Chicken Lollypop,17500,9,1,15800,580,False,10,175.0,158.0,17.0,Low Discount,Low Stock,Affordable,Heavy,Large Pack,2582
"Meats, Fish & Eggs",Godrej Real Good Chicken Liver Sealed ,7500,9,1,6800,200,False,200,75.0,68.0,7.0,Low Discount,Low Stock,Affordable,Light,Bulk Pack,2583
"Meats, Fish & Eggs",Everest Tandoori Chicken Masala,7400,9,3,6700,100,False,100,74.0,67.0,7.0,Low Discount,Low Stock,Affordable,Light,Bulk Pack,2584
"Meats, Fish & Eggs",Fresh Mutton Mince - Kheema (Halal),51500,3,1,49500,500,False,500,515.0,495.0,20.0,Low Discount,Low Stock,Mid-Range,Medium,Bulk Pack,2585
"Meats, Fish & Eggs",Fresh Mutton Curry Cut Cubes (Halal),46500,4,1,44200,500,False,500,465.0,442.0,23.0,Low Discount,Low Stock,Mid-Range,Medium,Bulk Pack,2586
"Meats, Fish & Eggs",Ceres Foods Laal Maas Instant Liquid Masala,22000,50,5,11000,200,False,200,220.0,110.0,110.0,Very High Discount,Low Stock,Affordable,Light,Bulk Pack,2587
"Meats, Fish & Eggs",Godrej Real Good Chicken Legs ,21000,10,1,18900,116,False,2,210.0,189.0,21.0,Low Discount,Low Stock,Affordable,Light,Small Pack,2588
"Meats, Fish & Eggs",Yummiez Chicken Breakfast Sausages,15000,0,3,15000,250,False,250,150.0,150.0,0.0,No Discount,Low Stock,Affordable,Light,Bulk Pack,2589
"Meats, Fish & Eggs",TGFC Basa Fillets,32900,24,1,24700,500,False,500,329.0,247.0,82.0,Medium Discount,Low Stock,Mid-Range,Medium,Bulk Pack,2590
"Meats, Fish & Eggs",Zorabian Chicken Legs Skinless,21000,0,1,21000,450,False,450,210.0,210.0,0.0,No Discount,Low Stock,Mid-Range,Medium,Bulk Pack,2591
"Meats, Fish & Eggs",Ceres Foods Nalli Nihari Instant Liquid Masala,22000,50,6,11000,200,False,200,220.0,110.0,110.0,Very High Discount,In Stock,Affordable,Light,Bulk Pack,2592
"Meats, Fish & Eggs",Yummiez Chicken Garlic Fingers Pouch,25000,0,5,25000,400,False,400,250.0,250.0,0.0,No Discount,Low Stock,Mid-Range,Medium,Bulk Pack,2593
"Meats, Fish & Eggs",Suhana Spice Mix - Chicken Biryani,6600,0,6,6600,50,False,50,66.0,66.0,0.0,No Discount,In Stock,Affordable,Light,Bulk Pack,2594
"Meats, Fish & Eggs",Suguna Nourish Egg,6200,0,0,6200,696,True,12,62.0,62.0,0.0,No Discount,Out of Stock,Affordable,Heavy,Bulk Pack,2595
"Meats, Fish & Eggs",Fresh Chicken Curry Cut - Skinless (Halal),14000,0,0,14000,500,True,500,140.0,140.0,0.0,No Discount,Out of Stock,Affordable,Medium,Bulk Pack,2596
"Meats, Fish & Eggs",Zorabian Chicken Breast Boneless ,14500,0,0,14500,450,True,450,145.0,145.0,0.0,No Discount,Out of Stock,Affordable,Medium,Bulk Pack,2597
"Meats, Fish & Eggs",Zorabian Chicken Kheema Parathas,19000,0,0,19000,300,True,300,190.0,190.0,0.0,No Discount,Out of Stock,Affordable,Medium,Bulk Pack,2598
"Meats, Fish & Eggs",Fresh Chicken Mince - Kheema (Halal),21500,5,0,20400,500,True,500,215.0,204.0,11.0,Low Discount,Out of Stock,Mid-Range,Medium,Bulk Pack,2599
"Meats, Fish & Eggs",Godrej Real Good Chicken Boneless Cubes ,27500,9,0,24800,450,True,450,275.0,248.0,27.0,Low Discount,Out of Stock,Mid-Range,Medium,Bulk Pack,2600
"Meats, Fish & Eggs",Suguna Vitamin D Egg,7500,17,0,6200,348,True,6,75.0,62.0,13.0,Medium Discount,Out of Stock,Affordable,Medium,Large Pack,2601
"Meats, Fish & Eggs",Suguna Nourish Egg ,7200,16,0,6000,348,True,6,72.0,60.0,12.0,Medium Discount,Out of Stock,Affordable,Medium,Large Pack,2602
"Meats, Fish & Eggs",Zorabian Chicken Mince,25000,0,0,25000,450,True,450,250.0,250.0,0.0,No Discount,Out of Stock,Mid-Range,Medium,Bulk Pack,2603
"Meats, Fish & Eggs",Zorabian Chicken Leg Boneless ,25000,0,0,25000,450,True,450,250.0,250.0,0.0,No Discount,Out of Stock,Mid-Range,Medium,Bulk Pack,2604
"Meats, Fish & Eggs",Godrej Yummiez Chicken Breakfast Salami,15000,4,0,14300,250,True,250,150.0,143.0,7.0,Low Discount,Out of Stock,Affordable,Light,Bulk Pack,2605
"Meats, Fish & Eggs",Zorabian Chicken Cubes,27000,0,0,27000,500,True,500,270.0,270.0,0.0,No Discount,Out of Stock,Mid-Range,Medium,Bulk Pack,2606
Biscuits,Britannia Good Day Cashew Cookies,1000,0,6,1000,60,False,58,10.0,10.0,0.0,No Discount,In Stock,Budget,Light,Bulk Pack,2607
Biscuits,Britannia 50-50 Maska Chaska Biscuits,3200,3,6,3100,120,False,120,32.0,31.0,1.0,Low Discount,In Stock,Budget,Light,Bulk Pack,2608
Biscuits,Dukes Waffy Chocolate Wafers,4500,51,4,2200,60,False,75,45.0,22.0,23.0,Very High Discount,Low Stock,Budget,Light,Bulk Pack,2609
Biscuits,Britannia Nutri Choice Digestive Biscuit,4500,0,1,4500,200,False,150,45.0,45.0,0.0,No Discount,Low Stock,Budget,Light,Bulk Pack,2610
Biscuits,Britannia Goodday Chocochip Cookies,12000,17,5,9900,400,False,400,120.0,99.0,21.0,Medium Discount,Low Stock,Affordable,Medium,Bulk Pack,2611
Biscuits,Britannia Good Day Pista Badam,4500,2,1,4400,200,False,200,45.0,44.0,1.0,Low Discount,Low Stock,Budget,Light,Bulk Pack,2612
Biscuits,Cadbury Chocobakes Chocolate Filled Cookies ,3000,0,5,3000,75,False,75,30.0,30.0,0.0,No Discount,Low Stock,Budget,Light,Bulk Pack,2613
Biscuits,Dukes Waffy Strawberry Roll,15000,50,3,7500,250,False,250,150.0,75.0,75.0,Very High Discount,Low Stock,Affordable,Light,Bulk Pack,2614
Biscuits,Parle Monaco Classic Salty Biscuits,7000,0,4,7000,400,False,400,70.0,70.0,0.0,No Discount,Low Stock,Affordable,Medium,Bulk Pack,2615
Biscuits,Dukes Waffy Orange Wafers,4500,51,5,2200,60,False,75,45.0,22.0,23.0,Very High Discount,Low Stock,Budget,Light,Bulk Pack,2616
Biscuits,Britannia Good Day Pista Badam,2000,0,6,2000,100,False,100,20.0,20.0,0.0,No Discount,In Stock,Budget,Light,Bulk Pack,2617
Biscuits,Britannia Milk Bikis Biscuits Packet,2000,0,3,2000,200,False,200,20.0,20.0,0.0,No Discount,Low Stock,Budget,Light,Bulk Pack,2618
Biscuits,Britannia Toastea (Premium Bake Rusk),6500,0,6,6500,400,False,400,65.0,65.0,0.0,No Discount,In Stock,Affordable,Medium,Bulk Pack,2619
Biscuits,Dukes Waffy Strawberry Wafers,4500,51,2,2200,60,False,75,45.0,22.0,23.0,Very High Discount,Low Stock,Budget,Light,Bulk Pack,2620
Biscuits,Britannia Toastea Premium Bake Rusk,3500,0,3,3500,182,False,182,35.0,35.0,0.0,No Discount,Low Stock,Budget,Light,Bulk Pack,2621
Biscuits,Lotte Choco Pie ,8000,10,3,7200,168,False,168,80.0,72.0,8.0,Low Discount,Low Stock,Affordable,Light,Bulk Pack,2622
Biscuits,Bauli Moonfils Choco Veg Puff Roll,1500,0,2,1500,45,False,45,15.0,15.0,0.0,No Discount,Low Stock,Budget,Light,Bulk Pack,2623
Biscuits,Sunfeast Dark Fantasy Choco Fills Cookies Packet,15000,15,3,12700,300,False,300,150.0,127.0,23.0,Medium Discount,Low Stock,Affordable,Medium,Bulk Pack,2624
Biscuits,Britannia 50-50 Maska Chaska Biscuit,7500,10,6,6750,300,False,300,75.0,67.5,7.5,Low Discount,In Stock,Affordable,Medium,Bulk Pack,2625
Biscuits,Britannnia 50-50 Sweet & Salty Biscuit,2500,0,4,2500,200,False,200,25.0,25.0,0.0,No Discount,Low Stock,Budget,Light,Bulk Pack,2626
Biscuits,Britannia Good Day Chunky Cookies,5000,15,6,4250,120,False,120,50.0,42.5,7.5,Medium Discount,In Stock,Budget,Light,Bulk Pack,2627
Biscuits,Sunfeast Marie Light,2300,13,1,2000,200,False,200,23.0,20.0,3.0,Medium Discount,Low Stock,Budget,Light,Bulk Pack,2628
Biscuits,Britannia Bourbon Biscuit Buy 4 Get 1 Free,8000,10,2,7200,500,False,500,80.0,72.0,8.0,Low Discount,Low Stock,Affordable,Medium,Bulk Pack,2629
Biscuits,The Bake Shop Whole Wheat Oats Khari,6500,6,5,6100,200,False,200,65.0,61.0,4.0,Low Discount,Low Stock,Affordable,Light,Bulk Pack,2630
Biscuits,Britannia Nutri Choice Oats Milk Almond Biscuit,2500,10,6,2250,75,False,75,25.0,22.5,2.5,Low Discount,In Stock,Budget,Light,Bulk Pack,2631
Biscuits,Sunfeast Dark Fantasy Choco Creme,8000,27,4,5800,300,False,300,80.0,58.0,22.0,High Discount,Low Stock,Affordable,Medium,Bulk Pack,2632
Biscuits,Lotte Choco Pie Chocolate Cake,2500,0,6,2500,56,False,56,25.0,25.0,0.0,No Discount,In Stock,Budget,Light,Bulk Pack,2633
Biscuits,Sunfeast Mom's Magic Cashew & Almond Cookies Packet,3000,10,3,2700,200,False,200,30.0,27.0,3.0,Low Discount,Low Stock,Budget,Light,Bulk Pack,2634
Biscuits,Unibic SugarFree - Oatmeal Cookies,5000,16,3,4200,75,False,75,50.0,42.0,8.0,Medium Discount,Low Stock,Budget,Light,Bulk Pack,2635
Biscuits,Parle Hide & Seek Cookies With Added Almonds,3000,3,1,2900,100,False,100,30.0,29.0,1.0,Low Discount,Low Stock,Budget,Light,Bulk Pack,2636
Biscuits,Unibic Fruit & Nut Cookies,2500,8,3,2300,67,False,67,25.0,23.0,2.0,Low Discount,Low Stock,Budget,Light,Bulk Pack,2637
Biscuits,Sunfeast Yumfills Whoopie Pie,14000,25,5,10500,253,False,276,140.0,105.0,35.0,Medium Discount,Low Stock,Affordable,Medium,Bulk Pack,2638
Biscuits,Britannia Toastea Premium Bake Rusk,11000,14,1,9400,700,False,700,110.0,94.0,16.0,Medium Discount,Low Stock,Affordable,Heavy,Bulk Pack,2639
Biscuits,McVitie's Marie biscuits with Goodness of Calcium,3000,0,6,3000,250,False,250,30.0,30.0,0.0,No Discount,In Stock,Budget,Light,Bulk Pack,2640
Biscuits,Britannia Treat Croissant Vanilla Creme Roll,2000,10,2,1800,47,False,47,20.0,18.0,2.0,Low Discount,Low Stock,Budget,Light,Bulk Pack,2641
Biscuits,Unibic Honey Oatmeal Cookies,2500,8,6,2300,75,False,75,25.0,23.0,2.0,Low Discount,In Stock,Budget,Light,Bulk Pack,2642
Biscuits,Britannia Good Day Choco Chip Cookies,3000,3,6,2900,100,False,100,30.0,29.0,1.0,Low Discount,In Stock,Budget,Light,Bulk Pack,2643
Biscuits,The Bake Shop Masala Cheese Crackers,9500,6,3,8900,100,False,100,95.0,89.0,6.0,Low Discount,Low Stock,Affordable,Light,Bulk Pack,2644
Biscuits,Britannia Pure Magic Vanilla Creme Biscuit,3500,17,4,2900,100,False,100,35.0,29.0,6.0,Medium Discount,Low Stock,Budget,Light,Bulk Pack,2645
Biscuits,Open Secret Assorted Story Box,10500,22,4,8100,75,False,75,105.0,81.0,24.0,Medium Discount,Low Stock,Affordable,Light,Bulk Pack,2646
Biscuits,Cadbury Oreo Dipped Biscuit,7000,10,1,6300,150,False,150,70.0,63.0,7.0,Low Discount,Low Stock,Affordable,Light,Bulk Pack,2647
Biscuits,Sunfeast Farmlite Oats & Almonds Biscuits Packet,6000,10,3,5400,150,False,150,60.0,54.0,6.0,Low Discount,Low Stock,Affordable,Light,Bulk Pack,2648
Biscuits,Unibic SugarFree - Butter Cookies,5000,16,6,4200,75,False,75,50.0,42.0,8.0,Medium Discount,In Stock,Budget,Light,Bulk Pack,2649
Biscuits,Britannia Good Day Cashew Cookies Packet,12000,12,6,10560,600,False,600,120.0,105.6,14.400000000000006,Medium Discount,In Stock,Affordable,Heavy,Bulk Pack,2650
Biscuits,Dukes Sour & Cream Onion Nibbles Baked,5500,25,3,4100,150,False,150,55.0,41.0,14.0,Medium Discount,Low Stock,Budget,Light,Bulk Pack,2651
Biscuits,Britannia Treat Croissant Vanilla Creme Roll,2000,0,6,2000,47,False,47,20.0,20.0,0.0,No Discount,In Stock,Budget,Light,Bulk Pack,2652
Biscuits,Parle Hide & Seek Choco Rolls,5000,2,4,4900,120,False,120,50.0,49.0,1.0,Low Discount,Low Stock,Budget,Light,Bulk Pack,2653
Biscuits,Britannia Treat Creme Wafers - Vanilla,4500,11,6,4000,60,False,1,45.0,40.0,5.0,Medium Discount,In Stock,Budget,Light,Single,2654
Biscuits,Parle Rusk Elaichi,4800,2,6,4700,300,False,300,48.0,47.0,1.0,Low Discount,In Stock,Budget,Medium,Bulk Pack,2655
Biscuits,Lotte Choco Pie ,14000,6,2,13100,336,False,336,140.0,131.0,9.0,Low Discount,Low Stock,Affordable,Medium,Bulk Pack,2656
Biscuits,Sunfeast Mom's Magic Cashew & Almond Biscuits,12000,15,6,10200,600,False,600,120.0,102.0,18.0,Medium Discount,In Stock,Affordable,Heavy,Bulk Pack,2657
Biscuits,Unibic Cashew Cookies,2500,8,6,2300,75,False,75,25.0,23.0,2.0,Low Discount,In Stock,Budget,Light,Bulk Pack,2658
Biscuits,Parle Monaco Jeffs Zeera Biscuit,6000,10,4,5400,200,False,200,60.0,54.0,6.0,Low Discount,Low Stock,Affordable,Light,Bulk Pack,2659
Biscuits,"Unibic Snack Bar - Multigrain, Choco",4000,17,6,3300,30,False,30,40.0,33.0,7.0,Medium Discount,In Stock,Budget,Light,Bulk Pack,2660
Biscuits,The Bake Shop Methi Khari Simply Delicious,6500,6,2,6100,200,False,200,65.0,61.0,4.0,Low Discount,Low Stock,Affordable,Light,Bulk Pack,2661
Biscuits,Britannia Treat Jimjam Family Pack (Buy 4 Get 1 Free),10000,0,6,10000,500,False,500,100.0,100.0,0.0,No Discount,In Stock,Affordable,Medium,Bulk Pack,2662
Biscuits,Open Secret Choco Almond Tiffin Pack,3500,22,3,2700,25,False,25,35.0,27.0,8.0,Medium Discount,Low Stock,Budget,Light,Bulk Pack,2663
Biscuits,Lotte Choco Pie ,15000,20,6,12000,696,False,12,150.0,120.0,30.0,Medium Discount,In Stock,Affordable,Heavy,Bulk Pack,2664
Biscuits,Baker Street Suji Rusk Large Pack,3000,10,6,2700,200,False,200,30.0,27.0,3.0,Low Discount,In Stock,Budget,Light,Bulk Pack,2665
Biscuits,Parle Hide & Seek Choco Rolls,3000,0,1,3000,75,False,75,30.0,30.0,0.0,No Discount,Low Stock,Budget,Light,Bulk Pack,2666
Biscuits,Sunfeast Dark Fantasy Vanilla Creme,8000,15,6,6800,300,False,300,80.0,68.0,12.0,Medium Discount,In Stock,Affordable,Medium,Bulk Pack,2667
Biscuits,Britannia Treat Burst Choco Creme Fills,3000,0,3,3000,120,False,120,30.0,30.0,0.0,No Discount,Low Stock,Budget,Light,Bulk Pack,2668
Biscuits,Parle Milano Mixed Berries Cookies,3500,2,3,3400,75,False,75,35.0,34.0,1.0,Low Discount,Low Stock,Budget,Light,Bulk Pack,2669
Biscuits,Karachi Bakery Cashew Biscuits ,21000,5,4,19900,400,False,400,210.0,199.0,11.0,Low Discount,Low Stock,Affordable,Medium,Bulk Pack,2670
Biscuits,Britannia Pure Magic Choco Lush Cookies,12000,20,4,9600,300,False,300,120.0,96.0,24.0,Medium Discount,Low Stock,Affordable,Medium,Bulk Pack,2671
Biscuits,Britannia Treart Creme Wafers Chocolate,4500,11,6,4000,60,False,1,45.0,40.0,5.0,Medium Discount,In Stock,Budget,Light,Single,2672
Biscuits,Unibic Daily Digestive (Multigrain Cookies),3000,6,6,2800,75,False,75,30.0,28.0,2.0,Low Discount,In Stock,Budget,Light,Bulk Pack,2673
Biscuits,Cadbury Chocobakes Choc Filled Cookies,6000,0,6,6000,150,False,150,60.0,60.0,0.0,No Discount,In Stock,Affordable,Light,Bulk Pack,2674
Biscuits,The Bake Shop Whole Wheat Multigrain Toast (Rusk),6000,6,2,5600,200,False,200,60.0,56.0,4.0,Low Discount,Low Stock,Affordable,Light,Bulk Pack,2675
Biscuits,Unibic Choco Kiss Cookies,4500,15,5,3800,75,False,75,45.0,38.0,7.0,Medium Discount,Low Stock,Budget,Light,Bulk Pack,2676
Biscuits,Britannia Treat Creme Wafers - Orange,4500,11,6,4000,60,False,60,45.0,40.0,5.0,Medium Discount,In Stock,Budget,Light,Bulk Pack,2677
Biscuits,Bauli Moonfills Pack of 4,6000,10,6,5400,180,False,190,60.0,54.0,6.0,Low Discount,In Stock,Affordable,Light,Bulk Pack,2678
Biscuits,Unibic Oatmeal Digestive Cookies ,5000,6,6,4700,150,False,150,50.0,47.0,3.0,Low Discount,In Stock,Budget,Light,Bulk Pack,2679
Biscuits,Orion Choco Pie - Chocolate Coated Soft Biscuit,15000,25,2,11200,336,False,336,150.0,112.0,38.0,Medium Discount,Low Stock,Affordable,Medium,Bulk Pack,2680
Biscuits,Britannia Good Day Cashew Cookies Pack Of 6,12000,10,6,10800,120,False,120,120.0,108.0,12.0,Low Discount,In Stock,Affordable,Light,Bulk Pack,2681
Biscuits,Parle Fab Bourbon,3000,0,3,3000,150,False,150,30.0,30.0,0.0,No Discount,Low Stock,Budget,Light,Bulk Pack,2682
Biscuits,Open Secret White Choco Tiffin Pack,3500,22,1,2700,25,False,25,35.0,27.0,8.0,Medium Discount,Low Stock,Budget,Light,Bulk Pack,2683
Biscuits,The Bake Shop Whole Wheat Bread Sticks,6000,6,1,5600,100,False,100,60.0,56.0,4.0,Low Discount,Low Stock,Affordable,Light,Bulk Pack,2684
Biscuits,Unibic Assorted Cookies ,14900,8,6,13700,450,False,450,149.0,137.0,12.0,Low Discount,In Stock,Affordable,Medium,Bulk Pack,2685
Biscuits,The Bake Shop Milk & Raisin Toast (Rusk),6000,6,4,5600,200,False,200,60.0,56.0,4.0,Low Discount,Low Stock,Affordable,Light,Bulk Pack,2686
Biscuits,Lotte Choco Pie Cocoa Pie,9000,10,6,8100,168,False,168,90.0,81.0,9.0,Low Discount,In Stock,Affordable,Light,Bulk Pack,2687
Biscuits,Bauli Moonfils Veg - Strawberry,1500,0,5,1500,45,False,47,15.0,15.0,0.0,No Discount,Low Stock,Budget,Light,Bulk Pack,2688
Biscuits,The Bake Shop Masala Lavash,7500,6,6,7000,100,False,200,75.0,70.0,5.0,Low Discount,In Stock,Affordable,Light,Bulk Pack,2689
Biscuits,Britannia Good Day Nut Cookies,3000,0,6,3000,120,False,120,30.0,30.0,0.0,No Discount,In Stock,Budget,Light,Bulk Pack,2690
Biscuits,Sunfeast Mom's Magic Rich Butter Cookies,3000,10,6,2700,200,False,200,30.0,27.0,3.0,Low Discount,In Stock,Budget,Light,Bulk Pack,2691
Biscuits,The Bake Shop Whole Wheat Toast (Rusk) ,6000,6,4,5600,200,False,200,60.0,56.0,4.0,Low Discount,Low Stock,Affordable,Light,Bulk Pack,2692
Biscuits,Open Secret Peanut Butter Story Box,10500,22,6,8100,75,False,75,105.0,81.0,24.0,Medium Discount,In Stock,Affordable,Light,Bulk Pack,2693
Biscuits,Open Secret White Choco Story Box,10500,22,6,8100,75,False,75,105.0,81.0,24.0,Medium Discount,In Stock,Affordable,Light,Bulk Pack,2694
Biscuits,The Bake Shop Whole Wheat Multigrain Lavash,7500,6,3,7000,100,False,200,75.0,70.0,5.0,Low Discount,Low Stock,Affordable,Light,Bulk Pack,2695
Biscuits,McVitie's Oat Cookies,4500,0,2,4500,120,False,120,45.0,45.0,0.0,No Discount,Low Stock,Budget,Light,Bulk Pack,2696
Biscuits,Britannia Tiger Krunch Biscuits,12000,0,4,12000,400,False,400,120.0,120.0,0.0,No Discount,Low Stock,Affordable,Medium,Bulk Pack,2697
Biscuits,McVitie's Butter Cookies,3000,10,6,2700,200,False,200,30.0,27.0,3.0,Low Discount,In Stock,Budget,Light,Bulk Pack,2698
Biscuits,Bauli Moonfils Strawberry,1500,0,5,1500,45,False,45,15.0,15.0,0.0,No Discount,Low Stock,Budget,Light,Bulk Pack,2699
Biscuits,Britannia Good Day Butter Cookies,8000,10,6,7200,600,False,600,80.0,72.0,8.0,Low Discount,In Stock,Affordable,Heavy,Bulk Pack,2700
Biscuits,Parle Hide & Seek Choco Rolls,6000,0,1,6000,120,False,120,60.0,60.0,0.0,No Discount,Low Stock,Affordable,Light,Bulk Pack,2701
Biscuits,The Bake Shop Jeera Ajwain Bread Sticks,6000,6,6,5600,100,False,100,60.0,56.0,4.0,Low Discount,In Stock,Affordable,Light,Bulk Pack,2702
Biscuits,Parle Fab!o Vanilla Creme Sandwich Biscuit,3000,3,6,2900,120,False,120,30.0,29.0,1.0,Low Discount,In Stock,Budget,Light,Bulk Pack,2703
Biscuits,Sunfeast Farmlite Nuts Digestive,7000,11,6,6200,250,False,250,70.0,62.0,8.0,Medium Discount,In Stock,Affordable,Light,Bulk Pack,2704
Biscuits,Britannia Pure Magic - Chocolush,3500,2,6,3400,100,False,100,35.0,34.0,1.0,Low Discount,In Stock,Budget,Light,Bulk Pack,2705
Biscuits,The Bake Shop Maska & Multigrain Cheese Crackers,13000,10,3,11600,100,False,150,130.0,116.0,14.0,Low Discount,Low Stock,Affordable,Light,Bulk Pack,2706
Biscuits,Britannia Nutri Choice Ragi Cookies,7000,10,6,6300,150,False,150,70.0,63.0,7.0,Low Discount,In Stock,Affordable,Light,Bulk Pack,2707
Biscuits,Sunfeast Farmlite 5 Seed Digestive,6000,0,2,6000,250,False,250,60.0,60.0,0.0,No Discount,Low Stock,Affordable,Light,Bulk Pack,2708
Biscuits,Dukes Nibbles - Ranch Crackers,5000,0,6,5000,150,False,150,50.0,50.0,0.0,No Discount,In Stock,Budget,Light,Bulk Pack,2709
Biscuits,Danish Butter Cookies,35000,0,1,35000,400,False,400,350.0,350.0,0.0,No Discount,Low Stock,Mid-Range,Medium,Bulk Pack,2710
Biscuits,The Bake Shop Sesame Seed Crackers,13000,10,4,11600,100,False,150,130.0,116.0,14.0,Low Discount,Low Stock,Affordable,Light,Bulk Pack,2711
Biscuits,Good Day Butter Cookies,1000,0,0,1000,75,True,75,10.0,10.0,0.0,No Discount,Out of Stock,Budget,Light,Bulk Pack,2712
Biscuits,Britannia Marie Gold Biscuits Packet,3000,0,0,3000,250,True,250,30.0,30.0,0.0,No Discount,Out of Stock,Budget,Light,Bulk Pack,2713
Biscuits,Britannia Good Day Cashew Cookies,2000,0,0,2000,100,True,100,20.0,20.0,0.0,No Discount,Out of Stock,Budget,Light,Bulk Pack,2714
Biscuits,Sunfeast Dark Fantasy Choco Fills,3500,8,0,3200,75,True,75,35.0,32.0,3.0,Low Discount,Out of Stock,Budget,Light,Bulk Pack,2715
Biscuits,Britannia Nutri Choice Digestive Biscuits Packet,2500,0,0,2500,100,True,100,25.0,25.0,0.0,No Discount,Out of Stock,Budget,Light,Bulk Pack,2716
Biscuits,Britannia Classic Little Hearts ,2500,0,0,2500,75,True,75,25.0,25.0,0.0,No Discount,Out of Stock,Budget,Light,Bulk Pack,2717
Biscuits,Britannia Good Day Cashew Cookies Packet,4000,5,0,3800,200,True,200,40.0,38.0,2.0,Low Discount,Out of Stock,Budget,Light,Bulk Pack,2718
Biscuits,Britannia Nice Time Biscuit,2500,0,0,2500,150,True,150,25.0,25.0,0.0,No Discount,Out of Stock,Budget,Light,Bulk Pack,2719
Biscuits,Britannia Milk Bikis Cream Biscuit,4500,0,0,4500,200,True,200,45.0,45.0,0.0,No Discount,Out of Stock,Budget,Light,Bulk Pack,2720
Biscuits,Britannia Bourbon Chocolate Cream Biscuits,3500,2,0,3400,150,True,150,35.0,34.0,1.0,Low Discount,Out of Stock,Budget,Light,Bulk Pack,2721
Biscuits,Dukes Waffy Chocolate Wafer Rolls ,15000,50,0,7500,250,True,250,150.0,75.0,75.0,Very High Discount,Out of Stock,Affordable,Light,Bulk Pack,2722
Biscuits,Britannia Milk Bikis Milky Sandwich,2500,0,0,2500,120,True,120,25.0,25.0,0.0,No Discount,Out of Stock,Budget,Light,Bulk Pack,2723
Biscuits,Britannia Marie Gold Biscuit,2800,0,0,2800,200,True,200,28.0,28.0,0.0,No Discount,Out of Stock,Budget,Light,Bulk Pack,2724
Biscuits,Britannia Marie Gold (Buy 4 Get 1 Free),8000,0,0,8000,600,True,600,80.0,80.0,0.0,No Discount,Out of Stock,Affordable,Heavy,Bulk Pack,2725
Biscuits,Britannia 50-50 Maska Chaska Biscuit,1000,0,0,1000,46,True,45,10.0,10.0,0.0,No Discount,Out of Stock,Budget,Light,Bulk Pack,2726
Biscuits,Unibic Choco Nut Cookies,2500,8,0,2300,75,True,75,25.0,23.0,2.0,Low Discount,Out of Stock,Budget,Light,Bulk Pack,2727
Biscuits,Britannia Vita Marie Gold Biscuit,4500,0,0,4500,300,True,300,45.0,45.0,0.0,No Discount,Out of Stock,Budget,Medium,Bulk Pack,2728
Biscuits,The Bake Shop Maska Khari,6500,6,0,6100,200,True,100,65.0,61.0,4.0,Low Discount,Out of Stock,Affordable,Light,Bulk Pack,2729
Biscuits,Parle Fab! Jam-In Cream Filled ,3500,2,0,3400,150,True,150,35.0,34.0,1.0,Low Discount,Out of Stock,Budget,Light,Bulk Pack,2730
Biscuits,Sunfeast Nice Biscuit,2500,12,0,2200,150,True,150,25.0,22.0,3.0,Medium Discount,Out of Stock,Budget,Light,Bulk Pack,2731
Biscuits,Britannia Nutrichoice 5 Grain Digestive Biscuits,7500,0,0,7500,200,True,200,75.0,75.0,0.0,No Discount,Out of Stock,Affordable,Light,Bulk Pack,2732
Biscuits,Cadbury Oreo Strawberry Bicuits,3000,3,0,2900,120,True,120,30.0,29.0,1.0,Low Discount,Out of Stock,Budget,Light,Bulk Pack,2733
Biscuits,Sunfeast Mom's Magic Cashew & Almond Biscuit,1000,0,0,1000,60,True,60,10.0,10.0,0.0,No Discount,Out of Stock,Budget,Light,Bulk Pack,2734
Biscuits,Britannia Roll Yo! Strawberry Swiss Roll,1000,0,0,1000,28,True,28,10.0,10.0,0.0,No Discount,Out of Stock,Budget,Light,Bulk Pack,2735
Biscuits,Bauli Moonfils Choco Cream (With Egg),1500,0,0,1500,45,True,45,15.0,15.0,0.0,No Discount,Out of Stock,Budget,Light,Bulk Pack,2736
Biscuits,Britannia Nutri Choice Oats Choco Almond Biscuit,2500,10,0,2250,100,True,75,25.0,22.5,2.5,Low Discount,Out of Stock,Budget,Light,Bulk Pack,2737
Biscuits,Britannia Nutri Choice Cracker Sugar Free Biscuit,3500,0,0,3500,300,True,300,35.0,35.0,0.0,No Discount,Out of Stock,Budget,Medium,Bulk Pack,2738
Biscuits,Cadbury Oreo Chocolatey Sandwich Biscuits Family Pack,8000,0,0,8000,300,True,300,80.0,80.0,0.0,No Discount,Out of Stock,Affordable,Medium,Bulk Pack,2739
Biscuits,Bauli Moonfils Orange Puff Roll,1500,0,0,1500,45,True,45,15.0,15.0,0.0,No Discount,Out of Stock,Budget,Light,Bulk Pack,2740
Biscuits,Britannia Treat Jimjam Cream Biscuits ,2500,0,0,2500,100,True,100,25.0,25.0,0.0,No Discount,Out of Stock,Budget,Light,Bulk Pack,2741
Biscuits,Britannia Toastea Premium Bake Rusk,5000,6,0,4700,300,True,300,50.0,47.0,3.0,Low Discount,Out of Stock,Budget,Medium,Bulk Pack,2742
Biscuits,The Bake Shop Jeera Khari,6500,0,0,6500,200,True,200,65.0,65.0,0.0,No Discount,Out of Stock,Affordable,Light,Bulk Pack,2743
Biscuits,"Cadbury Oreo Creme Biscuit - Vanilla, Original 120 g",3000,3,0,2900,120,True,120,30.0,29.0,1.0,Low Discount,Out of Stock,Budget,Light,Bulk Pack,2744
Biscuits,Britannia Good Day Cashew Cookies,23000,25,0,17200,1000,True,1,230.0,172.0,58.0,Medium Discount,Out of Stock,Affordable,Heavy,Single,2745
Biscuits,Bauli Moonfils - Vanilla,1500,0,0,1500,45,True,45,15.0,15.0,0.0,No Discount,Out of Stock,Budget,Light,Bulk Pack,2746
Biscuits,Britannia Roll Yo! Choco Swiss Roll (With Egg),1000,0,0,1000,28,True,28,10.0,10.0,0.0,No Discount,Out of Stock,Budget,Light,Bulk Pack,2747
Biscuits,Britannia Milk Bikis Cream Biscuit,7000,0,0,7000,500,True,500,70.0,70.0,0.0,No Discount,Out of Stock,Affordable,Medium,Bulk Pack,2748
Biscuits,Open Secret Choco Almond Story Box,10500,22,0,8100,75,True,75,105.0,81.0,24.0,Medium Discount,Out of Stock,Affordable,Light,Bulk Pack,2749
Biscuits,Parle Monaco Sixer Salted Biscuits ,6000,10,0,5400,200,True,200,60.0,54.0,6.0,Low Discount,Out of Stock,Affordable,Light,Bulk Pack,2750
Biscuits,Sunfeast Dark Fantasy Bourbon Bliss,3500,17,0,2900,150,True,150,35.0,29.0,6.0,Medium Discount,Out of Stock,Budget,Light,Bulk Pack,2751
Biscuits,Patanjali Atta Doodh Rusk,4000,0,0,4000,300,True,300,40.0,40.0,0.0,No Discount,Out of Stock,Budget,Medium,Bulk Pack,2752
Biscuits,Sunfeast Dark Fantasy Bourbon Bliss,3500,0,0,3500,150,True,150,35.0,35.0,0.0,No Discount,Out of Stock,Budget,Light,Bulk Pack,2753
Personal Care,Clove Sensitive Toothpaste with Anti-Sensitivity & Fluoride Formulation,16000,35,3,10400,80,False,80,160.0,104.0,56.0,High Discount,Low Stock,Affordable,Light,Bulk Pack,2754
Personal Care,Dettol Original Germ Protection Alcohol Based Hand Sanitizer,2500,0,6,2500,50,False,50,25.0,25.0,0.0,No Discount,In Stock,Budget,Light,Bulk Pack,2755
Personal Care,Colgate Visible White Toothpaste,11500,10,6,10300,100,False,100,115.0,103.0,12.0,Low Discount,In Stock,Affordable,Light,Bulk Pack,2756
Personal Care,Dettol SKincare Handwash Value Refill,10900,3,6,10500,750,False,750,109.0,105.0,4.0,Low Discount,In Stock,Affordable,Heavy,Bulk Pack,2757
Personal Care,Savlon Herbal Sensitive Liquid Handwash Refill Pouch,11500,4,6,11000,750,False,500,115.0,110.0,5.0,Low Discount,In Stock,Affordable,Heavy,Bulk Pack,2758
Personal Care,Colgate Total 12 Whole Mouth Protection Toothpaste,12000,10,6,10800,120,False,120,120.0,108.0,12.0,Low Discount,In Stock,Affordable,Light,Bulk Pack,2759
Personal Care,Lux International Creamy White Soap Bar,3500,2,6,3400,75,False,75,35.0,34.0,1.0,Low Discount,In Stock,Budget,Light,Bulk Pack,2760
Personal Care,Colgate Herbal Toothpaste,11400,18,2,9300,200,False,200,114.0,93.0,21.0,Medium Discount,Low Stock,Affordable,Light,Bulk Pack,2761
Personal Care,Nivea Men Deodorant Fresh Active 48h Long lasting Freshness,22500,24,6,16900,150,False,150,225.0,169.0,56.0,Medium Discount,In Stock,Affordable,Light,Bulk Pack,2762
Personal Care,Dabur Meswak Toothpaste,5800,5,6,5500,100,False,100,58.0,55.0,3.0,Low Discount,In Stock,Affordable,Light,Bulk Pack,2763
Personal Care,Colgate Max Fresh Cooling Crystals Toothpaste,10100,5,2,9500,150,False,150,101.0,95.0,6.0,Low Discount,Low Stock,Affordable,Light,Bulk Pack,2764
Personal Care,Indulekha Bhringa Hair Oil,43200,15,6,36700,100,False,100,432.0,367.0,65.0,Medium Discount,In Stock,Mid-Range,Light,Bulk Pack,2765
Personal Care,Colgate Sensitive Soft Bristles Toothbrush,5000,0,6,5000,58,False,1,50.0,50.0,0.0,No Discount,In Stock,Budget,Light,Single,2766
Personal Care,Pears Pure & Gentle Glycerin Bath Soap,7500,0,6,7500,125,False,125,75.0,75.0,0.0,No Discount,In Stock,Affordable,Light,Bulk Pack,2767
Personal Care,Vaseline Skin Protecting Jelly,7900,13,6,6800,50,False,50,79.0,68.0,11.0,Medium Discount,In Stock,Affordable,Light,Bulk Pack,2768
Personal Care,Dettol Original Germ Protection Bathing Soap Bar,16600,5,4,15700,375,False,375,166.0,157.0,9.0,Low Discount,Low Stock,Affordable,Medium,Bulk Pack,2769
Personal Care,Dettol Intense Cool Soap (B4G1),26000,5,6,24700,625,False,625,260.0,247.0,13.0,Low Discount,In Stock,Mid-Range,Heavy,Bulk Pack,2770
Personal Care,Livon Anti-Frizz Serum,25000,10,3,22500,100,False,100,250.0,225.0,25.0,Low Discount,Low Stock,Mid-Range,Light,Bulk Pack,2771
Personal Care,Lifebuoy Germ Protection Care Soap Bar,3000,3,3,2900,100,False,125,30.0,29.0,1.0,Low Discount,Low Stock,Budget,Light,Bulk Pack,2772
Personal Care,Lux International Creamy White Soap Bar,7000,10,6,6300,125,False,125,70.0,63.0,7.0,Low Discount,In Stock,Affordable,Light,Bulk Pack,2773
Personal Care,Godrej Nupur – 100% Pure Henna (Mehendi),1000,0,6,1000,18,False,18,10.0,10.0,0.0,No Discount,In Stock,Budget,Light,Bulk Pack,2774
Personal Care,Glow & Lovely Advanced Multivitamin Face Cream,21300,10,6,19000,110,False,110,213.0,190.0,23.0,Low Discount,In Stock,Affordable,Light,Bulk Pack,2775
Personal Care,Set Wet Style Vertical Hold Hair Gel,5000,10,4,4500,50,False,50,50.0,45.0,5.0,Low Discount,Low Stock,Budget,Light,Bulk Pack,2776
Personal Care,"Godrej Expert Rich Crème, Natural Black",3000,0,6,3000,20,False,20,30.0,30.0,0.0,No Discount,In Stock,Budget,Light,Bulk Pack,2777
Personal Care,Nycil Germ Expert Cool Herbal Talc,13000,8,1,11900,150,False,200,130.0,119.0,11.0,Low Discount,Low Stock,Affordable,Light,Bulk Pack,2778
Personal Care,Godrej Expert Creme Hair Natural Brown Colour ,3000,0,6,3000,20,False,20,30.0,30.0,0.0,No Discount,In Stock,Budget,Light,Bulk Pack,2779
Personal Care,Veet Sensitive Skin Hair Removal Cream,13500,5,6,12800,50,False,50,135.0,128.0,7.0,Low Discount,In Stock,Affordable,Light,Bulk Pack,2780
Personal Care,Closeup Everfresh+ Anti-Germ Gel Toothpaste Red Hot,5000,2,1,4900,80,False,80,50.0,49.0,1.0,Low Discount,Low Stock,Budget,Light,Bulk Pack,2781
Personal Care,Pears Pure And Gentle Value Pack Of 3 Bathing Soap,19900,6,5,18600,375,False,375,199.0,186.0,13.0,Low Discount,Low Stock,Affordable,Medium,Bulk Pack,2782
Personal Care,Gillette Presto Ready Shaver 5 Cartridges ,8800,6,6,8200,290,False,5,88.0,82.0,6.0,Low Discount,In Stock,Affordable,Medium,Medium Pack,2783
Personal Care,Closeup Everfresh+ Anti-Germ Gel Toothpaste Red Hot,16000,10,4,14400,300,False,300,160.0,144.0,16.0,Low Discount,Low Stock,Affordable,Medium,Bulk Pack,2784
Personal Care,"Godrej Expert Rich Crème, Dark Brown",3000,0,4,3000,20,False,20,30.0,30.0,0.0,No Discount,Low Stock,Budget,Light,Bulk Pack,2785
Personal Care,Nivea Soft Light Moisturizer for Face Hand & Body Non-Sticky Cream with Vitamin E & Jojoba Oil ,18500,15,3,15700,100,False,100,185.0,157.0,28.0,Medium Discount,Low Stock,Affordable,Light,Bulk Pack,2786
Personal Care,Fiama Gel Bar Celebration Pack Buy 4 Get 1 Free,29000,10,6,26100,625,False,625,290.0,261.0,29.0,Low Discount,In Stock,Mid-Range,Heavy,Bulk Pack,2787
Personal Care,Gillette Sensitive Shaving Foam,22500,6,4,21000,418,False,418,225.0,210.0,15.0,Low Discount,Low Stock,Mid-Range,Medium,Bulk Pack,2788
Personal Care,Dove Hair Fall Rescue Shampoo,15000,6,5,14100,180,False,180,150.0,141.0,9.0,Low Discount,Low Stock,Affordable,Light,Bulk Pack,2789
Personal Care,Gillette Mach 3 Mens Razor Blades,49900,7,4,46000,232,False,4,499.0,460.0,39.0,Low Discount,Low Stock,Mid-Range,Light,Medium Pack,2790
Personal Care,Palmolive Aroma Absolute Relax Shower Gel,19900,20,2,15900,250,False,250,199.0,159.0,40.0,Medium Discount,Low Stock,Affordable,Light,Bulk Pack,2791
Personal Care,Godrej Protekt Germ Fighter Handwash,9900,0,6,9900,750,False,750,99.0,99.0,0.0,No Discount,In Stock,Affordable,Heavy,Bulk Pack,2792
Personal Care,Dettol Hand Sanitizer,10000,5,6,9500,200,False,200,100.0,95.0,5.0,Low Discount,In Stock,Affordable,Light,Bulk Pack,2793
Personal Care,Dabur Amla Hair Oil,8800,0,2,8800,180,False,180,88.0,88.0,0.0,No Discount,Low Stock,Affordable,Light,Bulk Pack,2794
Personal Care,Dettol Original Liquid Handwash,8900,4,6,8500,200,False,200,89.0,85.0,4.0,Low Discount,In Stock,Affordable,Light,Bulk Pack,2795
Personal Care,L'Oreal Paris Total Repair 5 Conditioner,19900,0,6,19900,192,False,180,199.0,199.0,0.0,No Discount,In Stock,Affordable,Light,Bulk Pack,2796
Personal Care,Patanjali Saundarya Aloe Vera Gel,9000,0,5,9000,150,False,150,90.0,90.0,0.0,No Discount,Low Stock,Affordable,Light,Bulk Pack,2797
Personal Care,Head & Shoulders 2 In 1 Anti Dandruff Shampoo Conditioner ,19500,10,4,17400,180,False,180,195.0,174.0,21.0,Low Discount,Low Stock,Affordable,Light,Bulk Pack,2798
Personal Care,Clean & Clear Pimple Clearing Face Wash,13000,10,2,11700,80,False,80,130.0,117.0,13.0,Low Discount,Low Stock,Affordable,Light,Bulk Pack,2799
Personal Care,Himalaya Anti Dandruff Shampoo,14000,8,2,12800,200,False,200,140.0,128.0,12.0,Low Discount,Low Stock,Affordable,Light,Bulk Pack,2800
Personal Care,Stayfree Secure Dry Cover Regular Sanitary Pad With Wings,3000,3,6,2900,406,False,7,30.0,29.0,1.0,Low Discount,In Stock,Budget,Medium,Large Pack,2801
Personal Care,Savlon Moisture Shield Hand Wash,9900,4,6,9500,750,False,750,99.0,95.0,4.0,Low Discount,In Stock,Affordable,Heavy,Bulk Pack,2802
Personal Care,Dove Intense Repair Conditioner,19000,14,6,16200,175,False,80,190.0,162.0,28.0,Medium Discount,In Stock,Affordable,Light,Bulk Pack,2803
Personal Care,Dabur Gulabari Rose Glow Face Cleanse,7500,5,4,7100,100,False,100,75.0,71.0,4.0,Low Discount,Low Stock,Affordable,Light,Bulk Pack,2804
Personal Care,Parachute Jasmine Hair Oil,8200,9,6,7400,190,False,190,82.0,74.0,8.0,Low Discount,In Stock,Affordable,Light,Bulk Pack,2805
Personal Care,Johnson's Baby Skincare Wipes,7900,6,6,7400,1160,False,20,79.0,74.0,5.0,Low Discount,In Stock,Affordable,Extra Heavy,Bulk Pack,2806
Personal Care,Dettol Skincare Liquid Hand Wash,7900,0,6,7900,200,False,200,79.0,79.0,0.0,No Discount,In Stock,Affordable,Light,Bulk Pack,2807
Personal Care,Old Spice Original Lather Shaving Cream,7500,9,6,6800,70,False,70,75.0,68.0,7.0,Low Discount,In Stock,Affordable,Light,Bulk Pack,2808
Personal Care,Veet Hair Removal Cream Dry Skin,13500,5,5,12800,50,False,50,135.0,128.0,7.0,Low Discount,Low Stock,Affordable,Light,Bulk Pack,2809
Personal Care,L'Oreal Paris Total Repair 5 Shampoo,26500,0,2,26500,396,False,360,265.0,265.0,0.0,No Discount,Low Stock,Mid-Range,Medium,Bulk Pack,2810
Personal Care,Fiama Menthol & Magnolia Cooling Gel Bar Soap,16000,11,6,14100,375,False,375,160.0,141.0,19.0,Medium Discount,In Stock,Affordable,Medium,Bulk Pack,2811
Personal Care,Nivea Lip Balm Original Care for 24h Moisture with Shea Butter & Natural Oils,14000,15,6,11900,5,False,4,140.0,119.0,21.0,Medium Discount,In Stock,Affordable,Light,Medium Pack,2812
Personal Care,Oral-B Charcoal Deep Clean Stain Removal Toothbrush Soft,9900,0,3,9900,232,False,4,99.0,99.0,0.0,No Discount,Low Stock,Affordable,Light,Medium Pack,2813
Personal Care,Neutrogena Ultra Sheer Dry Touch SPF 50+ Sunblock Sunscreen Lotion,25000,10,3,22500,30,False,30,250.0,225.0,25.0,Low Discount,Low Stock,Mid-Range,Light,Bulk Pack,2814
Personal Care,Clinic Plus Strong & Long Health Shampoo,49900,10,3,44900,650,False,650,499.0,449.0,50.0,Low Discount,Low Stock,Mid-Range,Heavy,Bulk Pack,2815
Personal Care,Johnson's Baby No More Tears Baby Shampoo,9800,0,5,9800,100,False,100,98.0,98.0,0.0,No Discount,Low Stock,Affordable,Light,Bulk Pack,2816
Personal Care,Colgate Zig Zag Toothbrush,12000,0,3,12000,348,False,6,120.0,120.0,0.0,No Discount,Low Stock,Affordable,Medium,Large Pack,2817
Personal Care,Savlon Moisture Shield Germ Protection Handwash Refill (Buy 1 Get 1 Free),18900,0,6,18900,1500,False,1500,189.0,189.0,0.0,No Discount,In Stock,Affordable,Extra Heavy,Bulk Pack,2818
Personal Care,Colgate Sensitive Everyday Protection Anticavity Toothpaste,7500,0,6,7500,40,False,40,75.0,75.0,0.0,No Discount,In Stock,Affordable,Light,Bulk Pack,2819
Personal Care,Whisper Ultra Soft XL+ Sanitary Pads,33000,2,6,32300,30,False,30,330.0,323.0,7.0,Low Discount,In Stock,Mid-Range,Light,Bulk Pack,2820
Personal Care,Garnier Colour Naturals Hair Colour - 1 Natural Black,8000,0,1,8000,60,False,60,80.0,80.0,0.0,No Discount,Low Stock,Affordable,Light,Bulk Pack,2821
Personal Care,Axe Pulse Men's Deodorant,21000,0,6,21000,150,False,150,210.0,210.0,0.0,No Discount,In Stock,Mid-Range,Light,Bulk Pack,2822
Personal Care,Colgate Zigzag Charcoal Soft Bristle Toothbrush - 4 Pcs,9900,0,6,9900,232,False,4,99.0,99.0,0.0,No Discount,In Stock,Affordable,Light,Medium Pack,2823
Personal Care,Whisper Ultra Clean Wings XL+  Pouch,44900,7,6,41500,44,False,44,449.0,415.0,34.0,Low Discount,In Stock,Mid-Range,Light,Bulk Pack,2824
Personal Care,Whisper Choice Regular Sanitary Pads,9000,0,6,9000,1160,False,20,90.0,90.0,0.0,No Discount,In Stock,Affordable,Extra Heavy,Bulk Pack,2825
Personal Care,Axe Dark Temptation Men's Deodorant,21000,7,5,19400,150,False,150,210.0,194.0,16.0,Low Discount,Low Stock,Affordable,Light,Bulk Pack,2826
Personal Care,Head & Shoulders Anti-Dandruff Smooth & Silky Shampoo,15000,0,4,15000,180,False,180,150.0,150.0,0.0,No Discount,Low Stock,Affordable,Light,Bulk Pack,2827
Personal Care,Clinic Plus Strength & Shine Shampoo With Egg Protein ,10500,0,2,10500,175,False,175,105.0,105.0,0.0,No Discount,Low Stock,Affordable,Light,Bulk Pack,2828
Personal Care,Engage M1 Perfume Spray for Men ,21000,7,6,19400,120,False,120,210.0,194.0,16.0,Low Discount,In Stock,Affordable,Light,Bulk Pack,2829
Personal Care,Tresemme Keratin Smooth Conditioner,38000,0,3,38000,340,False,340,380.0,380.0,0.0,No Discount,Low Stock,Mid-Range,Medium,Bulk Pack,2830
Personal Care,"Garnier Color Naturals Crème Hair Color, Shade 5 Light Brown",18000,0,1,18000,100,False,100,180.0,180.0,0.0,No Discount,Low Stock,Affordable,Light,Bulk Pack,2831
Personal Care,Origami Aloe Vera Wipes,7500,13,4,6500,25,False,25,75.0,65.0,10.0,Medium Discount,Low Stock,Affordable,Light,Bulk Pack,2832
Personal Care,"Engage Drizzle Deodorant For Women, Floral And Lavender, Skin Friendly",19500,10,6,17400,150,False,150,195.0,174.0,21.0,Low Discount,In Stock,Affordable,Light,Bulk Pack,2833
Personal Care,Gellette Presto Ready Shaver,2000,0,1,2000,58,False,1,20.0,20.0,0.0,No Discount,Low Stock,Budget,Light,Single,2834
Personal Care,Colgate Max Fresh Plax Mouthwash - Fresh Mint,15000,20,5,12000,250,False,250,150.0,120.0,30.0,Medium Discount,Low Stock,Affordable,Light,Bulk Pack,2835
Personal Care,Colgate Zig Zag Charcoal Medium Toothbrush 4 Pcs,9900,0,6,9900,232,False,4,99.0,99.0,0.0,No Discount,In Stock,Affordable,Light,Medium Pack,2836
Personal Care,Godrej Protekt,9900,0,3,9900,750,False,750,99.0,99.0,0.0,No Discount,Low Stock,Affordable,Heavy,Bulk Pack,2837
Personal Care,Colgate Total Charcoal Anticavity Toothpaste,11000,10,3,9900,120,False,120,110.0,99.0,11.0,Low Discount,Low Stock,Affordable,Light,Bulk Pack,2838
Personal Care,Colgate Kids 0-2 Extra Soft Tooth Brush,3000,16,6,2500,58,False,1,30.0,25.0,5.0,Medium Discount,In Stock,Budget,Light,Single,2839
Personal Care,Gillete Mach3 ,26000,10,6,23400,116,False,2,260.0,234.0,26.0,Low Discount,In Stock,Mid-Range,Light,Small Pack,2840
Personal Care,Maybelline New York Colossal Kajal Black,14900,0,2,14900,0,False,0,149.0,149.0,0.0,No Discount,Low Stock,Affordable,Light,Single,2841
Personal Care,Godrej Cinthol Lime Talc,5500,0,3,5500,100,False,100,55.0,55.0,0.0,No Discount,Low Stock,Affordable,Light,Bulk Pack,2842
Personal Care,Hamam Soap Bar Neem Tulsi and Aloe Vera,5800,0,6,5800,150,False,150,58.0,58.0,0.0,No Discount,In Stock,Affordable,Light,Bulk Pack,2843
Personal Care,"Godrej Expert Rich Crème, Burgundy",3300,0,6,3300,20,False,20,33.0,33.0,0.0,No Discount,In Stock,Budget,Light,Bulk Pack,2844
Personal Care,Colgate Gentle Sensitive+ Toothbrush Pack Of 4,12000,10,4,10800,232,False,4,120.0,108.0,12.0,Low Discount,Low Stock,Affordable,Light,Medium Pack,2845
Personal Care,Nivea Creme All Season Multi-Purpose Cream ,17500,10,4,15700,100,False,100,175.0,157.0,18.0,Low Discount,Low Stock,Affordable,Light,Bulk Pack,2846
Personal Care,Oral-B Charcoal Deep Clean Stain Removal Toothbrush Medium,9900,0,1,9900,232,False,4,99.0,99.0,0.0,No Discount,Low Stock,Affordable,Light,Medium Pack,2847
Personal Care,Mamaearth 100% Natural Berry Blast Kids Toothpaste,14900,10,4,13400,50,False,50,149.0,134.0,15.0,Low Discount,Low Stock,Affordable,Light,Bulk Pack,2848
Personal Care,HImalaya Gentle Baby Wipes,20000,10,3,18000,72,False,72,200.0,180.0,20.0,Low Discount,Low Stock,Affordable,Light,Bulk Pack,2849
Personal Care,Stayfree Dry Max All Night XL Dry Cover Sanitary Pads,34000,12,6,29800,28,False,28,340.0,298.0,42.0,Medium Discount,In Stock,Mid-Range,Light,Bulk Pack,2850
Personal Care,"L'Oreal Paris Excellence Creme Hair Color, 1 Black",62000,0,1,62000,172,False,172,620.0,620.0,0.0,No Discount,Low Stock,Premium,Light,Bulk Pack,2851
Personal Care,Fem Fairness Naturals Saffron Skin Bleach,8500,15,4,7200,64,False,64,85.0,72.0,13.0,Medium Discount,Low Stock,Affordable,Light,Bulk Pack,2852
Personal Care,Engage Woman Blush Body Deo Spray,19500,10,5,17400,150,False,150,195.0,174.0,21.0,Low Discount,Low Stock,Affordable,Light,Bulk Pack,2853
Personal Care,Dove Pink Rosa Beauty Bathinhg Bar,6000,0,6,6000,100,False,100,60.0,60.0,0.0,No Discount,In Stock,Affordable,Light,Bulk Pack,2854
Personal Care,Sebamed Cleansing Bar,9900,10,4,8900,100,False,100,99.0,89.0,10.0,Low Discount,Low Stock,Affordable,Light,Bulk Pack,2855
Personal Care,Pampers Premium Care Pants - Large,109900,18,2,89900,44,False,44,1099.0,899.0,200.0,Medium Discount,Low Stock,Premium,Light,Bulk Pack,2856
Personal Care,Nivea Women Deodorant Fresh Natural Long Lasting Freshness & 48h Protection,19900,20,2,15900,150,False,150,199.0,159.0,40.0,Medium Discount,Low Stock,Affordable,Light,Bulk Pack,2857
Personal Care,"L'Oreal Paris Excellence Creme Hair Color, 3 Dark Brown/Natural Darkest Brown",62000,0,6,62000,172,False,172,620.0,620.0,0.0,No Discount,In Stock,Premium,Light,Bulk Pack,2858
Personal Care,Patanjali Kesh Kanti Natural Hair Cleanser,7500,9,4,6800,200,False,200,75.0,68.0,7.0,Low Discount,Low Stock,Affordable,Light,Bulk Pack,2859
Personal Care,Godrej No.1 Bathing Soap – Lime & Aloe Vera,14900,0,6,14900,600,False,600,149.0,149.0,0.0,No Discount,In Stock,Affordable,Heavy,Bulk Pack,2860
Personal Care,Pantene Advanced Control Hair Fall Solution Shampoo,12000,6,5,11200,180,False,180,120.0,112.0,8.0,Low Discount,Low Stock,Affordable,Light,Bulk Pack,2861
Personal Care,Veet Full Body Waxing Kit For Dry Skin,23500,7,6,21800,1160,False,20,235.0,218.0,17.0,Low Discount,In Stock,Mid-Range,Extra Heavy,Bulk Pack,2862
Personal Care,Johnson's Baby Skincare Wipes,24500,9,6,22100,72,False,72,245.0,221.0,24.0,Low Discount,In Stock,Mid-Range,Light,Bulk Pack,2863
Personal Care,Gillette Lemon Lime Shaving Foam,19900,11,4,17700,196,False,196,199.0,177.0,22.0,Medium Discount,Low Stock,Affordable,Light,Bulk Pack,2864
Personal Care,Old Spice After Shave Lotion Musk,21500,6,3,20000,100,False,100,215.0,200.0,15.0,Low Discount,Low Stock,Affordable,Light,Bulk Pack,2865
Personal Care,Whisper Ultra Soft Air Fresh Sanitary Pads (XL) with Wings,31500,0,4,31500,30,False,30,315.0,315.0,0.0,No Discount,Low Stock,Mid-Range,Light,Bulk Pack,2866
Personal Care,Himalaya Baby Powder,8000,8,4,7300,100,False,100,80.0,73.0,7.0,Low Discount,Low Stock,Affordable,Light,Bulk Pack,2867
Personal Care,Fiama Men's Refreshing Pulse Shower Gel,22500,20,4,18000,250,False,250,225.0,180.0,45.0,Medium Discount,Low Stock,Affordable,Light,Bulk Pack,2868
Personal Care,Whisper Ultra Clean XL Plus Sanitary Pad,17500,0,5,17500,870,False,15,175.0,175.0,0.0,No Discount,Low Stock,Affordable,Heavy,Bulk Pack,2869
Personal Care,Johnson's Baby Powder,14300,0,6,14300,200,False,200,143.0,143.0,0.0,No Discount,In Stock,Affordable,Light,Bulk Pack,2870
Personal Care,Dove Cream Beauty Bathing Bar,23500,9,6,21200,125,False,125,235.0,212.0,23.0,Low Discount,In Stock,Mid-Range,Light,Bulk Pack,2871
Personal Care,Patanjali Kesh Kanti Shikakai Hair Cleanser,9500,0,4,9500,200,False,200,95.0,95.0,0.0,No Discount,Low Stock,Affordable,Light,Bulk Pack,2872
Personal Care,L'Oreal Paris Color Protect Conditioner,19900,0,3,19900,192,False,192,199.0,199.0,0.0,No Discount,Low Stock,Affordable,Light,Bulk Pack,2873
Personal Care,Nivea Men Active Clean with Active Charcoal Shower Gel for Body Face & Hair,19900,4,5,19100,250,False,250,199.0,191.0,8.0,Low Discount,Low Stock,Affordable,Light,Bulk Pack,2874
Personal Care,L'Oreal 6 Oil Nourish Conditioner,13500,0,1,13500,192,False,192,135.0,135.0,0.0,No Discount,Low Stock,Affordable,Light,Bulk Pack,2875
Personal Care,Godrej Easy Natural Black Hair Colour,2500,0,5,2500,20,False,20,25.0,25.0,0.0,No Discount,Low Stock,Budget,Light,Bulk Pack,2876
Personal Care,Dabur Gulabari Rose Water Daily Glow,8000,6,2,7500,250,False,250,80.0,75.0,5.0,Low Discount,Low Stock,Affordable,Light,Bulk Pack,2877
Personal Care,Himalaya Purifying Neem Face Wash,17000,10,6,15300,150,False,150,170.0,153.0,17.0,Low Discount,In Stock,Affordable,Light,Bulk Pack,2878
Personal Care,Fem Fairness Naturals Gold Skin Bleach,6500,9,3,5900,24,False,24,65.0,59.0,6.0,Low Discount,Low Stock,Affordable,Light,Bulk Pack,2879
Personal Care,Whisper Choice Ultra XL Sanitary Pad,13300,2,5,13000,1160,False,20,133.0,130.0,3.0,Low Discount,Low Stock,Affordable,Extra Heavy,Bulk Pack,2880
Personal Care,Dove Dandruff Care Shampoo,15800,6,5,14700,180,False,180,158.0,147.0,11.0,Low Discount,Low Stock,Affordable,Light,Bulk Pack,2881
Personal Care,Head & Shoulders Anti Dandruff Anti Hairfall Shampoo,28500,0,5,28500,340,False,240,285.0,285.0,0.0,No Discount,Low Stock,Mid-Range,Medium,Bulk Pack,2882
Personal Care,L'Oreal Casting Creme Ebony Black Hair Color,55000,0,6,55000,159,False,87,550.0,550.0,0.0,No Discount,In Stock,Premium,Light,Bulk Pack,2883
Personal Care,Mamaearth Onion Hair Oil,39900,10,6,35900,150,False,150,399.0,359.0,40.0,Low Discount,In Stock,Mid-Range,Light,Bulk Pack,2884
Personal Care,L'Oreal Paris Casting Creme Gloss Hair Color (Dark Brown 400),55000,0,4,55000,159,False,159,550.0,550.0,0.0,No Discount,Low Stock,Premium,Light,Bulk Pack,2885
Personal Care,Palmolive Naturals Sea Minerals Liquid Hand Wash,9900,10,6,8900,250,False,250,99.0,89.0,10.0,Low Discount,In Stock,Affordable,Light,Bulk Pack,2886
Personal Care,Oral-B Extra Soft Bristles Sensitive ,9800,0,4,9800,232,False,4,98.0,98.0,0.0,No Discount,Low Stock,Affordable,Light,Medium Pack,2887
Personal Care,Engage M3 Perfume Spray for Men,20000,10,3,18000,120,False,120,200.0,180.0,20.0,Low Discount,Low Stock,Affordable,Light,Bulk Pack,2888
Personal Care,Mamaearth Deeply Nourishing wash for Babies,19900,0,4,19900,200,False,200,199.0,199.0,0.0,No Discount,Low Stock,Affordable,Light,Bulk Pack,2889
Personal Care,Dettol Original Soap (B4G1),26000,5,6,24700,625,False,625,260.0,247.0,13.0,Low Discount,In Stock,Mid-Range,Heavy,Bulk Pack,2890
Personal Care,Woodward's Gripe Water,7500,0,6,7500,200,False,200,75.0,75.0,0.0,No Discount,In Stock,Affordable,Light,Bulk Pack,2891
Personal Care,"MamyPoko Pants Extra Absorb Diapers, New Born",29900,6,5,27900,28,False,28,299.0,279.0,20.0,Low Discount,Low Stock,Mid-Range,Light,Bulk Pack,2892
Personal Care,Johnson's Baby Soap,7000,0,6,7000,100,False,100,70.0,70.0,0.0,No Discount,In Stock,Affordable,Light,Bulk Pack,2893
Personal Care,Engage M4 Perfume Spray For Men,20000,10,6,18000,120,False,120,200.0,180.0,20.0,Low Discount,In Stock,Affordable,Light,Bulk Pack,2894
Personal Care,Fem Fairness Naturals Hair Removal Cream Fair & Soft - Gold,6500,10,4,5800,40,False,40,65.0,58.0,7.0,Low Discount,Low Stock,Affordable,Light,Bulk Pack,2895
Personal Care,Dove Hair Fall Rescue Conditioner,19000,0,4,19000,175,False,175,190.0,190.0,0.0,No Discount,Low Stock,Affordable,Light,Bulk Pack,2896
Personal Care,Himalaya Anti Hair Fall Shampoo,13000,12,2,11400,200,False,200,130.0,114.0,16.0,Medium Discount,Low Stock,Affordable,Light,Bulk Pack,2897
Personal Care,Fiama Peach & Avocado Gel Bar,17600,10,3,15800,375,False,375,176.0,158.0,18.0,Low Discount,Low Stock,Affordable,Medium,Bulk Pack,2898
Personal Care,Pears Pure & Gentle Value Pack Of 4 Bathing Soap ,12500,0,6,12500,75,False,75,125.0,125.0,0.0,No Discount,In Stock,Affordable,Light,Bulk Pack,2899
Personal Care,Fiama Fresh Hand Wash,15000,6,3,14000,400,False,400,150.0,140.0,10.0,Low Discount,Low Stock,Affordable,Medium,Bulk Pack,2900
Personal Care,Palmolive Black Orchid And Milk Liquid Hand Wash,9900,10,6,8900,250,False,250,99.0,89.0,10.0,Low Discount,In Stock,Affordable,Light,Bulk Pack,2901
Personal Care,Oral-B Criss Cross Medium Toothbrush (Buy 2 Get 2 Free),16000,0,5,16000,232,False,4,160.0,160.0,0.0,No Discount,Low Stock,Affordable,Light,Medium Pack,2902
Personal Care,Gillette Mach 3 Turbo Razor,34900,6,5,32500,58,False,1,349.0,325.0,24.0,Low Discount,Low Stock,Mid-Range,Light,Single,2903
Personal Care,Himalaya Baby Lotion,16500,12,3,14500,200,False,200,165.0,145.0,20.0,Medium Discount,Low Stock,Affordable,Light,Bulk Pack,2904
Personal Care,Head & Shoulders 2-in-1 Cool Menthol Anti Dandruff Shampoo + Conditioner,37500,0,1,37500,340,False,180,375.0,375.0,0.0,No Discount,Low Stock,Mid-Range,Medium,Bulk Pack,2905
Personal Care,Sunsilk Lusciously Thick & Long Shampoo,24900,6,6,23400,340,False,340,249.0,234.0,15.0,Low Discount,In Stock,Mid-Range,Medium,Bulk Pack,2906
Personal Care,Fiama Di Wills Men's Refreshing Pulse Shower Gel,22500,4,3,21400,250,False,250,225.0,214.0,11.0,Low Discount,Low Stock,Mid-Range,Light,Bulk Pack,2907
Personal Care,Sebamed Anti - Dandruff Shampoo,60000,10,2,54000,200,False,200,600.0,540.0,60.0,Low Discount,Low Stock,Premium,Light,Bulk Pack,2908
Personal Care,Listerine Cool Mint Mouthwash - Mild Taste,15000,10,6,13500,250,False,250,150.0,135.0,15.0,Low Discount,In Stock,Affordable,Light,Bulk Pack,2909
Personal Care,"L'Oreal Paris Excellence Creme Hair Color, 4.25 Aishwarya's Brown",62000,0,6,62000,172,False,172,620.0,620.0,0.0,No Discount,In Stock,Premium,Light,Bulk Pack,2910
Personal Care,Himalaya Gentle Baby Bath,16500,9,6,15000,200,False,200,165.0,150.0,15.0,Low Discount,In Stock,Affordable,Light,Bulk Pack,2911
Personal Care,"L'Oreal Paris Casting Creme Gloss Hair Color, Medium Brown 500",55000,0,4,55000,160,False,159,550.0,550.0,0.0,No Discount,Low Stock,Premium,Light,Bulk Pack,2912
Personal Care,L'Oreal Paris Color Protect Shampoo,28200,0,3,28200,360,False,360,282.0,282.0,0.0,No Discount,Low Stock,Mid-Range,Medium,Bulk Pack,2913
Personal Care,Fiama Di Wills Lemongrass & Jojoba Gel Bar,17600,10,6,15800,375,False,375,176.0,158.0,18.0,Low Discount,In Stock,Affordable,Medium,Bulk Pack,2914
Personal Care,Colgate Plax Peppermint Mouthwash,15000,20,5,12000,250,False,250,150.0,120.0,30.0,Medium Discount,Low Stock,Affordable,Light,Bulk Pack,2915
Personal Care,Dove Daily Shine Conditioner,9000,10,1,8100,80,False,80,90.0,81.0,9.0,Low Discount,Low Stock,Affordable,Light,Bulk Pack,2916
Personal Care,Patanjali Kesh Kanti Anti Dandruff Hair Cleanser,11000,0,6,11000,200,False,200,110.0,110.0,0.0,No Discount,In Stock,Affordable,Light,Bulk Pack,2917
Personal Care,Old Spice Original After Shave Lotion,25000,0,1,25000,150,False,150,250.0,250.0,0.0,No Discount,Low Stock,Mid-Range,Light,Bulk Pack,2918
Personal Care,Dove Hair Fall Rescue Shampoo,13700,10,4,12300,180,False,180,137.0,123.0,14.0,Low Discount,Low Stock,Affordable,Light,Bulk Pack,2919
Personal Care,Dettol Clinical Strength Hand Sanitizer Liquid,25000,10,6,22500,500,False,500,250.0,225.0,25.0,Low Discount,In Stock,Mid-Range,Medium,Bulk Pack,2920
Personal Care,Nivea Soft Light Moisturizer for Face Hand & Body Non-Sticky Cream with Vitamin E & Jojoba Oil,39900,20,3,31900,300,False,300,399.0,319.0,80.0,Medium Discount,Low Stock,Mid-Range,Medium,Bulk Pack,2921
Personal Care,Comfy Baby Pants XL 12-17 kg,42900,15,1,36400,24,False,24,429.0,364.0,65.0,Medium Discount,Low Stock,Mid-Range,Light,Bulk Pack,2922
Personal Care,Dettol Liquid Handwash With Free Liquid,9900,0,6,9900,200,False,200,99.0,99.0,0.0,No Discount,In Stock,Affordable,Light,Bulk Pack,2923
Personal Care,Nivea Body Milk Lotion for Very Dry Skin,39900,20,6,31900,400,False,400,399.0,319.0,80.0,Medium Discount,In Stock,Mid-Range,Medium,Bulk Pack,2924
Personal Care,Lakme Sun Expert,22500,0,6,22500,60,False,60,225.0,225.0,0.0,No Discount,In Stock,Mid-Range,Light,Bulk Pack,2925
Personal Care,Head & shoulders Anti Dandruff Shampoo Cool Menthol,17000,0,6,17000,180,False,180,170.0,170.0,0.0,No Discount,In Stock,Affordable,Light,Bulk Pack,2926
Personal Care,Godrej Nupur Henna,7500,0,5,7500,150,False,120,75.0,75.0,0.0,No Discount,Low Stock,Affordable,Light,Bulk Pack,2927
Personal Care,Johnson's Baby Lotion,10000,0,4,10000,100,False,100,100.0,100.0,0.0,No Discount,Low Stock,Affordable,Light,Bulk Pack,2928
Personal Care,Himalaya Anti Dandruff Shampoo,14000,10,1,12600,200,False,200,140.0,126.0,14.0,Low Discount,Low Stock,Affordable,Light,Bulk Pack,2929
Personal Care,Maybelline New York Colossal Kajal Super Black,30000,8,3,27500,0,False,0,300.0,275.0,25.0,Low Discount,Low Stock,Mid-Range,Light,Single,2930
Personal Care,Stayfree Dry-Max All Night Ultra-Dry Sanitary Pad,9000,10,6,8100,406,False,7,90.0,81.0,9.0,Low Discount,In Stock,Affordable,Medium,Large Pack,2931
Personal Care,Dove Daily Shine Shampoo,64500,5,3,61200,650,False,650,645.0,612.0,33.0,Low Discount,Low Stock,Premium,Heavy,Bulk Pack,2932
Personal Care,Godrej Easy 5 Minute Natural Brown 4 Hair Colour,2900,0,5,2900,20,False,20,29.0,29.0,0.0,No Discount,Low Stock,Budget,Light,Bulk Pack,2933
Personal Care,Colgate Sensitive Plus Enamel Toothpaste Tube,14000,0,6,14000,160,False,160,140.0,140.0,0.0,No Discount,In Stock,Affordable,Light,Bulk Pack,2934
Personal Care,Colgate Max Fresh Peppermint Toothpaste ,18200,15,6,15400,300,False,300,182.0,154.0,28.0,Medium Discount,In Stock,Affordable,Medium,Bulk Pack,2935
Personal Care,Pond's Light Moisturiser,30900,10,6,27800,250,False,250,309.0,278.0,31.0,Low Discount,In Stock,Mid-Range,Light,Bulk Pack,2936
Personal Care,Engage Mate For Man Deo Spray,19500,10,5,17400,150,False,150,195.0,174.0,21.0,Low Discount,Low Stock,Affordable,Light,Bulk Pack,2937
Personal Care,Pantene Advanced Hair Fall Solution Shampoo - Total Damage Care,12000,0,5,12000,180,False,180,120.0,120.0,0.0,No Discount,Low Stock,Affordable,Light,Bulk Pack,2938
Personal Care,Whisper Choice Regular Wing Sanitary Pad,3000,0,2,3000,406,False,7,30.0,30.0,0.0,No Discount,Low Stock,Budget,Medium,Large Pack,2939
Personal Care,Colgate Slim Soft Charcoal Toothbrush,15000,18,4,12300,232,False,4,150.0,123.0,27.0,Medium Discount,Low Stock,Affordable,Light,Medium Pack,2940
Personal Care,Fiama Scents Juniper & Geranium Body Wash,19900,6,5,18600,250,False,250,199.0,186.0,13.0,Low Discount,Low Stock,Affordable,Light,Bulk Pack,2941
Personal Care,Mamaearth Ubtan Body Lotion,39900,15,4,33900,400,False,400,399.0,339.0,60.0,Medium Discount,Low Stock,Mid-Range,Medium,Bulk Pack,2942
Personal Care,Godrej Aer Power Pocket - Long Lasting Bathroom Fragrance Floral Delight,5500,0,6,5500,10,False,10,55.0,55.0,0.0,No Discount,In Stock,Affordable,Light,Large Pack,2943
Personal Care,Himalaya Anti-Hair Fall Shampoo,23000,18,1,18800,400,False,400,230.0,188.0,42.0,Medium Discount,Low Stock,Affordable,Medium,Bulk Pack,2944
Personal Care,Nivea Soft Light Moisturizer for Face Hand & Body Non-Sticky Cream with Vitamin E & Jojoba Oil,31000,15,6,26300,200,False,200,310.0,263.0,47.0,Medium Discount,In Stock,Mid-Range,Light,Bulk Pack,2945
Personal Care,Engage M2 Perfume Spray For Men,20000,10,6,18000,120,False,120,200.0,180.0,20.0,Low Discount,In Stock,Affordable,Light,Bulk Pack,2946
Personal Care,Mamaearth Ubtan Face Scrub Turmeric & Walnut,34900,10,1,31400,100,False,100,349.0,314.0,35.0,Low Discount,Low Stock,Mid-Range,Light,Bulk Pack,2947
Personal Care,Himalaya Purifying Neem Face Wash Tube,27000,15,6,22900,300,False,300,270.0,229.0,41.0,Medium Discount,In Stock,Mid-Range,Medium,Bulk Pack,2948
Personal Care,Johnson's Baby Top To Toe Bath Body Wash,16500,0,4,16500,210,False,210,165.0,165.0,0.0,No Discount,Low Stock,Affordable,Light,Bulk Pack,2949
Personal Care,Gillette Mach 3 Start,24900,0,6,24900,116,False,2,249.0,249.0,0.0,No Discount,In Stock,Mid-Range,Light,Small Pack,2950
Personal Care,Scalpe Pro Anti dandruff Shampoo 100ml,18500,0,2,18500,100,False,100,185.0,185.0,0.0,No Discount,Low Stock,Affordable,Light,Bulk Pack,2951
Personal Care,Johnson's Baby Cream,15000,0,6,15000,100,False,100,150.0,150.0,0.0,No Discount,In Stock,Affordable,Light,Bulk Pack,2952
Personal Care,Johnson's Baby Soap,10500,0,6,10500,150,False,150,105.0,105.0,0.0,No Discount,In Stock,Affordable,Light,Bulk Pack,2953
Personal Care,Himalaya Gentle Baby Shampoo,32000,17,6,26500,400,False,400,320.0,265.0,55.0,Medium Discount,In Stock,Mid-Range,Medium,Bulk Pack,2954
Personal Care,L'Oreal Paris Shine Masque Royal Jelly Hair Colour,55000,0,3,55000,88,False,87,550.0,550.0,0.0,No Discount,Low Stock,Premium,Light,Bulk Pack,2955
Personal Care,Engage Rush Deodorant For Men,19000,11,6,16900,150,False,150,190.0,169.0,21.0,Medium Discount,In Stock,Affordable,Light,Bulk Pack,2956
Personal Care,Clean & Clear Foaming Face Wash,14000,10,4,12600,100,False,100,140.0,126.0,14.0,Low Discount,Low Stock,Affordable,Light,Bulk Pack,2957
Personal Care,Dettol Lather Shaving Cream,7500,5,6,7100,78,False,78,75.0,71.0,4.0,Low Discount,In Stock,Affordable,Light,Bulk Pack,2958
Personal Care,Gillette Classic Regular Pre Shave Foam,19900,0,4,19900,196,False,196,199.0,199.0,0.0,No Discount,Low Stock,Affordable,Light,Bulk Pack,2959
Personal Care,Dove Daily Shine Conditioner,19000,0,6,19000,175,False,180,190.0,190.0,0.0,No Discount,In Stock,Affordable,Light,Bulk Pack,2960
Personal Care,Johnson's Baby Shampoo,18000,0,6,18000,200,False,200,180.0,180.0,0.0,No Discount,In Stock,Affordable,Light,Bulk Pack,2961
Personal Care,Park Avenue Beer Shampoo ,15500,9,4,14000,180,False,180,155.0,140.0,15.0,Low Discount,Low Stock,Affordable,Light,Bulk Pack,2962
Personal Care,Pantene Advanced Hair Fall Solution Silky Smooth Care Shampoo,12000,6,6,11200,180,False,180,120.0,112.0,8.0,Low Discount,In Stock,Affordable,Light,Bulk Pack,2963
Personal Care,Fem Fairness Naturals Hair Removal Cream Fair & Soft - Rose,6500,10,6,5800,40,False,40,65.0,58.0,7.0,Low Discount,In Stock,Affordable,Light,Bulk Pack,2964
Personal Care,Sunsilk Stunning Black Shine Shampoo,55500,6,6,52100,650,False,650,555.0,521.0,34.0,Low Discount,In Stock,Premium,Heavy,Bulk Pack,2965
Personal Care,Dabur Meswak Toothpaste,10000,0,1,10000,200,False,200,100.0,100.0,0.0,No Discount,Low Stock,Affordable,Light,Bulk Pack,2966
Personal Care,Patanjali Kesh Kanti Reetha Hair Cleanser,8500,0,5,8500,200,False,200,85.0,85.0,0.0,No Discount,Low Stock,Affordable,Light,Bulk Pack,2967
Personal Care,Nivea Lip Balm Soft Rose for 24h Moisture with Natural Oils Delicate Rose Shine,18500,8,6,16900,5,False,4,185.0,169.0,16.0,Low Discount,In Stock,Affordable,Light,Medium Pack,2968
Personal Care,Santoor Total Skin Care Soap With Sandal & Turmeric,18000,0,6,18000,600,False,600,180.0,180.0,0.0,No Discount,In Stock,Affordable,Heavy,Bulk Pack,2969
Personal Care,"L'Oreal Paris Excellence Creme Hair Color, 4 Natural Brown/Natural Dark Brown",62000,0,1,62000,172,False,172,620.0,620.0,0.0,No Discount,Low Stock,Premium,Light,Bulk Pack,2970
Personal Care,Gillette Pre Shave Foam - Classic Regular Skin,22500,0,6,22500,418,False,418,225.0,225.0,0.0,No Discount,In Stock,Mid-Range,Medium,Bulk Pack,2971
Personal Care,Fiama Di Wills Shower Gel Patchouli & Macadamia,19900,10,6,17900,250,False,250,199.0,179.0,20.0,Low Discount,In Stock,Affordable,Light,Bulk Pack,2972
Personal Care,Listerine Fresh Burst Mouthwash,14000,10,4,12600,250,False,250,140.0,126.0,14.0,Low Discount,Low Stock,Affordable,Light,Bulk Pack,2973
Personal Care,Nivea Cocoa Nourish Body Lotion With Coconut Oil & Cocoa Butter For Very Dry Skin ,29900,17,5,24700,200,False,200,299.0,247.0,52.0,Medium Discount,Low Stock,Mid-Range,Light,Bulk Pack,2974
Personal Care,Pantene Hair Fall Control Shampoo,24000,7,2,22100,340,False,340,240.0,221.0,19.0,Low Discount,Low Stock,Mid-Range,Medium,Bulk Pack,2975
Personal Care,Fogg Master - Royal Intense,25000,0,5,25000,120,False,120,250.0,250.0,0.0,No Discount,Low Stock,Mid-Range,Light,Bulk Pack,2976
Personal Care,TRESemme Smooth And Shine Conditioner,22000,0,5,22000,190,False,190,220.0,220.0,0.0,No Discount,Low Stock,Mid-Range,Light,Bulk Pack,2977
Personal Care,Whisper Ultra Clean XL Plus Sanitary Pad,15500,0,6,15500,870,False,15,155.0,155.0,0.0,No Discount,In Stock,Affordable,Heavy,Bulk Pack,2978
Personal Care,"Colgate Kids Toothpaste - 6+ Years, Strawberry Flavour",9300,5,6,8800,80,False,80,93.0,88.0,5.0,Low Discount,In Stock,Affordable,Light,Bulk Pack,2979
Personal Care,Nivea Soft Moisturizing Cream,31000,12,1,27200,200,False,200,310.0,272.0,38.0,Medium Discount,Low Stock,Mid-Range,Light,Bulk Pack,2980
Personal Care,Patanjali Kesh Kanti Aloe Vera Hair Cleanser,8500,0,5,8500,200,False,200,85.0,85.0,0.0,No Discount,Low Stock,Affordable,Light,Bulk Pack,2981
Personal Care,Neutrogena Deep Clean Foaming Cleanser,13000,11,2,11500,50,False,50,130.0,115.0,15.0,Medium Discount,Low Stock,Affordable,Light,Bulk Pack,2982
Personal Care,Clean & Clear Morning Energy Berry Face Wash,15500,6,6,14500,100,False,100,155.0,145.0,10.0,Low Discount,In Stock,Affordable,Light,Bulk Pack,2983
Personal Care,Pampers Premium Care New Baby Pants,32000,0,4,32000,24,False,24,320.0,320.0,0.0,No Discount,Low Stock,Mid-Range,Light,Bulk Pack,2984
Personal Care,Vaseline Intensive Care Aloe Fresh,22500,9,6,20300,200,False,200,225.0,203.0,22.0,Low Discount,In Stock,Mid-Range,Light,Bulk Pack,2985
Personal Care,L'Oreal Paris Dream Lengths Shampoo,14900,0,6,14900,192,False,192,149.0,149.0,0.0,No Discount,In Stock,Affordable,Light,Bulk Pack,2986
Personal Care,Johnson's Baby Oil,11500,0,4,11500,100,False,100,115.0,115.0,0.0,No Discount,Low Stock,Affordable,Light,Bulk Pack,2987
Personal Care,Engage Man Rush Deodorant,19500,9,6,17600,150,False,150,195.0,176.0,19.0,Low Discount,In Stock,Affordable,Light,Bulk Pack,2988
Personal Care,Pantene Advanced Hair Fall Solution Shampoo - Total Damage Care,26400,0,6,26400,340,False,340,264.0,264.0,0.0,No Discount,In Stock,Mid-Range,Medium,Bulk Pack,2989
Personal Care,Whisper Daily Liners Clean and Fresh,10500,0,4,10500,1160,False,20,105.0,105.0,0.0,No Discount,Low Stock,Affordable,Extra Heavy,Bulk Pack,2990
Personal Care,Himalaya Men Pimple Clear Neem Face Wash,18000,9,2,16300,100,False,100,180.0,163.0,17.0,Low Discount,Low Stock,Affordable,Light,Bulk Pack,2991
Personal Care,Pantene Adv Hairfall Solution Conditioner Silky Smooth,19000,0,5,19000,200,False,200,190.0,190.0,0.0,No Discount,Low Stock,Affordable,Light,Bulk Pack,2992
Personal Care,Himalaya Prickly Heat Baby Powder,9000,10,6,8100,100,False,100,90.0,81.0,9.0,Low Discount,In Stock,Affordable,Light,Bulk Pack,2993
Personal Care,Mamaearth Daily Moisturizing Lotion For Babies,19900,0,6,19900,200,False,200,199.0,199.0,0.0,No Discount,In Stock,Affordable,Light,Bulk Pack,2994
Personal Care,Stayfree Advanced XL Ultra Comfort Sanitary napkins with Wings,17500,0,3,17500,812,False,14,175.0,175.0,0.0,No Discount,Low Stock,Affordable,Heavy,Bulk Pack,2995
Personal Care,Pampers Premium Care Pants - Medium,109900,18,6,89900,54,False,54,1099.0,899.0,200.0,Medium Discount,In Stock,Premium,Light,Bulk Pack,2996
Personal Care,Fiama Men's Refreshing Pulse Shower Gel,19900,10,6,17900,250,False,250,199.0,179.0,20.0,Low Discount,In Stock,Affordable,Light,Bulk Pack,2997
Personal Care,Vaseline Original Skin Protecting Jelly,12500,10,6,11200,100,False,100,125.0,112.0,13.0,Low Discount,In Stock,Affordable,Light,Bulk Pack,2998
Personal Care,Clean & Clear Foaming Face Wash,18000,10,6,16200,150,False,150,180.0,162.0,18.0,Low Discount,In Stock,Affordable,Light,Bulk Pack,2999
Personal Care,Fiama Lemongrass and Jojoba Shower Gel,22500,20,6,18000,250,False,250,225.0,180.0,45.0,Medium Discount,In Stock,Affordable,Light,Bulk Pack,3000
Personal Care,Oral-B Charcoal Cross Cross Extra Soft Toothbrush (Buy 2 Get 1 Free),18000,0,1,18000,174,False,3,180.0,180.0,0.0,No Discount,Low Stock,Affordable,Light,Small Pack,3001
Personal Care,Listerine Fresh Burst Mouthwash,28500,7,6,26300,500,False,500,285.0,263.0,22.0,Low Discount,In Stock,Mid-Range,Medium,Bulk Pack,3002
Personal Care,Veet Full Body Waxing Kit,23500,7,6,21800,1160,False,20,235.0,218.0,17.0,Low Discount,In Stock,Mid-Range,Extra Heavy,Bulk Pack,3003
Personal Care,Listerine Original Mouthwash,5500,9,6,5000,80,False,80,55.0,50.0,5.0,Low Discount,In Stock,Budget,Light,Bulk Pack,3004
Personal Care,Santoor Almond Soft With Sandal & Almond Milk,18000,0,2,18000,625,False,625,180.0,180.0,0.0,No Discount,Low Stock,Affordable,Heavy,Bulk Pack,3005
Personal Care,Nivea Body Shea Smooth with Shea Butter for Dry Skin,42500,20,5,34000,400,False,9,425.0,340.0,85.0,Medium Discount,Low Stock,Mid-Range,Medium,Large Pack,3006
Personal Care,Neutrogena Deep Clean Facial Cleanser,13000,0,4,13000,50,False,50,130.0,130.0,0.0,No Discount,Low Stock,Affordable,Light,Bulk Pack,3007
Personal Care,"L'Oreal Paris Excellence Creme Hair Color, 3.16 Burgundy",55000,0,3,55000,159,False,172,550.0,550.0,0.0,No Discount,Low Stock,Premium,Light,Bulk Pack,3008
Personal Care,Johnson's Baby Powder,23500,0,6,23500,400,False,400,235.0,235.0,0.0,No Discount,In Stock,Mid-Range,Medium,Bulk Pack,3009
Personal Care,Bombay Shaving Company Charcoal Face Wash,24900,0,4,24900,100,False,100,249.0,249.0,0.0,No Discount,Low Stock,Mid-Range,Light,Bulk Pack,3010
Personal Care,Colgate Kids 2+ Years Extra Soft Toothbrush,2000,0,3,2000,58,False,1,20.0,20.0,0.0,No Discount,Low Stock,Budget,Light,Single,3011
Personal Care,Veet Hair Removal Cream (Normal Skin),13500,5,6,12800,50,False,50,135.0,128.0,7.0,Low Discount,In Stock,Affordable,Light,Bulk Pack,3012
Personal Care,Dove Daily Shine Shampoo,24000,0,4,24000,340,False,340,240.0,240.0,0.0,No Discount,Low Stock,Mid-Range,Medium,Bulk Pack,3013
Personal Care,L'Oreal Anti Hair Fall Conditioner,19900,0,6,19900,192,False,192,199.0,199.0,0.0,No Discount,In Stock,Affordable,Light,Bulk Pack,3014
Personal Care,Nivea Body Lotion Aloe Hydration For Normal Skin ,27500,10,6,24700,200,False,200,275.0,247.0,28.0,Low Discount,In Stock,Mid-Range,Light,Bulk Pack,3015
Personal Care,Pampers Pants - Large,154900,45,3,84900,82,False,82,1549.0,849.0,700.0,Very High Discount,Low Stock,Premium,Light,Bulk Pack,3016
Personal Care,"Engage Urge Deodorant For Men, Citrus And Woody, Skin Friendly",19500,10,6,17400,150,False,150,195.0,174.0,21.0,Low Discount,In Stock,Affordable,Light,Bulk Pack,3017
Personal Care,Head & Shoulders 2 In 1 Anti Dandruff Smooth & Silky Shampoo+Conditioner,37500,10,6,33400,340,False,340,375.0,334.0,41.0,Low Discount,In Stock,Mid-Range,Medium,Bulk Pack,3018
Personal Care,Fem Fairness Natural Gold Skin Bleach,8500,7,4,7900,64,False,64,85.0,79.0,6.0,Low Discount,Low Stock,Affordable,Light,Bulk Pack,3019
Personal Care,Engage Deo Frost,19500,9,6,17600,150,False,150,195.0,176.0,19.0,Low Discount,In Stock,Affordable,Light,Bulk Pack,3020
Personal Care,Stayfree Secure XL Size Sanitary Napkins,11500,0,5,11500,1160,False,20,115.0,115.0,0.0,No Discount,Low Stock,Affordable,Extra Heavy,Bulk Pack,3021
Personal Care,Pampers Pants - Medium,69900,21,1,54900,50,False,50,699.0,549.0,150.0,Medium Discount,Low Stock,Premium,Light,Bulk Pack,3022
Personal Care,Pampers Active Baby Diapers New Born Extra Small ,109900,22,3,84900,72,False,72,1099.0,849.0,250.0,Medium Discount,Low Stock,Premium,Light,Bulk Pack,3023
Personal Care,"Nivea Creme, All Season Multi-Purpose Cream",17500,9,6,15800,100,False,100,175.0,158.0,17.0,Low Discount,In Stock,Affordable,Light,Bulk Pack,3024
Personal Care,Woodwards Gripe Water ,5000,0,4,5000,130,False,130,50.0,50.0,0.0,No Discount,Low Stock,Budget,Light,Bulk Pack,3025
Personal Care,Clean & Clear Morning Energy Aqua Splash Face Wash,14500,9,5,13100,100,False,100,145.0,131.0,14.0,Low Discount,Low Stock,Affordable,Light,Bulk Pack,3026
Personal Care,Sunsilk Lusciously Thick & Long Shampoo,55500,6,6,52100,650,False,650,555.0,521.0,34.0,Low Discount,In Stock,Premium,Heavy,Bulk Pack,3027
Personal Care,Mamaearth Skin Correct Face Serum,59900,15,1,50900,30,False,30,599.0,509.0,90.0,Medium Discount,Low Stock,Premium,Light,Bulk Pack,3028
Personal Care,Chik Hairfall Prevent Egg Shampoo,17800,0,6,17800,340,False,340,178.0,178.0,0.0,No Discount,In Stock,Affordable,Medium,Bulk Pack,3029
Personal Care,Pantene Silky Smooth Care Shampoo,22500,6,3,21000,340,False,340,225.0,210.0,15.0,Low Discount,Low Stock,Mid-Range,Medium,Bulk Pack,3030
Personal Care,"Garnier Skin Naturals, Micellar Cleansing Water",19900,5,4,18900,125,False,125,199.0,189.0,10.0,Low Discount,Low Stock,Affordable,Light,Bulk Pack,3031
Personal Care,Set Wet Swag Avatar Deodorant & Body Spray Perfume For Men,19900,0,1,19900,150,False,150,199.0,199.0,0.0,No Discount,Low Stock,Affordable,Light,Bulk Pack,3032
Personal Care,Pampers All Round Protection Pants - Medium,69900,17,6,57500,50,False,50,699.0,575.0,124.0,Medium Discount,In Stock,Premium,Light,Bulk Pack,3033
Personal Care,Set Wet Deodrant Charm Avatar,19900,0,1,19900,150,False,150,199.0,199.0,0.0,No Discount,Low Stock,Affordable,Light,Bulk Pack,3034
Personal Care,Nupur Heena Mehandi,19900,0,6,19900,500,False,500,199.0,199.0,0.0,No Discount,In Stock,Affordable,Medium,Bulk Pack,3035
Personal Care,Head & Shoulders 2-in-1 Active Protect Shampoo,37500,9,6,33800,340,False,340,375.0,338.0,37.0,Low Discount,In Stock,Mid-Range,Medium,Bulk Pack,3036
Personal Care,Gillette Mach 3 Turbo Cartridges,64900,10,6,57800,232,False,4,649.0,578.0,71.0,Low Discount,In Stock,Premium,Light,Medium Pack,3037
Personal Care,TRESemme Smooth And Shine Conditioner,21000,13,1,18200,190,False,190,210.0,182.0,28.0,Medium Discount,Low Stock,Affordable,Light,Bulk Pack,3038
Personal Care,Bombay Shaving Company Sensitive Cartridges,37500,0,2,37500,116,False,2,375.0,375.0,0.0,No Discount,Low Stock,Mid-Range,Light,Small Pack,3039
Personal Care,Himalaya Baby Lotion,30000,12,1,26400,400,False,400,300.0,264.0,36.0,Medium Discount,Low Stock,Mid-Range,Medium,Bulk Pack,3040
Personal Care,Old Spice Lime Lather Shaving Cream,7500,0,6,7500,70,False,70,75.0,75.0,0.0,No Discount,In Stock,Affordable,Light,Bulk Pack,3041
Personal Care,Colgate Sensitive Plus Anticavity Toothpaste ,14000,10,6,12600,70,False,70,140.0,126.0,14.0,Low Discount,In Stock,Affordable,Light,Bulk Pack,3042
Personal Care,Colgate Toothpaste For Kids Motu Oatlu,9300,0,6,9300,80,False,80,93.0,93.0,0.0,No Discount,In Stock,Affordable,Light,Bulk Pack,3043
Personal Care,Pantene Total Damage Care Shampoo,12000,0,6,12000,180,False,180,120.0,120.0,0.0,No Discount,In Stock,Affordable,Light,Bulk Pack,3044
Personal Care,Himalaya Moisturising Aloe Vera Facial Wipes,10000,10,6,9000,25,False,25,100.0,90.0,10.0,Low Discount,In Stock,Affordable,Light,Bulk Pack,3045
Personal Care,Savlon Moisture Shield Hand Wash,6900,0,5,6900,200,False,200,69.0,69.0,0.0,No Discount,Low Stock,Affordable,Light,Bulk Pack,3046
Personal Care,Pampers Active Baby Diapers New Born Extra Small,36000,10,6,32400,24,False,24,360.0,324.0,36.0,Low Discount,In Stock,Mid-Range,Light,Bulk Pack,3047
Personal Care,Himalaya Anti Dandruff Shampoo,26000,18,1,21300,400,False,400,260.0,213.0,47.0,Medium Discount,Low Stock,Mid-Range,Medium,Bulk Pack,3048
Personal Care,Himalaya Anti Hair Fall Shampoo,49000,25,4,36700,700,False,700,490.0,367.0,123.0,Medium Discount,Low Stock,Mid-Range,Heavy,Bulk Pack,3049
Personal Care,Johnson's Baby Oil,20000,0,6,20000,200,False,200,200.0,200.0,0.0,No Discount,In Stock,Affordable,Light,Bulk Pack,3050
Personal Care,Vaseline Intensive Care Deep Moisture Body Lotion,32500,0,4,32500,400,False,400,325.0,325.0,0.0,No Discount,Low Stock,Mid-Range,Medium,Bulk Pack,3051
Personal Care,L'Oreal Paris Dream Lengths Conditioner,19900,0,1,19900,193,False,193,199.0,199.0,0.0,No Discount,Low Stock,Affordable,Light,Bulk Pack,3052
Personal Care,Nivea Soft Light Moisturizing Cream,18500,15,6,15700,100,False,100,185.0,157.0,28.0,Medium Discount,In Stock,Affordable,Light,Bulk Pack,3053
Personal Care,Whisper Ultra Soft XL+ Sanitary Pads,55500,0,1,55500,60,False,60,555.0,555.0,0.0,No Discount,Low Stock,Premium,Light,Bulk Pack,3054
Personal Care,Palmolive Feel The Massage Shower Gel,24900,20,6,19900,250,False,250,249.0,199.0,50.0,Medium Discount,In Stock,Affordable,Light,Bulk Pack,3055
Personal Care,L'Oreal Paris Dream Lengths Conditioner,20900,0,3,20900,193,False,193,209.0,209.0,0.0,No Discount,Low Stock,Mid-Range,Light,Bulk Pack,3056
Personal Care,Head & Shoulders Anti-Dandruff Smooth & Silky Shampoo,28500,6,6,26600,340,False,340,285.0,266.0,19.0,Low Discount,In Stock,Mid-Range,Medium,Bulk Pack,3057
Personal Care,Mamaearth Moisturizing Baby Bath Soap,24900,0,4,24900,150,False,150,249.0,249.0,0.0,No Discount,Low Stock,Mid-Range,Light,Bulk Pack,3058
Personal Care,Listerine Original Mouthwash,15000,10,6,13500,250,False,250,150.0,135.0,15.0,Low Discount,In Stock,Affordable,Light,Bulk Pack,3059
Personal Care,Himalaya Gentle Baby Shampoo,17000,14,6,14600,200,False,200,170.0,146.0,24.0,Medium Discount,In Stock,Affordable,Light,Bulk Pack,3060
Personal Care,Dove Dryness Care Shampoo,26800,5,1,25200,340,False,340,268.0,252.0,16.0,Low Discount,Low Stock,Mid-Range,Medium,Bulk Pack,3061
Personal Care,Dove Hair Fall Rescue Shampoo,28000,15,6,23600,340,False,340,280.0,236.0,44.0,Medium Discount,In Stock,Mid-Range,Medium,Bulk Pack,3062
Personal Care,Head & Shoulders Anti Dandruff Shampoo Cool Menthol,29500,9,6,26600,340,False,340,295.0,266.0,29.0,Low Discount,In Stock,Mid-Range,Medium,Bulk Pack,3063
Personal Care,Bombay Shaving Company Defender Razor,34500,0,6,34500,58,False,1,345.0,345.0,0.0,No Discount,In Stock,Mid-Range,Light,Single,3064
Personal Care,"Head & Shoulders Shampoo + Conditioner - 2-In-1, Cool Menthol",36500,0,1,36500,340,False,340,365.0,365.0,0.0,No Discount,Low Stock,Mid-Range,Medium,Bulk Pack,3065
Personal Care,Himalaya Baby Nourishing Massage Oil,20000,20,2,16000,200,False,250,200.0,160.0,40.0,Medium Discount,Low Stock,Affordable,Light,Bulk Pack,3066
Personal Care,Himalaya Baby Powder,23500,20,6,18800,400,False,400,235.0,188.0,47.0,Medium Discount,In Stock,Affordable,Medium,Bulk Pack,3067
Personal Care,Fogg Paradise Fragrant Body Spray For Women ,25000,0,6,25000,150,False,150,250.0,250.0,0.0,No Discount,In Stock,Mid-Range,Light,Bulk Pack,3068
Personal Care,Revive Revive Liquid,7100,0,6,7100,200,False,200,71.0,71.0,0.0,No Discount,In Stock,Affordable,Light,Bulk Pack,3069
Personal Care,Pantene Hairfall Control Conditioner,19000,6,6,17800,200,False,200,190.0,178.0,12.0,Low Discount,In Stock,Affordable,Light,Bulk Pack,3070
Personal Care,Mamaearth Vitamin C Face Toner,39900,0,1,39900,200,False,200,399.0,399.0,0.0,No Discount,Low Stock,Mid-Range,Light,Bulk Pack,3071
Personal Care,Himalaya Diaper Rash Cream,8000,10,2,7200,20,False,20,80.0,72.0,8.0,Low Discount,Low Stock,Affordable,Light,Bulk Pack,3072
Personal Care,Fogg Royal Fragrance Spray,23000,0,4,23000,150,False,120,230.0,230.0,0.0,No Discount,Low Stock,Mid-Range,Light,Bulk Pack,3073
Personal Care,Dove Pink Rosa Beauty Bathing Bar,24500,9,6,22100,100,False,100,245.0,221.0,24.0,Low Discount,In Stock,Mid-Range,Light,Bulk Pack,3074
Personal Care,Dove Dryness Care Conditioner Frizzy & Dry Hair,9000,6,4,8400,80,False,80,90.0,84.0,6.0,Low Discount,Low Stock,Affordable,Light,Bulk Pack,3075
Personal Care,Dettol Original Liquid Handwash Refill,10900,3,0,10500,750,True,750,109.0,105.0,4.0,Low Discount,Out of Stock,Affordable,Heavy,Bulk Pack,3076
Personal Care,Parachute 100% Pure Coconut Oil,12300,0,0,12300,300,True,300,123.0,123.0,0.0,No Discount,Out of Stock,Affordable,Medium,Bulk Pack,3077
Personal Care,Stayfree Secure Cottony Soft Cover Sanitary Pad (Regular) with Wings,3000,3,0,2900,406,True,7,30.0,29.0,1.0,Low Discount,Out of Stock,Budget,Medium,Large Pack,3078
Personal Care,Dabur Gulabari Premium Rose Water,4800,2,0,4700,120,True,120,48.0,47.0,1.0,Low Discount,Out of Stock,Budget,Light,Bulk Pack,3079
Personal Care,Parachute Advansed Gold Coconut Hair Oil,21500,9,0,19400,400,True,400,215.0,194.0,21.0,Low Discount,Out of Stock,Affordable,Medium,Bulk Pack,3080
Personal Care,Closeup Everfresh+ Anti-Germ Gel Toothpaste Red Hot,9000,10,0,8100,150,True,150,90.0,81.0,9.0,Low Discount,Out of Stock,Affordable,Light,Bulk Pack,3081
Personal Care,Godrej No.1 Bathing Soap – Lime & Aloe Vera,10000,16,0,8400,500,True,100,100.0,84.0,16.0,Medium Discount,Out of Stock,Affordable,Medium,Bulk Pack,3082
Personal Care,Sensodyne Sensitive Fresh Gel Toothpaste,11500,7,0,10600,75,True,75,115.0,106.0,9.0,Low Discount,Out of Stock,Affordable,Light,Bulk Pack,3083
Personal Care,Whisper Bindazzz Nights XL + Sanitary Pad,9000,0,0,9000,406,True,7,90.0,90.0,0.0,No Discount,Out of Stock,Affordable,Medium,Large Pack,3084
Personal Care,Whisper Choice Sanitary Pad ,3200,9,0,2900,406,True,7,32.0,29.0,3.0,Low Discount,Out of Stock,Budget,Medium,Large Pack,3085
Personal Care,"Godrej No.1 Bathing Soap, Jasmine",8400,0,0,8400,400,True,100,84.0,84.0,0.0,No Discount,Out of Stock,Affordable,Medium,Bulk Pack,3086
Personal Care,Gillette Venus Close & Clean Razor ,24900,7,0,23000,58,True,1,249.0,230.0,19.0,Low Discount,Out of Stock,Mid-Range,Light,Single,3087
Personal Care,Whisper Choice Regular Sanitary Pads,9000,3,0,8700,58,True,20,90.0,87.0,3.0,Low Discount,Out of Stock,Affordable,Light,Bulk Pack,3088
Personal Care,Stayfree Secure Dry Cover Extra Large Sanitary Pad,4200,2,0,4100,406,True,7,42.0,41.0,1.0,Low Discount,Out of Stock,Budget,Medium,Large Pack,3089
Personal Care,Oxylife Natural Radiance 5 Creme Bleach - With Active Oxygen,8200,9,0,7400,27,True,27,82.0,74.0,8.0,Low Discount,Out of Stock,Affordable,Light,Bulk Pack,3090
Personal Care,Clean & Clear Morning Energy Lemon Face Wash,14500,9,0,13100,100,True,100,145.0,131.0,14.0,Low Discount,Out of Stock,Affordable,Light,Bulk Pack,3091
Personal Care,Bajaj Almond Drops Hair Oil,6700,10,0,6000,100,True,100,67.0,60.0,7.0,Low Discount,Out of Stock,Affordable,Light,Bulk Pack,3092
Personal Care,Bajaj Almond Drops Hair Oil Bottle,13000,7,0,12000,200,True,200,130.0,120.0,10.0,Low Discount,Out of Stock,Affordable,Light,Bulk Pack,3093
Personal Care,Whisper Bindazzz Night Sanitary Pads XL Plus,18500,0,0,18500,870,True,15,185.0,185.0,0.0,No Discount,Out of Stock,Affordable,Heavy,Bulk Pack,3094
Personal Care,Godrej Cinthol Lime Refreshing Deo Soap,11600,0,0,11600,400,True,400,116.0,116.0,0.0,No Discount,Out of Stock,Affordable,Medium,Bulk Pack,3095
Personal Care,"MamyPoko Pants Standard Diapers, Extra Large (12 - 17 kg)",39900,7,0,36900,26,True,26,399.0,369.0,30.0,Low Discount,Out of Stock,Mid-Range,Light,Bulk Pack,3096
Paan Corner,Clove Sensitive Toothpaste with Anti-Sensitivity & Fluoride Formulation,16000,35,3,10400,80,False,80,160.0,104.0,56.0,High Discount,Low Stock,Affordable,Light,Bulk Pack,3097
Paan Corner,Dettol Original Germ Protection Alcohol Based Hand Sanitizer,2500,0,6,2500,50,False,50,25.0,25.0,0.0,No Discount,In Stock,Budget,Light,Bulk Pack,3098
Paan Corner,Colgate Visible White Toothpaste,11500,10,6,10300,100,False,100,115.0,103.0,12.0,Low Discount,In Stock,Affordable,Light,Bulk Pack,3099
Paan Corner,Dettol SKincare Handwash Value Refill,10900,3,6,10500,750,False,750,109.0,105.0,4.0,Low Discount,In Stock,Affordable,Heavy,Bulk Pack,3100
Paan Corner,Savlon Herbal Sensitive Liquid Handwash Refill Pouch,11500,4,6,11000,750,False,500,115.0,110.0,5.0,Low Discount,In Stock,Affordable,Heavy,Bulk Pack,3101
Paan Corner,Colgate Total 12 Whole Mouth Protection Toothpaste,12000,10,6,10800,120,False,120,120.0,108.0,12.0,Low Discount,In Stock,Affordable,Light,Bulk Pack,3102
Paan Corner,Lux International Creamy White Soap Bar,3500,2,6,3400,75,False,75,35.0,34.0,1.0,Low Discount,In Stock,Budget,Light,Bulk Pack,3103
Paan Corner,Colgate Herbal Toothpaste,11400,18,2,9300,200,False,200,114.0,93.0,21.0,Medium Discount,Low Stock,Affordable,Light,Bulk Pack,3104
Paan Corner,Nivea Men Deodorant Fresh Active 48h Long lasting Freshness,22500,24,6,16900,150,False,150,225.0,169.0,56.0,Medium Discount,In Stock,Affordable,Light,Bulk Pack,3105
Paan Corner,Dabur Meswak Toothpaste,5800,5,6,5500,100,False,100,58.0,55.0,3.0,Low Discount,In Stock,Affordable,Light,Bulk Pack,3106
Paan Corner,Colgate Max Fresh Cooling Crystals Toothpaste,10100,5,2,9500,150,False,150,101.0,95.0,6.0,Low Discount,Low Stock,Affordable,Light,Bulk Pack,3107
Paan Corner,Indulekha Bhringa Hair Oil,43200,15,6,36700,100,False,100,432.0,367.0,65.0,Medium Discount,In Stock,Mid-Range,Light,Bulk Pack,3108
Paan Corner,Colgate Sensitive Soft Bristles Toothbrush,5000,0,6,5000,58,False,1,50.0,50.0,0.0,No Discount,In Stock,Budget,Light,Single,3109
Paan Corner,Pears Pure & Gentle Glycerin Bath Soap,7500,0,6,7500,125,False,125,75.0,75.0,0.0,No Discount,In Stock,Affordable,Light,Bulk Pack,3110
Paan Corner,Vaseline Skin Protecting Jelly,7900,13,6,6800,50,False,50,79.0,68.0,11.0,Medium Discount,In Stock,Affordable,Light,Bulk Pack,3111
Paan Corner,Dettol Original Germ Protection Bathing Soap Bar,16600,5,4,15700,375,False,375,166.0,157.0,9.0,Low Discount,Low Stock,Affordable,Medium,Bulk Pack,3112
Paan Corner,Dettol Intense Cool Soap (B4G1),26000,5,6,24700,625,False,625,260.0,247.0,13.0,Low Discount,In Stock,Mid-Range,Heavy,Bulk Pack,3113
Paan Corner,Livon Anti-Frizz Serum,25000,10,3,22500,100,False,100,250.0,225.0,25.0,Low Discount,Low Stock,Mid-Range,Light,Bulk Pack,3114
Paan Corner,Lifebuoy Germ Protection Care Soap Bar,3000,3,3,2900,100,False,125,30.0,29.0,1.0,Low Discount,Low Stock,Budget,Light,Bulk Pack,3115
Paan Corner,Lux International Creamy White Soap Bar,7000,10,6,6300,125,False,125,70.0,63.0,7.0,Low Discount,In Stock,Affordable,Light,Bulk Pack,3116
Paan Corner,Godrej Nupur – 100% Pure Henna (Mehendi),1000,0,6,1000,18,False,18,10.0,10.0,0.0,No Discount,In Stock,Budget,Light,Bulk Pack,3117
Paan Corner,Glow & Lovely Advanced Multivitamin Face Cream,21300,10,6,19000,110,False,110,213.0,190.0,23.0,Low Discount,In Stock,Affordable,Light,Bulk Pack,3118
Paan Corner,Set Wet Style Vertical Hold Hair Gel,5000,10,4,4500,50,False,50,50.0,45.0,5.0,Low Discount,Low Stock,Budget,Light,Bulk Pack,3119
Paan Corner,"Godrej Expert Rich Crème, Natural Black",3000,0,6,3000,20,False,20,30.0,30.0,0.0,No Discount,In Stock,Budget,Light,Bulk Pack,3120
Paan Corner,Nycil Germ Expert Cool Herbal Talc,13000,8,1,11900,150,False,200,130.0,119.0,11.0,Low Discount,Low Stock,Affordable,Light,Bulk Pack,3121
Paan Corner,Godrej Expert Creme Hair Natural Brown Colour ,3000,0,6,3000,20,False,20,30.0,30.0,0.0,No Discount,In Stock,Budget,Light,Bulk Pack,3122
Paan Corner,Veet Sensitive Skin Hair Removal Cream,13500,5,6,12800,50,False,50,135.0,128.0,7.0,Low Discount,In Stock,Affordable,Light,Bulk Pack,3123
Paan Corner,Closeup Everfresh+ Anti-Germ Gel Toothpaste Red Hot,5000,2,1,4900,80,False,80,50.0,49.0,1.0,Low Discount,Low Stock,Budget,Light,Bulk Pack,3124
Paan Corner,Pears Pure And Gentle Value Pack Of 3 Bathing Soap,19900,6,5,18600,375,False,375,199.0,186.0,13.0,Low Discount,Low Stock,Affordable,Medium,Bulk Pack,3125
Paan Corner,Gillette Presto Ready Shaver 5 Cartridges ,8800,6,6,8200,290,False,5,88.0,82.0,6.0,Low Discount,In Stock,Affordable,Medium,Medium Pack,3126
Paan Corner,Closeup Everfresh+ Anti-Germ Gel Toothpaste Red Hot,16000,10,4,14400,300,False,300,160.0,144.0,16.0,Low Discount,Low Stock,Affordable,Medium,Bulk Pack,3127
Paan Corner,"Godrej Expert Rich Crème, Dark Brown",3000,0,4,3000,20,False,20,30.0,30.0,0.0,No Discount,Low Stock,Budget,Light,Bulk Pack,3128
Paan Corner,Nivea Soft Light Moisturizer for Face Hand & Body Non-Sticky Cream with Vitamin E & Jojoba Oil ,18500,15,3,15700,100,False,100,185.0,157.0,28.0,Medium Discount,Low Stock,Affordable,Light,Bulk Pack,3129
Paan Corner,Fiama Gel Bar Celebration Pack Buy 4 Get 1 Free,29000,10,6,26100,625,False,625,290.0,261.0,29.0,Low Discount,In Stock,Mid-Range,Heavy,Bulk Pack,3130
Paan Corner,Gillette Sensitive Shaving Foam,22500,6,4,21000,418,False,418,225.0,210.0,15.0,Low Discount,Low Stock,Mid-Range,Medium,Bulk Pack,3131
Paan Corner,Dove Hair Fall Rescue Shampoo,15000,6,5,14100,180,False,180,150.0,141.0,9.0,Low Discount,Low Stock,Affordable,Light,Bulk Pack,3132
Paan Corner,Gillette Mach 3 Mens Razor Blades,49900,7,4,46000,232,False,4,499.0,460.0,39.0,Low Discount,Low Stock,Mid-Range,Light,Medium Pack,3133
Paan Corner,Palmolive Aroma Absolute Relax Shower Gel,19900,20,2,15900,250,False,250,199.0,159.0,40.0,Medium Discount,Low Stock,Affordable,Light,Bulk Pack,3134
Paan Corner,Godrej Protekt Germ Fighter Handwash,9900,0,6,9900,750,False,750,99.0,99.0,0.0,No Discount,In Stock,Affordable,Heavy,Bulk Pack,3135
Paan Corner,Dettol Hand Sanitizer,10000,5,6,9500,200,False,200,100.0,95.0,5.0,Low Discount,In Stock,Affordable,Light,Bulk Pack,3136
Paan Corner,Dabur Amla Hair Oil,8800,0,2,8800,180,False,180,88.0,88.0,0.0,No Discount,Low Stock,Affordable,Light,Bulk Pack,3137
Paan Corner,Dettol Original Liquid Handwash,8900,4,6,8500,200,False,200,89.0,85.0,4.0,Low Discount,In Stock,Affordable,Light,Bulk Pack,3138
Paan Corner,L'Oreal Paris Total Repair 5 Conditioner,19900,0,6,19900,192,False,180,199.0,199.0,0.0,No Discount,In Stock,Affordable,Light,Bulk Pack,3139
Paan Corner,Patanjali Saundarya Aloe Vera Gel,9000,0,5,9000,150,False,150,90.0,90.0,0.0,No Discount,Low Stock,Affordable,Light,Bulk Pack,3140
Paan Corner,Head & Shoulders 2 In 1 Anti Dandruff Shampoo Conditioner ,19500,10,4,17400,180,False,180,195.0,174.0,21.0,Low Discount,Low Stock,Affordable,Light,Bulk Pack,3141
Paan Corner,Clean & Clear Pimple Clearing Face Wash,13000,10,2,11700,80,False,80,130.0,117.0,13.0,Low Discount,Low Stock,Affordable,Light,Bulk Pack,3142
Paan Corner,Himalaya Anti Dandruff Shampoo,14000,8,2,12800,200,False,200,140.0,128.0,12.0,Low Discount,Low Stock,Affordable,Light,Bulk Pack,3143
Paan Corner,Stayfree Secure Dry Cover Regular Sanitary Pad With Wings,3000,3,6,2900,406,False,7,30.0,29.0,1.0,Low Discount,In Stock,Budget,Medium,Large Pack,3144
Paan Corner,Savlon Moisture Shield Hand Wash,9900,4,6,9500,750,False,750,99.0,95.0,4.0,Low Discount,In Stock,Affordable,Heavy,Bulk Pack,3145
Paan Corner,Dove Intense Repair Conditioner,19000,14,6,16200,175,False,80,190.0,162.0,28.0,Medium Discount,In Stock,Affordable,Light,Bulk Pack,3146
Paan Corner,Dabur Gulabari Rose Glow Face Cleanse,7500,5,4,7100,100,False,100,75.0,71.0,4.0,Low Discount,Low Stock,Affordable,Light,Bulk Pack,3147
Paan Corner,Parachute Jasmine Hair Oil,8200,9,6,7400,190,False,190,82.0,74.0,8.0,Low Discount,In Stock,Affordable,Light,Bulk Pack,3148
Paan Corner,Johnson's Baby Skincare Wipes,7900,6,6,7400,1160,False,20,79.0,74.0,5.0,Low Discount,In Stock,Affordable,Extra Heavy,Bulk Pack,3149
Paan Corner,Dettol Skincare Liquid Hand Wash,7900,0,6,7900,200,False,200,79.0,79.0,0.0,No Discount,In Stock,Affordable,Light,Bulk Pack,3150
Paan Corner,Old Spice Original Lather Shaving Cream,7500,9,6,6800,70,False,70,75.0,68.0,7.0,Low Discount,In Stock,Affordable,Light,Bulk Pack,3151
Paan Corner,Veet Hair Removal Cream Dry Skin,13500,5,5,12800,50,False,50,135.0,128.0,7.0,Low Discount,Low Stock,Affordable,Light,Bulk Pack,3152
Paan Corner,L'Oreal Paris Total Repair 5 Shampoo,26500,0,2,26500,396,False,360,265.0,265.0,0.0,No Discount,Low Stock,Mid-Range,Medium,Bulk Pack,3153
Paan Corner,Fiama Menthol & Magnolia Cooling Gel Bar Soap,16000,11,6,14100,375,False,375,160.0,141.0,19.0,Medium Discount,In Stock,Affordable,Medium,Bulk Pack,3154
Paan Corner,Nivea Lip Balm Original Care for 24h Moisture with Shea Butter & Natural Oils,14000,15,6,11900,5,False,4,140.0,119.0,21.0,Medium Discount,In Stock,Affordable,Light,Medium Pack,3155
Paan Corner,Oral-B Charcoal Deep Clean Stain Removal Toothbrush Soft,9900,0,3,9900,232,False,4,99.0,99.0,0.0,No Discount,Low Stock,Affordable,Light,Medium Pack,3156
Paan Corner,Neutrogena Ultra Sheer Dry Touch SPF 50+ Sunblock Sunscreen Lotion,25000,10,3,22500,30,False,30,250.0,225.0,25.0,Low Discount,Low Stock,Mid-Range,Light,Bulk Pack,3157
Paan Corner,Clinic Plus Strong & Long Health Shampoo,49900,10,3,44900,650,False,650,499.0,449.0,50.0,Low Discount,Low Stock,Mid-Range,Heavy,Bulk Pack,3158
Paan Corner,Johnson's Baby No More Tears Baby Shampoo,9800,0,5,9800,100,False,100,98.0,98.0,0.0,No Discount,Low Stock,Affordable,Light,Bulk Pack,3159
Paan Corner,Colgate Zig Zag Toothbrush,12000,0,3,12000,348,False,6,120.0,120.0,0.0,No Discount,Low Stock,Affordable,Medium,Large Pack,3160
Paan Corner,Savlon Moisture Shield Germ Protection Handwash Refill (Buy 1 Get 1 Free),18900,0,6,18900,1500,False,1500,189.0,189.0,0.0,No Discount,In Stock,Affordable,Extra Heavy,Bulk Pack,3161
Paan Corner,Colgate Sensitive Everyday Protection Anticavity Toothpaste,7500,0,6,7500,40,False,40,75.0,75.0,0.0,No Discount,In Stock,Affordable,Light,Bulk Pack,3162
Paan Corner,Whisper Ultra Soft XL+ Sanitary Pads,33000,2,6,32300,30,False,30,330.0,323.0,7.0,Low Discount,In Stock,Mid-Range,Light,Bulk Pack,3163
Paan Corner,Garnier Colour Naturals Hair Colour - 1 Natural Black,8000,0,1,8000,60,False,60,80.0,80.0,0.0,No Discount,Low Stock,Affordable,Light,Bulk Pack,3164
Paan Corner,Axe Pulse Men's Deodorant,21000,0,6,21000,150,False,150,210.0,210.0,0.0,No Discount,In Stock,Mid-Range,Light,Bulk Pack,3165
Paan Corner,Colgate Zigzag Charcoal Soft Bristle Toothbrush - 4 Pcs,9900,0,6,9900,232,False,4,99.0,99.0,0.0,No Discount,In Stock,Affordable,Light,Medium Pack,3166
Paan Corner,Whisper Ultra Clean Wings XL+  Pouch,44900,7,6,41500,44,False,44,449.0,415.0,34.0,Low Discount,In Stock,Mid-Range,Light,Bulk Pack,3167
Paan Corner,Whisper Choice Regular Sanitary Pads,9000,0,6,9000,1160,False,20,90.0,90.0,0.0,No Discount,In Stock,Affordable,Extra Heavy,Bulk Pack,3168
Paan Corner,Axe Dark Temptation Men's Deodorant,21000,7,5,19400,150,False,150,210.0,194.0,16.0,Low Discount,Low Stock,Affordable,Light,Bulk Pack,3169
Paan Corner,Head & Shoulders Anti-Dandruff Smooth & Silky Shampoo,15000,0,4,15000,180,False,180,150.0,150.0,0.0,No Discount,Low Stock,Affordable,Light,Bulk Pack,3170
Paan Corner,Clinic Plus Strength & Shine Shampoo With Egg Protein ,10500,0,2,10500,175,False,175,105.0,105.0,0.0,No Discount,Low Stock,Affordable,Light,Bulk Pack,3171
Paan Corner,Engage M1 Perfume Spray for Men ,21000,7,6,19400,120,False,120,210.0,194.0,16.0,Low Discount,In Stock,Affordable,Light,Bulk Pack,3172
Paan Corner,Tresemme Keratin Smooth Conditioner,38000,0,3,38000,340,False,340,380.0,380.0,0.0,No Discount,Low Stock,Mid-Range,Medium,Bulk Pack,3173
Paan Corner,"Garnier Color Naturals Crème Hair Color, Shade 5 Light Brown",18000,0,1,18000,100,False,100,180.0,180.0,0.0,No Discount,Low Stock,Affordable,Light,Bulk Pack,3174
Paan Corner,Origami Aloe Vera Wipes,7500,13,4,6500,25,False,25,75.0,65.0,10.0,Medium Discount,Low Stock,Affordable,Light,Bulk Pack,3175
Paan Corner,"Engage Drizzle Deodorant For Women, Floral And Lavender, Skin Friendly",19500,10,6,17400,150,False,150,195.0,174.0,21.0,Low Discount,In Stock,Affordable,Light,Bulk Pack,3176
Paan Corner,Gellette Presto Ready Shaver,2000,0,1,2000,58,False,1,20.0,20.0,0.0,No Discount,Low Stock,Budget,Light,Single,3177
Paan Corner,Colgate Max Fresh Plax Mouthwash - Fresh Mint,15000,20,5,12000,250,False,250,150.0,120.0,30.0,Medium Discount,Low Stock,Affordable,Light,Bulk Pack,3178
Paan Corner,Colgate Zig Zag Charcoal Medium Toothbrush 4 Pcs,9900,0,6,9900,232,False,4,99.0,99.0,0.0,No Discount,In Stock,Affordable,Light,Medium Pack,3179
Paan Corner,Godrej Protekt,9900,0,3,9900,750,False,750,99.0,99.0,0.0,No Discount,Low Stock,Affordable,Heavy,Bulk Pack,3180
Paan Corner,Colgate Total Charcoal Anticavity Toothpaste,11000,10,3,9900,120,False,120,110.0,99.0,11.0,Low Discount,Low Stock,Affordable,Light,Bulk Pack,3181
Paan Corner,Colgate Kids 0-2 Extra Soft Tooth Brush,3000,16,6,2500,58,False,1,30.0,25.0,5.0,Medium Discount,In Stock,Budget,Light,Single,3182
Paan Corner,Gillete Mach3 ,26000,10,6,23400,116,False,2,260.0,234.0,26.0,Low Discount,In Stock,Mid-Range,Light,Small Pack,3183
Paan Corner,Maybelline New York Colossal Kajal Black,14900,0,2,14900,0,False,0,149.0,149.0,0.0,No Discount,Low Stock,Affordable,Light,Single,3184
Paan Corner,Godrej Cinthol Lime Talc,5500,0,3,5500,100,False,100,55.0,55.0,0.0,No Discount,Low Stock,Affordable,Light,Bulk Pack,3185
Paan Corner,Hamam Soap Bar Neem Tulsi and Aloe Vera,5800,0,6,5800,150,False,150,58.0,58.0,0.0,No Discount,In Stock,Affordable,Light,Bulk Pack,3186
Paan Corner,"Godrej Expert Rich Crème, Burgundy",3300,0,6,3300,20,False,20,33.0,33.0,0.0,No Discount,In Stock,Budget,Light,Bulk Pack,3187
Paan Corner,Colgate Gentle Sensitive+ Toothbrush Pack Of 4,12000,10,4,10800,232,False,4,120.0,108.0,12.0,Low Discount,Low Stock,Affordable,Light,Medium Pack,3188
Paan Corner,Nivea Creme All Season Multi-Purpose Cream ,17500,10,4,15700,100,False,100,175.0,157.0,18.0,Low Discount,Low Stock,Affordable,Light,Bulk Pack,3189
Paan Corner,Oral-B Charcoal Deep Clean Stain Removal Toothbrush Medium,9900,0,1,9900,232,False,4,99.0,99.0,0.0,No Discount,Low Stock,Affordable,Light,Medium Pack,3190
Paan Corner,Mamaearth 100% Natural Berry Blast Kids Toothpaste,14900,10,4,13400,50,False,50,149.0,134.0,15.0,Low Discount,Low Stock,Affordable,Light,Bulk Pack,3191
Paan Corner,HImalaya Gentle Baby Wipes,20000,10,3,18000,72,False,72,200.0,180.0,20.0,Low Discount,Low Stock,Affordable,Light,Bulk Pack,3192
Paan Corner,Stayfree Dry Max All Night XL Dry Cover Sanitary Pads,34000,12,6,29800,28,False,28,340.0,298.0,42.0,Medium Discount,In Stock,Mid-Range,Light,Bulk Pack,3193
Paan Corner,"L'Oreal Paris Excellence Creme Hair Color, 1 Black",62000,0,1,62000,172,False,172,620.0,620.0,0.0,No Discount,Low Stock,Premium,Light,Bulk Pack,3194
Paan Corner,Fem Fairness Naturals Saffron Skin Bleach,8500,15,4,7200,64,False,64,85.0,72.0,13.0,Medium Discount,Low Stock,Affordable,Light,Bulk Pack,3195
Paan Corner,Engage Woman Blush Body Deo Spray,19500,10,5,17400,150,False,150,195.0,174.0,21.0,Low Discount,Low Stock,Affordable,Light,Bulk Pack,3196
Paan Corner,Dove Pink Rosa Beauty Bathinhg Bar,6000,0,6,6000,100,False,100,60.0,60.0,0.0,No Discount,In Stock,Affordable,Light,Bulk Pack,3197
Paan Corner,Sebamed Cleansing Bar,9900,10,4,8900,100,False,100,99.0,89.0,10.0,Low Discount,Low Stock,Affordable,Light,Bulk Pack,3198
Paan Corner,Pampers Premium Care Pants - Large,109900,18,2,89900,44,False,44,1099.0,899.0,200.0,Medium Discount,Low Stock,Premium,Light,Bulk Pack,3199
Paan Corner,Nivea Women Deodorant Fresh Natural Long Lasting Freshness & 48h Protection,19900,20,2,15900,150,False,150,199.0,159.0,40.0,Medium Discount,Low Stock,Affordable,Light,Bulk Pack,3200
Paan Corner,"L'Oreal Paris Excellence Creme Hair Color, 3 Dark Brown/Natural Darkest Brown",62000,0,6,62000,172,False,172,620.0,620.0,0.0,No Discount,In Stock,Premium,Light,Bulk Pack,3201
Paan Corner,Patanjali Kesh Kanti Natural Hair Cleanser,7500,9,4,6800,200,False,200,75.0,68.0,7.0,Low Discount,Low Stock,Affordable,Light,Bulk Pack,3202
Paan Corner,Godrej No.1 Bathing Soap – Lime & Aloe Vera,14900,0,6,14900,600,False,600,149.0,149.0,0.0,No Discount,In Stock,Affordable,Heavy,Bulk Pack,3203
Paan Corner,Pantene Advanced Control Hair Fall Solution Shampoo,12000,6,5,11200,180,False,180,120.0,112.0,8.0,Low Discount,Low Stock,Affordable,Light,Bulk Pack,3204
Paan Corner,Veet Full Body Waxing Kit For Dry Skin,23500,7,6,21800,1160,False,20,235.0,218.0,17.0,Low Discount,In Stock,Mid-Range,Extra Heavy,Bulk Pack,3205
Paan Corner,Johnson's Baby Skincare Wipes,24500,9,6,22100,72,False,72,245.0,221.0,24.0,Low Discount,In Stock,Mid-Range,Light,Bulk Pack,3206
Paan Corner,Gillette Lemon Lime Shaving Foam,19900,11,4,17700,196,False,196,199.0,177.0,22.0,Medium Discount,Low Stock,Affordable,Light,Bulk Pack,3207
Paan Corner,Old Spice After Shave Lotion Musk,21500,6,3,20000,100,False,100,215.0,200.0,15.0,Low Discount,Low Stock,Affordable,Light,Bulk Pack,3208
Paan Corner,Whisper Ultra Soft Air Fresh Sanitary Pads (XL) with Wings,31500,0,4,31500,30,False,30,315.0,315.0,0.0,No Discount,Low Stock,Mid-Range,Light,Bulk Pack,3209
Paan Corner,Himalaya Baby Powder,8000,8,4,7300,100,False,100,80.0,73.0,7.0,Low Discount,Low Stock,Affordable,Light,Bulk Pack,3210
Paan Corner,Fiama Men's Refreshing Pulse Shower Gel,22500,20,4,18000,250,False,250,225.0,180.0,45.0,Medium Discount,Low Stock,Affordable,Light,Bulk Pack,3211
Paan Corner,Whisper Ultra Clean XL Plus Sanitary Pad,17500,0,5,17500,870,False,15,175.0,175.0,0.0,No Discount,Low Stock,Affordable,Heavy,Bulk Pack,3212
Paan Corner,Johnson's Baby Powder,14300,0,6,14300,200,False,200,143.0,143.0,0.0,No Discount,In Stock,Affordable,Light,Bulk Pack,3213
Paan Corner,Dove Cream Beauty Bathing Bar,23500,9,6,21200,125,False,125,235.0,212.0,23.0,Low Discount,In Stock,Mid-Range,Light,Bulk Pack,3214
Paan Corner,Patanjali Kesh Kanti Shikakai Hair Cleanser,9500,0,4,9500,200,False,200,95.0,95.0,0.0,No Discount,Low Stock,Affordable,Light,Bulk Pack,3215
Paan Corner,L'Oreal Paris Color Protect Conditioner,19900,0,3,19900,192,False,192,199.0,199.0,0.0,No Discount,Low Stock,Affordable,Light,Bulk Pack,3216
Paan Corner,Nivea Men Active Clean with Active Charcoal Shower Gel for Body Face & Hair,19900,4,5,19100,250,False,250,199.0,191.0,8.0,Low Discount,Low Stock,Affordable,Light,Bulk Pack,3217
Paan Corner,L'Oreal 6 Oil Nourish Conditioner,13500,0,1,13500,192,False,192,135.0,135.0,0.0,No Discount,Low Stock,Affordable,Light,Bulk Pack,3218
Paan Corner,Godrej Easy Natural Black Hair Colour,2500,0,5,2500,20,False,20,25.0,25.0,0.0,No Discount,Low Stock,Budget,Light,Bulk Pack,3219
Paan Corner,Dabur Gulabari Rose Water Daily Glow,8000,6,2,7500,250,False,250,80.0,75.0,5.0,Low Discount,Low Stock,Affordable,Light,Bulk Pack,3220
Paan Corner,Himalaya Purifying Neem Face Wash,17000,10,6,15300,150,False,150,170.0,153.0,17.0,Low Discount,In Stock,Affordable,Light,Bulk Pack,3221
Paan Corner,Fem Fairness Naturals Gold Skin Bleach,6500,9,3,5900,24,False,24,65.0,59.0,6.0,Low Discount,Low Stock,Affordable,Light,Bulk Pack,3222
Paan Corner,Whisper Choice Ultra XL Sanitary Pad,13300,2,5,13000,1160,False,20,133.0,130.0,3.0,Low Discount,Low Stock,Affordable,Extra Heavy,Bulk Pack,3223
Paan Corner,Dove Dandruff Care Shampoo,15800,6,5,14700,180,False,180,158.0,147.0,11.0,Low Discount,Low Stock,Affordable,Light,Bulk Pack,3224
Paan Corner,Head & Shoulders Anti Dandruff Anti Hairfall Shampoo,28500,0,5,28500,340,False,240,285.0,285.0,0.0,No Discount,Low Stock,Mid-Range,Medium,Bulk Pack,3225
Paan Corner,L'Oreal Casting Creme Ebony Black Hair Color,55000,0,6,55000,159,False,87,550.0,550.0,0.0,No Discount,In Stock,Premium,Light,Bulk Pack,3226
Paan Corner,Mamaearth Onion Hair Oil,39900,10,6,35900,150,False,150,399.0,359.0,40.0,Low Discount,In Stock,Mid-Range,Light,Bulk Pack,3227
Paan Corner,L'Oreal Paris Casting Creme Gloss Hair Color (Dark Brown 400),55000,0,4,55000,159,False,159,550.0,550.0,0.0,No Discount,Low Stock,Premium,Light,Bulk Pack,3228
Paan Corner,Palmolive Naturals Sea Minerals Liquid Hand Wash,9900,10,6,8900,250,False,250,99.0,89.0,10.0,Low Discount,In Stock,Affordable,Light,Bulk Pack,3229
Paan Corner,Oral-B Extra Soft Bristles Sensitive ,9800,0,4,9800,232,False,4,98.0,98.0,0.0,No Discount,Low Stock,Affordable,Light,Medium Pack,3230
Paan Corner,Engage M3 Perfume Spray for Men,20000,10,3,18000,120,False,120,200.0,180.0,20.0,Low Discount,Low Stock,Affordable,Light,Bulk Pack,3231
Paan Corner,Mamaearth Deeply Nourishing wash for Babies,19900,0,4,19900,200,False,200,199.0,199.0,0.0,No Discount,Low Stock,Affordable,Light,Bulk Pack,3232
Paan Corner,Dettol Original Soap (B4G1),26000,5,6,24700,625,False,625,260.0,247.0,13.0,Low Discount,In Stock,Mid-Range,Heavy,Bulk Pack,3233
Paan Corner,Woodward's Gripe Water,7500,0,6,7500,200,False,200,75.0,75.0,0.0,No Discount,In Stock,Affordable,Light,Bulk Pack,3234
Paan Corner,"MamyPoko Pants Extra Absorb Diapers, New Born",29900,6,5,27900,28,False,28,299.0,279.0,20.0,Low Discount,Low Stock,Mid-Range,Light,Bulk Pack,3235
Paan Corner,Johnson's Baby Soap,7000,0,6,7000,100,False,100,70.0,70.0,0.0,No Discount,In Stock,Affordable,Light,Bulk Pack,3236
Paan Corner,Engage M4 Perfume Spray For Men,20000,10,6,18000,120,False,120,200.0,180.0,20.0,Low Discount,In Stock,Affordable,Light,Bulk Pack,3237
Paan Corner,Fem Fairness Naturals Hair Removal Cream Fair & Soft - Gold,6500,10,4,5800,40,False,40,65.0,58.0,7.0,Low Discount,Low Stock,Affordable,Light,Bulk Pack,3238
Paan Corner,Dove Hair Fall Rescue Conditioner,19000,0,4,19000,175,False,175,190.0,190.0,0.0,No Discount,Low Stock,Affordable,Light,Bulk Pack,3239
Paan Corner,Himalaya Anti Hair Fall Shampoo,13000,12,2,11400,200,False,200,130.0,114.0,16.0,Medium Discount,Low Stock,Affordable,Light,Bulk Pack,3240
Paan Corner,Fiama Peach & Avocado Gel Bar,17600,10,3,15800,375,False,375,176.0,158.0,18.0,Low Discount,Low Stock,Affordable,Medium,Bulk Pack,3241
Paan Corner,Pears Pure & Gentle Value Pack Of 4 Bathing Soap ,12500,0,6,12500,75,False,75,125.0,125.0,0.0,No Discount,In Stock,Affordable,Light,Bulk Pack,3242
Paan Corner,Fiama Fresh Hand Wash,15000,6,3,14000,400,False,400,150.0,140.0,10.0,Low Discount,Low Stock,Affordable,Medium,Bulk Pack,3243
Paan Corner,Palmolive Black Orchid And Milk Liquid Hand Wash,9900,10,6,8900,250,False,250,99.0,89.0,10.0,Low Discount,In Stock,Affordable,Light,Bulk Pack,3244
Paan Corner,Oral-B Criss Cross Medium Toothbrush (Buy 2 Get 2 Free),16000,0,5,16000,232,False,4,160.0,160.0,0.0,No Discount,Low Stock,Affordable,Light,Medium Pack,3245
Paan Corner,Gillette Mach 3 Turbo Razor,34900,6,5,32500,58,False,1,349.0,325.0,24.0,Low Discount,Low Stock,Mid-Range,Light,Single,3246
Paan Corner,Himalaya Baby Lotion,16500,12,3,14500,200,False,200,165.0,145.0,20.0,Medium Discount,Low Stock,Affordable,Light,Bulk Pack,3247
Paan Corner,Head & Shoulders 2-in-1 Cool Menthol Anti Dandruff Shampoo + Conditioner,37500,0,1,37500,340,False,180,375.0,375.0,0.0,No Discount,Low Stock,Mid-Range,Medium,Bulk Pack,3248
Paan Corner,Sunsilk Lusciously Thick & Long Shampoo,24900,6,6,23400,340,False,340,249.0,234.0,15.0,Low Discount,In Stock,Mid-Range,Medium,Bulk Pack,3249
Paan Corner,Fiama Di Wills Men's Refreshing Pulse Shower Gel,22500,4,3,21400,250,False,250,225.0,214.0,11.0,Low Discount,Low Stock,Mid-Range,Light,Bulk Pack,3250
Paan Corner,Sebamed Anti - Dandruff Shampoo,60000,10,2,54000,200,False,200,600.0,540.0,60.0,Low Discount,Low Stock,Premium,Light,Bulk Pack,3251
Paan Corner,Listerine Cool Mint Mouthwash - Mild Taste,15000,10,6,13500,250,False,250,150.0,135.0,15.0,Low Discount,In Stock,Affordable,Light,Bulk Pack,3252
Paan Corner,"L'Oreal Paris Excellence Creme Hair Color, 4.25 Aishwarya's Brown",62000,0,6,62000,172,False,172,620.0,620.0,0.0,No Discount,In Stock,Premium,Light,Bulk Pack,3253
Paan Corner,Himalaya Gentle Baby Bath,16500,9,6,15000,200,False,200,165.0,150.0,15.0,Low Discount,In Stock,Affordable,Light,Bulk Pack,3254
Paan Corner,"L'Oreal Paris Casting Creme Gloss Hair Color, Medium Brown 500",55000,0,4,55000,160,False,159,550.0,550.0,0.0,No Discount,Low Stock,Premium,Light,Bulk Pack,3255
Paan Corner,L'Oreal Paris Color Protect Shampoo,28200,0,3,28200,360,False,360,282.0,282.0,0.0,No Discount,Low Stock,Mid-Range,Medium,Bulk Pack,3256
Paan Corner,Fiama Di Wills Lemongrass & Jojoba Gel Bar,17600,10,6,15800,375,False,375,176.0,158.0,18.0,Low Discount,In Stock,Affordable,Medium,Bulk Pack,3257
Paan Corner,Colgate Plax Peppermint Mouthwash,15000,20,5,12000,250,False,250,150.0,120.0,30.0,Medium Discount,Low Stock,Affordable,Light,Bulk Pack,3258
Paan Corner,Dove Daily Shine Conditioner,9000,10,1,8100,80,False,80,90.0,81.0,9.0,Low Discount,Low Stock,Affordable,Light,Bulk Pack,3259
Paan Corner,Patanjali Kesh Kanti Anti Dandruff Hair Cleanser,11000,0,6,11000,200,False,200,110.0,110.0,0.0,No Discount,In Stock,Affordable,Light,Bulk Pack,3260
Paan Corner,Old Spice Original After Shave Lotion,25000,0,1,25000,150,False,150,250.0,250.0,0.0,No Discount,Low Stock,Mid-Range,Light,Bulk Pack,3261
Paan Corner,Dove Hair Fall Rescue Shampoo,13700,10,4,12300,180,False,180,137.0,123.0,14.0,Low Discount,Low Stock,Affordable,Light,Bulk Pack,3262
Paan Corner,Dettol Clinical Strength Hand Sanitizer Liquid,25000,10,6,22500,500,False,500,250.0,225.0,25.0,Low Discount,In Stock,Mid-Range,Medium,Bulk Pack,3263
Paan Corner,Nivea Soft Light Moisturizer for Face Hand & Body Non-Sticky Cream with Vitamin E & Jojoba Oil,39900,20,3,31900,300,False,300,399.0,319.0,80.0,Medium Discount,Low Stock,Mid-Range,Medium,Bulk Pack,3264
Paan Corner,Comfy Baby Pants XL 12-17 kg,42900,15,1,36400,24,False,24,429.0,364.0,65.0,Medium Discount,Low Stock,Mid-Range,Light,Bulk Pack,3265
Paan Corner,Dettol Liquid Handwash With Free Liquid,9900,0,6,9900,200,False,200,99.0,99.0,0.0,No Discount,In Stock,Affordable,Light,Bulk Pack,3266
Paan Corner,Nivea Body Milk Lotion for Very Dry Skin,39900,20,6,31900,400,False,400,399.0,319.0,80.0,Medium Discount,In Stock,Mid-Range,Medium,Bulk Pack,3267
Paan Corner,Lakme Sun Expert,22500,0,6,22500,60,False,60,225.0,225.0,0.0,No Discount,In Stock,Mid-Range,Light,Bulk Pack,3268
Paan Corner,Head & shoulders Anti Dandruff Shampoo Cool Menthol,17000,0,6,17000,180,False,180,170.0,170.0,0.0,No Discount,In Stock,Affordable,Light,Bulk Pack,3269
Paan Corner,Godrej Nupur Henna,7500,0,5,7500,150,False,120,75.0,75.0,0.0,No Discount,Low Stock,Affordable,Light,Bulk Pack,3270
Paan Corner,Johnson's Baby Lotion,10000,0,4,10000,100,False,100,100.0,100.0,0.0,No Discount,Low Stock,Affordable,Light,Bulk Pack,3271
Paan Corner,Himalaya Anti Dandruff Shampoo,14000,10,1,12600,200,False,200,140.0,126.0,14.0,Low Discount,Low Stock,Affordable,Light,Bulk Pack,3272
Paan Corner,Maybelline New York Colossal Kajal Super Black,30000,8,3,27500,0,False,0,300.0,275.0,25.0,Low Discount,Low Stock,Mid-Range,Light,Single,3273
Paan Corner,Stayfree Dry-Max All Night Ultra-Dry Sanitary Pad,9000,10,6,8100,406,False,7,90.0,81.0,9.0,Low Discount,In Stock,Affordable,Medium,Large Pack,3274
Paan Corner,Dove Daily Shine Shampoo,64500,5,3,61200,650,False,650,645.0,612.0,33.0,Low Discount,Low Stock,Premium,Heavy,Bulk Pack,3275
Paan Corner,Godrej Easy 5 Minute Natural Brown 4 Hair Colour,2900,0,5,2900,20,False,20,29.0,29.0,0.0,No Discount,Low Stock,Budget,Light,Bulk Pack,3276
Paan Corner,Colgate Sensitive Plus Enamel Toothpaste Tube,14000,0,6,14000,160,False,160,140.0,140.0,0.0,No Discount,In Stock,Affordable,Light,Bulk Pack,3277
Paan Corner,Colgate Max Fresh Peppermint Toothpaste ,18200,15,6,15400,300,False,300,182.0,154.0,28.0,Medium Discount,In Stock,Affordable,Medium,Bulk Pack,3278
Paan Corner,Pond's Light Moisturiser,30900,10,6,27800,250,False,250,309.0,278.0,31.0,Low Discount,In Stock,Mid-Range,Light,Bulk Pack,3279
Paan Corner,Engage Mate For Man Deo Spray,19500,10,5,17400,150,False,150,195.0,174.0,21.0,Low Discount,Low Stock,Affordable,Light,Bulk Pack,3280
Paan Corner,Pantene Advanced Hair Fall Solution Shampoo - Total Damage Care,12000,0,5,12000,180,False,180,120.0,120.0,0.0,No Discount,Low Stock,Affordable,Light,Bulk Pack,3281
Paan Corner,Whisper Choice Regular Wing Sanitary Pad,3000,0,2,3000,406,False,7,30.0,30.0,0.0,No Discount,Low Stock,Budget,Medium,Large Pack,3282
Paan Corner,Colgate Slim Soft Charcoal Toothbrush,15000,18,4,12300,232,False,4,150.0,123.0,27.0,Medium Discount,Low Stock,Affordable,Light,Medium Pack,3283
Paan Corner,Fiama Scents Juniper & Geranium Body Wash,19900,6,5,18600,250,False,250,199.0,186.0,13.0,Low Discount,Low Stock,Affordable,Light,Bulk Pack,3284
Paan Corner,Mamaearth Ubtan Body Lotion,39900,15,4,33900,400,False,400,399.0,339.0,60.0,Medium Discount,Low Stock,Mid-Range,Medium,Bulk Pack,3285
Paan Corner,Godrej Aer Power Pocket - Long Lasting Bathroom Fragrance Floral Delight,5500,0,6,5500,10,False,10,55.0,55.0,0.0,No Discount,In Stock,Affordable,Light,Large Pack,3286
Paan Corner,Himalaya Anti-Hair Fall Shampoo,23000,18,1,18800,400,False,400,230.0,188.0,42.0,Medium Discount,Low Stock,Affordable,Medium,Bulk Pack,3287
Paan Corner,Nivea Soft Light Moisturizer for Face Hand & Body Non-Sticky Cream with Vitamin E & Jojoba Oil,31000,15,6,26300,200,False,200,310.0,263.0,47.0,Medium Discount,In Stock,Mid-Range,Light,Bulk Pack,3288
Paan Corner,Engage M2 Perfume Spray For Men,20000,10,6,18000,120,False,120,200.0,180.0,20.0,Low Discount,In Stock,Affordable,Light,Bulk Pack,3289
Paan Corner,Mamaearth Ubtan Face Scrub Turmeric & Walnut,34900,10,1,31400,100,False,100,349.0,314.0,35.0,Low Discount,Low Stock,Mid-Range,Light,Bulk Pack,3290
Paan Corner,Himalaya Purifying Neem Face Wash Tube,27000,15,6,22900,300,False,300,270.0,229.0,41.0,Medium Discount,In Stock,Mid-Range,Medium,Bulk Pack,3291
Paan Corner,Johnson's Baby Top To Toe Bath Body Wash,16500,0,4,16500,210,False,210,165.0,165.0,0.0,No Discount,Low Stock,Affordable,Light,Bulk Pack,3292
Paan Corner,Gillette Mach 3 Start,24900,0,6,24900,116,False,2,249.0,249.0,0.0,No Discount,In Stock,Mid-Range,Light,Small Pack,3293
Paan Corner,Scalpe Pro Anti dandruff Shampoo 100ml,18500,0,2,18500,100,False,100,185.0,185.0,0.0,No Discount,Low Stock,Affordable,Light,Bulk Pack,3294
Paan Corner,Johnson's Baby Cream,15000,0,6,15000,100,False,100,150.0,150.0,0.0,No Discount,In Stock,Affordable,Light,Bulk Pack,3295
Paan Corner,Johnson's Baby Soap,10500,0,6,10500,150,False,150,105.0,105.0,0.0,No Discount,In Stock,Affordable,Light,Bulk Pack,3296
Paan Corner,Himalaya Gentle Baby Shampoo,32000,17,6,26500,400,False,400,320.0,265.0,55.0,Medium Discount,In Stock,Mid-Range,Medium,Bulk Pack,3297
Paan Corner,L'Oreal Paris Shine Masque Royal Jelly Hair Colour,55000,0,3,55000,88,False,87,550.0,550.0,0.0,No Discount,Low Stock,Premium,Light,Bulk Pack,3298
Paan Corner,Engage Rush Deodorant For Men,19000,11,6,16900,150,False,150,190.0,169.0,21.0,Medium Discount,In Stock,Affordable,Light,Bulk Pack,3299
Paan Corner,Clean & Clear Foaming Face Wash,14000,10,4,12600,100,False,100,140.0,126.0,14.0,Low Discount,Low Stock,Affordable,Light,Bulk Pack,3300
Paan Corner,Dettol Lather Shaving Cream,7500,5,6,7100,78,False,78,75.0,71.0,4.0,Low Discount,In Stock,Affordable,Light,Bulk Pack,3301
Paan Corner,Gillette Classic Regular Pre Shave Foam,19900,0,4,19900,196,False,196,199.0,199.0,0.0,No Discount,Low Stock,Affordable,Light,Bulk Pack,3302
Paan Corner,Dove Daily Shine Conditioner,19000,0,6,19000,175,False,180,190.0,190.0,0.0,No Discount,In Stock,Affordable,Light,Bulk Pack,3303
Paan Corner,Johnson's Baby Shampoo,18000,0,6,18000,200,False,200,180.0,180.0,0.0,No Discount,In Stock,Affordable,Light,Bulk Pack,3304
Paan Corner,Park Avenue Beer Shampoo ,15500,9,4,14000,180,False,180,155.0,140.0,15.0,Low Discount,Low Stock,Affordable,Light,Bulk Pack,3305
Paan Corner,Pantene Advanced Hair Fall Solution Silky Smooth Care Shampoo,12000,6,6,11200,180,False,180,120.0,112.0,8.0,Low Discount,In Stock,Affordable,Light,Bulk Pack,3306
Paan Corner,Fem Fairness Naturals Hair Removal Cream Fair & Soft - Rose,6500,10,6,5800,40,False,40,65.0,58.0,7.0,Low Discount,In Stock,Affordable,Light,Bulk Pack,3307
Paan Corner,Sunsilk Stunning Black Shine Shampoo,55500,6,6,52100,650,False,650,555.0,521.0,34.0,Low Discount,In Stock,Premium,Heavy,Bulk Pack,3308
Paan Corner,Dabur Meswak Toothpaste,10000,0,1,10000,200,False,200,100.0,100.0,0.0,No Discount,Low Stock,Affordable,Light,Bulk Pack,3309
Paan Corner,Patanjali Kesh Kanti Reetha Hair Cleanser,8500,0,5,8500,200,False,200,85.0,85.0,0.0,No Discount,Low Stock,Affordable,Light,Bulk Pack,3310
Paan Corner,Nivea Lip Balm Soft Rose for 24h Moisture with Natural Oils Delicate Rose Shine,18500,8,6,16900,5,False,4,185.0,169.0,16.0,Low Discount,In Stock,Affordable,Light,Medium Pack,3311
Paan Corner,Santoor Total Skin Care Soap With Sandal & Turmeric,18000,0,6,18000,600,False,600,180.0,180.0,0.0,No Discount,In Stock,Affordable,Heavy,Bulk Pack,3312
Paan Corner,"L'Oreal Paris Excellence Creme Hair Color, 4 Natural Brown/Natural Dark Brown",62000,0,1,62000,172,False,172,620.0,620.0,0.0,No Discount,Low Stock,Premium,Light,Bulk Pack,3313
Paan Corner,Gillette Pre Shave Foam - Classic Regular Skin,22500,0,6,22500,418,False,418,225.0,225.0,0.0,No Discount,In Stock,Mid-Range,Medium,Bulk Pack,3314
Paan Corner,Fiama Di Wills Shower Gel Patchouli & Macadamia,19900,10,6,17900,250,False,250,199.0,179.0,20.0,Low Discount,In Stock,Affordable,Light,Bulk Pack,3315
Paan Corner,Listerine Fresh Burst Mouthwash,14000,10,4,12600,250,False,250,140.0,126.0,14.0,Low Discount,Low Stock,Affordable,Light,Bulk Pack,3316
Paan Corner,Nivea Cocoa Nourish Body Lotion With Coconut Oil & Cocoa Butter For Very Dry Skin ,29900,17,5,24700,200,False,200,299.0,247.0,52.0,Medium Discount,Low Stock,Mid-Range,Light,Bulk Pack,3317
Paan Corner,Pantene Hair Fall Control Shampoo,24000,7,2,22100,340,False,340,240.0,221.0,19.0,Low Discount,Low Stock,Mid-Range,Medium,Bulk Pack,3318
Paan Corner,Fogg Master - Royal Intense,25000,0,5,25000,120,False,120,250.0,250.0,0.0,No Discount,Low Stock,Mid-Range,Light,Bulk Pack,3319
Paan Corner,TRESemme Smooth And Shine Conditioner,22000,0,5,22000,190,False,190,220.0,220.0,0.0,No Discount,Low Stock,Mid-Range,Light,Bulk Pack,3320
Paan Corner,Whisper Ultra Clean XL Plus Sanitary Pad,15500,0,6,15500,870,False,15,155.0,155.0,0.0,No Discount,In Stock,Affordable,Heavy,Bulk Pack,3321
Paan Corner,"Colgate Kids Toothpaste - 6+ Years, Strawberry Flavour",9300,5,6,8800,80,False,80,93.0,88.0,5.0,Low Discount,In Stock,Affordable,Light,Bulk Pack,3322
Paan Corner,Nivea Soft Moisturizing Cream,31000,12,1,27200,200,False,200,310.0,272.0,38.0,Medium Discount,Low Stock,Mid-Range,Light,Bulk Pack,3323
Paan Corner,Patanjali Kesh Kanti Aloe Vera Hair Cleanser,8500,0,5,8500,200,False,200,85.0,85.0,0.0,No Discount,Low Stock,Affordable,Light,Bulk Pack,3324
Paan Corner,Neutrogena Deep Clean Foaming Cleanser,13000,11,2,11500,50,False,50,130.0,115.0,15.0,Medium Discount,Low Stock,Affordable,Light,Bulk Pack,3325
Paan Corner,Clean & Clear Morning Energy Berry Face Wash,15500,6,6,14500,100,False,100,155.0,145.0,10.0,Low Discount,In Stock,Affordable,Light,Bulk Pack,3326
Paan Corner,Pampers Premium Care New Baby Pants,32000,0,4,32000,24,False,24,320.0,320.0,0.0,No Discount,Low Stock,Mid-Range,Light,Bulk Pack,3327
Paan Corner,Vaseline Intensive Care Aloe Fresh,22500,9,6,20300,200,False,200,225.0,203.0,22.0,Low Discount,In Stock,Mid-Range,Light,Bulk Pack,3328
Paan Corner,L'Oreal Paris Dream Lengths Shampoo,14900,0,6,14900,192,False,192,149.0,149.0,0.0,No Discount,In Stock,Affordable,Light,Bulk Pack,3329
Paan Corner,Johnson's Baby Oil,11500,0,4,11500,100,False,100,115.0,115.0,0.0,No Discount,Low Stock,Affordable,Light,Bulk Pack,3330
Paan Corner,Engage Man Rush Deodorant,19500,9,6,17600,150,False,150,195.0,176.0,19.0,Low Discount,In Stock,Affordable,Light,Bulk Pack,3331
Paan Corner,Pantene Advanced Hair Fall Solution Shampoo - Total Damage Care,26400,0,6,26400,340,False,340,264.0,264.0,0.0,No Discount,In Stock,Mid-Range,Medium,Bulk Pack,3332
Paan Corner,Whisper Daily Liners Clean and Fresh,10500,0,4,10500,1160,False,20,105.0,105.0,0.0,No Discount,Low Stock,Affordable,Extra Heavy,Bulk Pack,3333
Paan Corner,Himalaya Men Pimple Clear Neem Face Wash,18000,9,2,16300,100,False,100,180.0,163.0,17.0,Low Discount,Low Stock,Affordable,Light,Bulk Pack,3334
Paan Corner,Pantene Adv Hairfall Solution Conditioner Silky Smooth,19000,0,5,19000,200,False,200,190.0,190.0,0.0,No Discount,Low Stock,Affordable,Light,Bulk Pack,3335
Paan Corner,Himalaya Prickly Heat Baby Powder,9000,10,6,8100,100,False,100,90.0,81.0,9.0,Low Discount,In Stock,Affordable,Light,Bulk Pack,3336
Paan Corner,Mamaearth Daily Moisturizing Lotion For Babies,19900,0,6,19900,200,False,200,199.0,199.0,0.0,No Discount,In Stock,Affordable,Light,Bulk Pack,3337
Paan Corner,Stayfree Advanced XL Ultra Comfort Sanitary napkins with Wings,17500,0,3,17500,812,False,14,175.0,175.0,0.0,No Discount,Low Stock,Affordable,Heavy,Bulk Pack,3338
Paan Corner,Pampers Premium Care Pants - Medium,109900,18,6,89900,54,False,54,1099.0,899.0,200.0,Medium Discount,In Stock,Premium,Light,Bulk Pack,3339
Paan Corner,Fiama Men's Refreshing Pulse Shower Gel,19900,10,6,17900,250,False,250,199.0,179.0,20.0,Low Discount,In Stock,Affordable,Light,Bulk Pack,3340
Paan Corner,Vaseline Original Skin Protecting Jelly,12500,10,6,11200,100,False,100,125.0,112.0,13.0,Low Discount,In Stock,Affordable,Light,Bulk Pack,3341
Paan Corner,Clean & Clear Foaming Face Wash,18000,10,6,16200,150,False,150,180.0,162.0,18.0,Low Discount,In Stock,Affordable,Light,Bulk Pack,3342
Paan Corner,Fiama Lemongrass and Jojoba Shower Gel,22500,20,6,18000,250,False,250,225.0,180.0,45.0,Medium Discount,In Stock,Affordable,Light,Bulk Pack,3343
Paan Corner,Oral-B Charcoal Cross Cross Extra Soft Toothbrush (Buy 2 Get 1 Free),18000,0,1,18000,174,False,3,180.0,180.0,0.0,No Discount,Low Stock,Affordable,Light,Small Pack,3344
Paan Corner,Listerine Fresh Burst Mouthwash,28500,7,6,26300,500,False,500,285.0,263.0,22.0,Low Discount,In Stock,Mid-Range,Medium,Bulk Pack,3345
Paan Corner,Veet Full Body Waxing Kit,23500,7,6,21800,1160,False,20,235.0,218.0,17.0,Low Discount,In Stock,Mid-Range,Extra Heavy,Bulk Pack,3346
Paan Corner,Listerine Original Mouthwash,5500,9,6,5000,80,False,80,55.0,50.0,5.0,Low Discount,In Stock,Budget,Light,Bulk Pack,3347
Paan Corner,Santoor Almond Soft With Sandal & Almond Milk,18000,0,2,18000,625,False,625,180.0,180.0,0.0,No Discount,Low Stock,Affordable,Heavy,Bulk Pack,3348
Paan Corner,Nivea Body Shea Smooth with Shea Butter for Dry Skin,42500,20,5,34000,400,False,9,425.0,340.0,85.0,Medium Discount,Low Stock,Mid-Range,Medium,Large Pack,3349
Paan Corner,Neutrogena Deep Clean Facial Cleanser,13000,0,4,13000,50,False,50,130.0,130.0,0.0,No Discount,Low Stock,Affordable,Light,Bulk Pack,3350
Paan Corner,"L'Oreal Paris Excellence Creme Hair Color, 3.16 Burgundy",55000,0,3,55000,159,False,172,550.0,550.0,0.0,No Discount,Low Stock,Premium,Light,Bulk Pack,3351
Paan Corner,Johnson's Baby Powder,23500,0,6,23500,400,False,400,235.0,235.0,0.0,No Discount,In Stock,Mid-Range,Medium,Bulk Pack,3352
Paan Corner,Bombay Shaving Company Charcoal Face Wash,24900,0,4,24900,100,False,100,249.0,249.0,0.0,No Discount,Low Stock,Mid-Range,Light,Bulk Pack,3353
Paan Corner,Colgate Kids 2+ Years Extra Soft Toothbrush,2000,0,3,2000,58,False,1,20.0,20.0,0.0,No Discount,Low Stock,Budget,Light,Single,3354
Paan Corner,Veet Hair Removal Cream (Normal Skin),13500,5,6,12800,50,False,50,135.0,128.0,7.0,Low Discount,In Stock,Affordable,Light,Bulk Pack,3355
Paan Corner,Dove Daily Shine Shampoo,24000,0,4,24000,340,False,340,240.0,240.0,0.0,No Discount,Low Stock,Mid-Range,Medium,Bulk Pack,3356
Paan Corner,L'Oreal Anti Hair Fall Conditioner,19900,0,6,19900,192,False,192,199.0,199.0,0.0,No Discount,In Stock,Affordable,Light,Bulk Pack,3357
Paan Corner,Nivea Body Lotion Aloe Hydration For Normal Skin ,27500,10,6,24700,200,False,200,275.0,247.0,28.0,Low Discount,In Stock,Mid-Range,Light,Bulk Pack,3358
Paan Corner,Pampers Pants - Large,154900,45,3,84900,82,False,82,1549.0,849.0,700.0,Very High Discount,Low Stock,Premium,Light,Bulk Pack,3359
Paan Corner,"Engage Urge Deodorant For Men, Citrus And Woody, Skin Friendly",19500,10,6,17400,150,False,150,195.0,174.0,21.0,Low Discount,In Stock,Affordable,Light,Bulk Pack,3360
Paan Corner,Head & Shoulders 2 In 1 Anti Dandruff Smooth & Silky Shampoo+Conditioner,37500,10,6,33400,340,False,340,375.0,334.0,41.0,Low Discount,In Stock,Mid-Range,Medium,Bulk Pack,3361
Paan Corner,Fem Fairness Natural Gold Skin Bleach,8500,7,4,7900,64,False,64,85.0,79.0,6.0,Low Discount,Low Stock,Affordable,Light,Bulk Pack,3362
Paan Corner,Engage Deo Frost,19500,9,6,17600,150,False,150,195.0,176.0,19.0,Low Discount,In Stock,Affordable,Light,Bulk Pack,3363
Paan Corner,Stayfree Secure XL Size Sanitary Napkins,11500,0,5,11500,1160,False,20,115.0,115.0,0.0,No Discount,Low Stock,Affordable,Extra Heavy,Bulk Pack,3364
Paan Corner,Pampers Pants - Medium,69900,21,1,54900,50,False,50,699.0,549.0,150.0,Medium Discount,Low Stock,Premium,Light,Bulk Pack,3365
Paan Corner,Pampers Active Baby Diapers New Born Extra Small ,109900,22,3,84900,72,False,72,1099.0,849.0,250.0,Medium Discount,Low Stock,Premium,Light,Bulk Pack,3366
Paan Corner,"Nivea Creme, All Season Multi-Purpose Cream",17500,9,6,15800,100,False,100,175.0,158.0,17.0,Low Discount,In Stock,Affordable,Light,Bulk Pack,3367
Paan Corner,Woodwards Gripe Water ,5000,0,4,5000,130,False,130,50.0,50.0,0.0,No Discount,Low Stock,Budget,Light,Bulk Pack,3368
Paan Corner,Clean & Clear Morning Energy Aqua Splash Face Wash,14500,9,5,13100,100,False,100,145.0,131.0,14.0,Low Discount,Low Stock,Affordable,Light,Bulk Pack,3369
Paan Corner,Sunsilk Lusciously Thick & Long Shampoo,55500,6,6,52100,650,False,650,555.0,521.0,34.0,Low Discount,In Stock,Premium,Heavy,Bulk Pack,3370
Paan Corner,Mamaearth Skin Correct Face Serum,59900,15,1,50900,30,False,30,599.0,509.0,90.0,Medium Discount,Low Stock,Premium,Light,Bulk Pack,3371
Paan Corner,Chik Hairfall Prevent Egg Shampoo,17800,0,6,17800,340,False,340,178.0,178.0,0.0,No Discount,In Stock,Affordable,Medium,Bulk Pack,3372
Paan Corner,Pantene Silky Smooth Care Shampoo,22500,6,3,21000,340,False,340,225.0,210.0,15.0,Low Discount,Low Stock,Mid-Range,Medium,Bulk Pack,3373
Paan Corner,"Garnier Skin Naturals, Micellar Cleansing Water",19900,5,4,18900,125,False,125,199.0,189.0,10.0,Low Discount,Low Stock,Affordable,Light,Bulk Pack,3374
Paan Corner,Set Wet Swag Avatar Deodorant & Body Spray Perfume For Men,19900,0,1,19900,150,False,150,199.0,199.0,0.0,No Discount,Low Stock,Affordable,Light,Bulk Pack,3375
Paan Corner,Pampers All Round Protection Pants - Medium,69900,17,6,57500,50,False,50,699.0,575.0,124.0,Medium Discount,In Stock,Premium,Light,Bulk Pack,3376
Paan Corner,Set Wet Deodrant Charm Avatar,19900,0,1,19900,150,False,150,199.0,199.0,0.0,No Discount,Low Stock,Affordable,Light,Bulk Pack,3377
Paan Corner,Nupur Heena Mehandi,19900,0,6,19900,500,False,500,199.0,199.0,0.0,No Discount,In Stock,Affordable,Medium,Bulk Pack,3378
Paan Corner,Head & Shoulders 2-in-1 Active Protect Shampoo,37500,9,6,33800,340,False,340,375.0,338.0,37.0,Low Discount,In Stock,Mid-Range,Medium,Bulk Pack,3379
Paan Corner,Gillette Mach 3 Turbo Cartridges,64900,10,6,57800,232,False,4,649.0,578.0,71.0,Low Discount,In Stock,Premium,Light,Medium Pack,3380
Paan Corner,TRESemme Smooth And Shine Conditioner,21000,13,1,18200,190,False,190,210.0,182.0,28.0,Medium Discount,Low Stock,Affordable,Light,Bulk Pack,3381
Paan Corner,Bombay Shaving Company Sensitive Cartridges,37500,0,2,37500,116,False,2,375.0,375.0,0.0,No Discount,Low Stock,Mid-Range,Light,Small Pack,3382
Paan Corner,Himalaya Baby Lotion,30000,12,1,26400,400,False,400,300.0,264.0,36.0,Medium Discount,Low Stock,Mid-Range,Medium,Bulk Pack,3383
Paan Corner,Old Spice Lime Lather Shaving Cream,7500,0,6,7500,70,False,70,75.0,75.0,0.0,No Discount,In Stock,Affordable,Light,Bulk Pack,3384
Paan Corner,Colgate Sensitive Plus Anticavity Toothpaste ,14000,10,6,12600,70,False,70,140.0,126.0,14.0,Low Discount,In Stock,Affordable,Light,Bulk Pack,3385
Paan Corner,Colgate Toothpaste For Kids Motu Oatlu,9300,0,6,9300,80,False,80,93.0,93.0,0.0,No Discount,In Stock,Affordable,Light,Bulk Pack,3386
Paan Corner,Pantene Total Damage Care Shampoo,12000,0,6,12000,180,False,180,120.0,120.0,0.0,No Discount,In Stock,Affordable,Light,Bulk Pack,3387
Paan Corner,Himalaya Moisturising Aloe Vera Facial Wipes,10000,10,6,9000,25,False,25,100.0,90.0,10.0,Low Discount,In Stock,Affordable,Light,Bulk Pack,3388
Paan Corner,Savlon Moisture Shield Hand Wash,6900,0,5,6900,200,False,200,69.0,69.0,0.0,No Discount,Low Stock,Affordable,Light,Bulk Pack,3389
Paan Corner,Pampers Active Baby Diapers New Born Extra Small,36000,10,6,32400,24,False,24,360.0,324.0,36.0,Low Discount,In Stock,Mid-Range,Light,Bulk Pack,3390
Paan Corner,Himalaya Anti Dandruff Shampoo,26000,18,1,21300,400,False,400,260.0,213.0,47.0,Medium Discount,Low Stock,Mid-Range,Medium,Bulk Pack,3391
Paan Corner,Himalaya Anti Hair Fall Shampoo,49000,25,4,36700,700,False,700,490.0,367.0,123.0,Medium Discount,Low Stock,Mid-Range,Heavy,Bulk Pack,3392
Paan Corner,Johnson's Baby Oil,20000,0,6,20000,200,False,200,200.0,200.0,0.0,No Discount,In Stock,Affordable,Light,Bulk Pack,3393
Paan Corner,Vaseline Intensive Care Deep Moisture Body Lotion,32500,0,4,32500,400,False,400,325.0,325.0,0.0,No Discount,Low Stock,Mid-Range,Medium,Bulk Pack,3394
Paan Corner,L'Oreal Paris Dream Lengths Conditioner,19900,0,1,19900,193,False,193,199.0,199.0,0.0,No Discount,Low Stock,Affordable,Light,Bulk Pack,3395
Paan Corner,Nivea Soft Light Moisturizing Cream,18500,15,6,15700,100,False,100,185.0,157.0,28.0,Medium Discount,In Stock,Affordable,Light,Bulk Pack,3396
Paan Corner,Whisper Ultra Soft XL+ Sanitary Pads,55500,0,1,55500,60,False,60,555.0,555.0,0.0,No Discount,Low Stock,Premium,Light,Bulk Pack,3397
Paan Corner,Palmolive Feel The Massage Shower Gel,24900,20,6,19900,250,False,250,249.0,199.0,50.0,Medium Discount,In Stock,Affordable,Light,Bulk Pack,3398
Paan Corner,L'Oreal Paris Dream Lengths Conditioner,20900,0,3,20900,193,False,193,209.0,209.0,0.0,No Discount,Low Stock,Mid-Range,Light,Bulk Pack,3399
Paan Corner,Head & Shoulders Anti-Dandruff Smooth & Silky Shampoo,28500,6,6,26600,340,False,340,285.0,266.0,19.0,Low Discount,In Stock,Mid-Range,Medium,Bulk Pack,3400
Paan Corner,Mamaearth Moisturizing Baby Bath Soap,24900,0,4,24900,150,False,150,249.0,249.0,0.0,No Discount,Low Stock,Mid-Range,Light,Bulk Pack,3401
Paan Corner,Listerine Original Mouthwash,15000,10,6,13500,250,False,250,150.0,135.0,15.0,Low Discount,In Stock,Affordable,Light,Bulk Pack,3402
Paan Corner,Himalaya Gentle Baby Shampoo,17000,14,6,14600,200,False,200,170.0,146.0,24.0,Medium Discount,In Stock,Affordable,Light,Bulk Pack,3403
Paan Corner,Dove Dryness Care Shampoo,26800,5,1,25200,340,False,340,268.0,252.0,16.0,Low Discount,Low Stock,Mid-Range,Medium,Bulk Pack,3404
Paan Corner,Dove Hair Fall Rescue Shampoo,28000,15,6,23600,340,False,340,280.0,236.0,44.0,Medium Discount,In Stock,Mid-Range,Medium,Bulk Pack,3405
Paan Corner,Head & Shoulders Anti Dandruff Shampoo Cool Menthol,29500,9,6,26600,340,False,340,295.0,266.0,29.0,Low Discount,In Stock,Mid-Range,Medium,Bulk Pack,3406
Paan Corner,Bombay Shaving Company Defender Razor,34500,0,6,34500,58,False,1,345.0,345.0,0.0,No Discount,In Stock,Mid-Range,Light,Single,3407
Paan Corner,"Head & Shoulders Shampoo + Conditioner - 2-In-1, Cool Menthol",36500,0,1,36500,340,False,340,365.0,365.0,0.0,No Discount,Low Stock,Mid-Range,Medium,Bulk Pack,3408
Paan Corner,Himalaya Baby Nourishing Massage Oil,20000,20,2,16000,200,False,250,200.0,160.0,40.0,Medium Discount,Low Stock,Affordable,Light,Bulk Pack,3409
Paan Corner,Himalaya Baby Powder,23500,20,6,18800,400,False,400,235.0,188.0,47.0,Medium Discount,In Stock,Affordable,Medium,Bulk Pack,3410
Paan Corner,Fogg Paradise Fragrant Body Spray For Women ,25000,0,6,25000,150,False,150,250.0,250.0,0.0,No Discount,In Stock,Mid-Range,Light,Bulk Pack,3411
Paan Corner,Revive Revive Liquid,7100,0,6,7100,200,False,200,71.0,71.0,0.0,No Discount,In Stock,Affordable,Light,Bulk Pack,3412
Paan Corner,Pantene Hairfall Control Conditioner,19000,6,6,17800,200,False,200,190.0,178.0,12.0,Low Discount,In Stock,Affordable,Light,Bulk Pack,3413
Paan Corner,Mamaearth Vitamin C Face Toner,39900,0,1,39900,200,False,200,399.0,399.0,0.0,No Discount,Low Stock,Mid-Range,Light,Bulk Pack,3414
Paan Corner,Himalaya Diaper Rash Cream,8000,10,2,7200,20,False,20,80.0,72.0,8.0,Low Discount,Low Stock,Affordable,Light,Bulk Pack,3415
Paan Corner,Fogg Royal Fragrance Spray,23000,0,4,23000,150,False,120,230.0,230.0,0.0,No Discount,Low Stock,Mid-Range,Light,Bulk Pack,3416
Paan Corner,Dove Pink Rosa Beauty Bathing Bar,24500,9,6,22100,100,False,100,245.0,221.0,24.0,Low Discount,In Stock,Mid-Range,Light,Bulk Pack,3417
Paan Corner,Dove Dryness Care Conditioner Frizzy & Dry Hair,9000,6,4,8400,80,False,80,90.0,84.0,6.0,Low Discount,Low Stock,Affordable,Light,Bulk Pack,3418
Paan Corner,Dettol Original Liquid Handwash Refill,10900,3,0,10500,750,True,750,109.0,105.0,4.0,Low Discount,Out of Stock,Affordable,Heavy,Bulk Pack,3419
Paan Corner,Parachute 100% Pure Coconut Oil,12300,0,0,12300,300,True,300,123.0,123.0,0.0,No Discount,Out of Stock,Affordable,Medium,Bulk Pack,3420
Paan Corner,Stayfree Secure Cottony Soft Cover Sanitary Pad (Regular) with Wings,3000,3,0,2900,406,True,7,30.0,29.0,1.0,Low Discount,Out of Stock,Budget,Medium,Large Pack,3421
Paan Corner,Dabur Gulabari Premium Rose Water,4800,2,0,4700,120,True,120,48.0,47.0,1.0,Low Discount,Out of Stock,Budget,Light,Bulk Pack,3422
Paan Corner,Parachute Advansed Gold Coconut Hair Oil,21500,9,0,19400,400,True,400,215.0,194.0,21.0,Low Discount,Out of Stock,Affordable,Medium,Bulk Pack,3423
Paan Corner,Closeup Everfresh+ Anti-Germ Gel Toothpaste Red Hot,9000,10,0,8100,150,True,150,90.0,81.0,9.0,Low Discount,Out of Stock,Affordable,Light,Bulk Pack,3424
Paan Corner,Godrej No.1 Bathing Soap – Lime & Aloe Vera,10000,16,0,8400,500,True,100,100.0,84.0,16.0,Medium Discount,Out of Stock,Affordable,Medium,Bulk Pack,3425
Paan Corner,Sensodyne Sensitive Fresh Gel Toothpaste,11500,7,0,10600,75,True,75,115.0,106.0,9.0,Low Discount,Out of Stock,Affordable,Light,Bulk Pack,3426
Paan Corner,Whisper Bindazzz Nights XL + Sanitary Pad,9000,0,0,9000,406,True,7,90.0,90.0,0.0,No Discount,Out of Stock,Affordable,Medium,Large Pack,3427
Paan Corner,Whisper Choice Sanitary Pad ,3200,9,0,2900,406,True,7,32.0,29.0,3.0,Low Discount,Out of Stock,Budget,Medium,Large Pack,3428
Paan Corner,"Godrej No.1 Bathing Soap, Jasmine",8400,0,0,8400,400,True,100,84.0,84.0,0.0,No Discount,Out of Stock,Affordable,Medium,Bulk Pack,3429
Paan Corner,Gillette Venus Close & Clean Razor ,24900,7,0,23000,58,True,1,249.0,230.0,19.0,Low Discount,Out of Stock,Mid-Range,Light,Single,3430
Paan Corner,Whisper Choice Regular Sanitary Pads,9000,3,0,8700,58,True,20,90.0,87.0,3.0,Low Discount,Out of Stock,Affordable,Light,Bulk Pack,3431
Paan Corner,Stayfree Secure Dry Cover Extra Large Sanitary Pad,4200,2,0,4100,406,True,7,42.0,41.0,1.0,Low Discount,Out of Stock,Budget,Medium,Large Pack,3432
Paan Corner,Oxylife Natural Radiance 5 Creme Bleach - With Active Oxygen,8200,9,0,7400,27,True,27,82.0,74.0,8.0,Low Discount,Out of Stock,Affordable,Light,Bulk Pack,3433
Paan Corner,Clean & Clear Morning Energy Lemon Face Wash,14500,9,0,13100,100,True,100,145.0,131.0,14.0,Low Discount,Out of Stock,Affordable,Light,Bulk Pack,3434
Paan Corner,Bajaj Almond Drops Hair Oil,6700,10,0,6000,100,True,100,67.0,60.0,7.0,Low Discount,Out of Stock,Affordable,Light,Bulk Pack,3435
Paan Corner,Bajaj Almond Drops Hair Oil Bottle,13000,7,0,12000,200,True,200,130.0,120.0,10.0,Low Discount,Out of Stock,Affordable,Light,Bulk Pack,3436
Paan Corner,Whisper Bindazzz Night Sanitary Pads XL Plus,18500,0,0,18500,870,True,15,185.0,185.0,0.0,No Discount,Out of Stock,Affordable,Heavy,Bulk Pack,3437
Paan Corner,Godrej Cinthol Lime Refreshing Deo Soap,11600,0,0,11600,400,True,400,116.0,116.0,0.0,No Discount,Out of Stock,Affordable,Medium,Bulk Pack,3438
Paan Corner,"MamyPoko Pants Standard Diapers, Extra Large (12 - 17 kg)",39900,7,0,36900,26,True,26,399.0,369.0,30.0,Low Discount,Out of Stock,Mid-Range,Light,Bulk Pack,3439
Home & Cleaning,Surf Excel Stain Eraser,1800,0,1,1800,150,False,150,18.0,18.0,0.0,No Discount,Low Stock,Budget,Light,Bulk Pack,3440
Home & Cleaning,Colin Glass and Surface Cleaner Liquid Spray Regular,9600,7,6,8900,500,False,500,96.0,89.0,7.0,Low Discount,In Stock,Affordable,Medium,Bulk Pack,3441
Home & Cleaning,A1 Biodegradable Garbage Dustbin Bags,6900,0,6,6900,30,False,30,69.0,69.0,0.0,No Discount,In Stock,Affordable,Light,Bulk Pack,3442
Home & Cleaning,"Mortein Cockroach Killer Spray, Crawling insect killer with Deep-Reach Nozzle",18900,5,2,17900,425,False,425,189.0,179.0,10.0,Low Discount,Low Stock,Affordable,Medium,Bulk Pack,3443
Home & Cleaning,Pril Perfect Lime Dishwash Liquid,19000,7,4,17500,750,False,750,190.0,175.0,15.0,Low Discount,Low Stock,Affordable,Heavy,Bulk Pack,3444
Home & Cleaning,Dettol Antiseptic Disinfectant Liquid,6600,0,6,6600,125,False,125,66.0,66.0,0.0,No Discount,In Stock,Affordable,Light,Bulk Pack,3445
Home & Cleaning,Godrej Aer Power Pocket Berry Rush,5500,0,3,5500,10,False,10,55.0,55.0,0.0,No Discount,Low Stock,Affordable,Light,Large Pack,3446
Home & Cleaning,Hit Cockroach Killer Spray ,10100,2,4,9800,200,False,200,101.0,98.0,3.0,Low Discount,Low Stock,Affordable,Light,Bulk Pack,3447
Home & Cleaning,Vim Dishwash Liquid Gel Lemon,18500,5,1,17500,750,False,750,185.0,175.0,10.0,Low Discount,Low Stock,Affordable,Heavy,Bulk Pack,3448
Home & Cleaning,"Harpic Disinfectant Toilet Cleaner Liquid, Original - 1 L",17800,0,6,17800,1000,False,1,178.0,178.0,0.0,No Discount,In Stock,Affordable,Heavy,Single,3449
Home & Cleaning,Odomos Mosquito Repellent Cream ,5000,8,6,4600,50,False,50,50.0,46.0,4.0,Low Discount,In Stock,Budget,Light,Bulk Pack,3450
Home & Cleaning,Harpic Disinfectant Bathroom Cleaner Liquid Lemon,18900,5,6,17900,1000,False,1,189.0,179.0,10.0,Low Discount,In Stock,Affordable,Heavy,Single,3451
Home & Cleaning,Eveready AA pack of 10 ,15000,4,6,14300,580,False,10,150.0,143.0,7.0,Low Discount,In Stock,Affordable,Heavy,Large Pack,3452
Home & Cleaning,Cherry Blossom Liquid Wax Polish,9800,5,6,9300,75,False,75,98.0,93.0,5.0,Low Discount,In Stock,Affordable,Light,Bulk Pack,3453
Home & Cleaning,Gala Scrubber Cleaner Home Everyday Scrub,3500,2,6,3400,58,False,1,35.0,34.0,1.0,Low Discount,In Stock,Budget,Light,Single,3454
Home & Cleaning,Hit Flower Lime Fragrance Insect Killer Spray,18200,3,6,17600,400,False,400,182.0,176.0,6.0,Low Discount,In Stock,Affordable,Medium,Bulk Pack,3455
Home & Cleaning,Harpic Hygienic Toilet Cleaner Rim Block Jasmine,8200,6,4,7700,26,False,26,82.0,77.0,5.0,Low Discount,Low Stock,Affordable,Light,Bulk Pack,3456
Home & Cleaning,Om Bhakti - Pancha Deepa Oil ,19900,10,6,17900,1000,False,1,199.0,179.0,20.0,Low Discount,In Stock,Affordable,Heavy,Single,3457
Home & Cleaning,Ariel Complete Detergent Washing Powder 500 g  + 200 g Free,13500,0,6,13500,500,False,500,135.0,135.0,0.0,No Discount,In Stock,Affordable,Medium,Bulk Pack,3458
Home & Cleaning,Surf Excel Matic Top Load Detergent Powder,20000,6,1,18800,1000,False,1,200.0,188.0,12.0,Low Discount,Low Stock,Affordable,Heavy,Single,3459
Home & Cleaning,Harpic Flushmatic In-Cistern Toilet Cleaner Blocks Marine,15400,7,4,14300,100,False,100,154.0,143.0,11.0,Low Discount,Low Stock,Affordable,Light,Bulk Pack,3460
Home & Cleaning,Eveready 1012 Carbon Zinc AAA Battery,15000,4,2,14300,580,False,10,150.0,143.0,7.0,Low Discount,Low Stock,Affordable,Heavy,Large Pack,3461
Home & Cleaning,Surf Excel Matic Front Load Detergent Liquid,22500,1,6,22100,1000,False,1,225.0,221.0,4.0,Low Discount,In Stock,Mid-Range,Heavy,Single,3462
Home & Cleaning,Origami Kitchen Towels 2 In 1 Quilted 2ply,14000,10,6,12600,116,False,2,140.0,126.0,14.0,Low Discount,In Stock,Affordable,Light,Small Pack,3463
Home & Cleaning,Oxi Green Phenyl - Pine ,8200,9,6,7400,1000,False,1,82.0,74.0,8.0,Low Discount,In Stock,Affordable,Heavy,Single,3464
Home & Cleaning,Surf Excel Easy Wash Detergent Liquid,17000,0,6,16900,1000,False,1,170.0,169.0,1.0,No Discount,In Stock,Affordable,Heavy,Single,3465
Home & Cleaning,Uno Playing Card Game,14900,9,2,13500,58,False,1,149.0,135.0,14.0,Low Discount,Low Stock,Affordable,Light,Single,3466
Home & Cleaning,Chakaachak Mini Cloth Brush,4000,2,1,3900,58,False,1,40.0,39.0,1.0,Low Discount,Low Stock,Budget,Light,Single,3467
Home & Cleaning,Chakaachak Super Scrub Pad (Pack of 3),3500,2,2,3400,174,False,3,35.0,34.0,1.0,Low Discount,Low Stock,Budget,Light,Small Pack,3468
Home & Cleaning,Colin Glass and Surface Cleaner Liquid Spray Regular,6200,6,5,5800,250,False,250,62.0,58.0,4.0,Low Discount,Low Stock,Affordable,Light,Bulk Pack,3469
Home & Cleaning,Om Bhakti Cow Dung Cakes ,1600,0,6,1600,290,False,5,16.0,16.0,0.0,No Discount,In Stock,Budget,Medium,Medium Pack,3470
Home & Cleaning,Dettol Antiseptic Liquid,3300,0,4,3300,60,False,60,33.0,33.0,0.0,No Discount,Low Stock,Budget,Light,Bulk Pack,3471
Home & Cleaning,Harpic Hygienic Toilet Cleaner Rim Block Citrus,8200,6,6,7700,26,False,26,82.0,77.0,5.0,Low Discount,In Stock,Affordable,Light,Bulk Pack,3472
Home & Cleaning,Eveready Ultima Alkaline AA Cell Battery-6 Pc Pack,21000,10,6,18900,348,False,6,210.0,189.0,21.0,Low Discount,In Stock,Affordable,Medium,Large Pack,3473
Home & Cleaning,Mangaldeep Rose Puja Agarbatti ,6500,9,4,5900,120,False,120,65.0,59.0,6.0,Low Discount,Low Stock,Affordable,Light,Bulk Pack,3474
Home & Cleaning,Ariel Matic Top Load Detergent Washing Powder,22500,0,6,22500,1000,False,1,225.0,225.0,0.0,No Discount,In Stock,Mid-Range,Heavy,Single,3475
Home & Cleaning,Gala Cloth Poccha/Mop,12500,9,6,11300,58,False,1,125.0,113.0,12.0,Low Discount,In Stock,Affordable,Light,Single,3476
Home & Cleaning,Chakaachak Floor Cleaning Pocha,5000,2,6,4900,58,False,1,50.0,49.0,1.0,Low Discount,In Stock,Budget,Light,Single,3477
Home & Cleaning,Oxi Green Floor Cleaner - Floral,17900,10,6,16100,1000,False,1,179.0,161.0,18.0,Low Discount,In Stock,Affordable,Heavy,Single,3478
Home & Cleaning,"Godrej Aer Pocket, Bathroom Air Fragrance - Assorted Pack Of 3",16000,0,6,16000,30,False,30,160.0,160.0,0.0,No Discount,In Stock,Affordable,Light,Bulk Pack,3479
Home & Cleaning,Ariel Complete Detergent Washing Powder 1 kg + 500 g Free,28000,6,6,26300,1500,False,1,280.0,263.0,17.0,Low Discount,In Stock,Mid-Range,Extra Heavy,Single,3480
Home & Cleaning,Chakaachak Sponge Scrubber (Pack of 2),4500,2,6,4400,116,False,2,45.0,44.0,1.0,Low Discount,In Stock,Budget,Light,Small Pack,3481
Home & Cleaning,Lizol Disinfectant Surface & Floor Cleaner Liquid Floral,10300,5,6,9700,500,False,500,103.0,97.0,6.0,Low Discount,In Stock,Affordable,Medium,Bulk Pack,3482
Home & Cleaning,Harpic Germ & Stain Blaster Disinfectant Toilet Cleaner Floral,14800,7,6,13700,750,False,750,148.0,137.0,11.0,Low Discount,In Stock,Affordable,Heavy,Bulk Pack,3483
Home & Cleaning,Hit Lime Fresh Flying Insect Killer,26900,0,6,26900,385,False,385,269.0,269.0,0.0,No Discount,In Stock,Mid-Range,Medium,Bulk Pack,3484
Home & Cleaning,Fevistik Super Glue Stick,4000,2,6,3900,15,False,15,40.0,39.0,1.0,Low Discount,In Stock,Budget,Light,Bulk Pack,3485
Home & Cleaning,Godrej Ezee Liquid Detergent,17500,0,6,17500,1000,False,1,175.0,175.0,0.0,No Discount,In Stock,Affordable,Heavy,Single,3486
Home & Cleaning,Odonil Air Fresher Buy 3 Get 1 Free,22500,5,3,21300,300,False,300,225.0,213.0,12.0,Low Discount,Low Stock,Mid-Range,Medium,Bulk Pack,3487
Home & Cleaning,"""Godrej Aer Power Pocket - Long Lasting Bathroom Fragrance Fresh Blossom""",5500,0,6,5500,10,False,10,55.0,55.0,0.0,No Discount,In Stock,Affordable,Light,Large Pack,3488
Home & Cleaning,Genteel Liquid Detegrent,32000,0,6,32000,2000,False,2,320.0,320.0,0.0,No Discount,In Stock,Mid-Range,Extra Heavy,Small Pack,3489
Home & Cleaning,Scotch Brite Scrub Pad,7500,9,6,6800,290,False,5,75.0,68.0,7.0,Low Discount,In Stock,Affordable,Medium,Medium Pack,3490
Home & Cleaning,Shubh kart - Nirmal Eco Box Chandan Agarbatti - 100g,6500,13,5,5600,100,False,100,65.0,56.0,9.0,Medium Discount,Low Stock,Affordable,Light,Bulk Pack,3491
Home & Cleaning,Surf Excel Quick Wash,60000,8,1,54900,4000,False,4,600.0,549.0,51.0,Low Discount,Low Stock,Premium,Bulk,Medium Pack,3492
Home & Cleaning,Hem Mantra Masala Agarbatti,8500,7,1,7900,50,False,50,85.0,79.0,6.0,Low Discount,Low Stock,Affordable,Light,Bulk Pack,3493
Home & Cleaning,Odonil Room Air Freshener Spray Lavender Mist,14900,5,4,14100,240,False,240,149.0,141.0,8.0,Low Discount,Low Stock,Affordable,Light,Bulk Pack,3494
Home & Cleaning,Chakaachak Mega Star Toilet Brush,11000,2,4,10700,58,False,1,110.0,107.0,3.0,Low Discount,Low Stock,Affordable,Light,Single,3495
Home & Cleaning,Om Bhakti Wick for Diya - Cotton Long Batti ,1900,0,4,1900,50,False,50,19.0,19.0,0.0,No Discount,Low Stock,Budget,Light,Bulk Pack,3496
Home & Cleaning,Origami Non-Woven Kitchen Towel,19000,14,4,16200,80,False,80,190.0,162.0,28.0,Medium Discount,Low Stock,Affordable,Light,Bulk Pack,3497
Home & Cleaning,Shubh kart - Nirmal 5 in 1 Agarbatti Zipper - 150g,6500,13,6,5600,150,False,150,65.0,56.0,9.0,Medium Discount,In Stock,Affordable,Light,Bulk Pack,3498
Home & Cleaning,Harpic Lemon Bathroom Cleaner ,9500,9,6,8600,500,False,500,95.0,86.0,9.0,Low Discount,In Stock,Affordable,Medium,Bulk Pack,3499
Home & Cleaning,Scotch Brite Sponge Wipes,20000,0,2,20000,174,False,3,200.0,200.0,0.0,No Discount,Low Stock,Affordable,Light,Small Pack,3500
Home & Cleaning,Godrej Aer Spray Fresh Lush Green,15000,16,2,12600,240,False,240,150.0,126.0,24.0,Medium Discount,Low Stock,Affordable,Light,Bulk Pack,3501
Home & Cleaning,Oxi Green Phenyl Concentrate,20000,10,6,18000,1000,False,1,200.0,180.0,20.0,Low Discount,In Stock,Affordable,Heavy,Single,3502
Home & Cleaning,Oxi Green Max Force Green Concentrate,10700,10,3,9600,500,False,500,107.0,96.0,11.0,Low Discount,Low Stock,Affordable,Medium,Bulk Pack,3503
Home & Cleaning,Godrej Aer Morning Misty Meadows Home Air Freshener,15000,0,4,14900,240,False,240,150.0,149.0,1.0,No Discount,Low Stock,Affordable,Light,Bulk Pack,3504
Home & Cleaning,Kiwi Dranex Drain Cleaner,13500,9,1,12200,348,False,6,135.0,122.0,13.0,Low Discount,Low Stock,Affordable,Medium,Large Pack,3505
Home & Cleaning,Origami Disposable Spoons,8000,10,3,7200,1160,False,20,80.0,72.0,8.0,Low Discount,Low Stock,Affordable,Extra Heavy,Bulk Pack,3506
Home & Cleaning,Pril Bar Tub,5500,0,1,5500,500,False,500,55.0,55.0,0.0,No Discount,Low Stock,Affordable,Medium,Bulk Pack,3507
Home & Cleaning,Om Bhakti Wick for Diya - Cotton Flower Batti ,1900,0,4,1900,60,False,60,19.0,19.0,0.0,No Discount,Low Stock,Budget,Light,Bulk Pack,3508
Home & Cleaning,Chakaachak Deluxe Dustpan Grey,6800,2,3,6600,58,False,1,68.0,66.0,2.0,Low Discount,Low Stock,Affordable,Light,Single,3509
Home & Cleaning,Lizol Disinfectant Surface & Floor Cleaner Liquid Citrus,20500,8,3,18800,975,False,975,205.0,188.0,17.0,Low Discount,Low Stock,Affordable,Heavy,Bulk Pack,3510
Home & Cleaning,ScotchBrite Premium Kitchen Towels,15000,18,3,12300,174,False,1,150.0,123.0,27.0,Medium Discount,Low Stock,Affordable,Light,Single,3511
Home & Cleaning,Vanish All in One Powder Detergent Booster,21000,10,2,18900,400,False,400,210.0,189.0,21.0,Low Discount,Low Stock,Affordable,Medium,Bulk Pack,3512
Home & Cleaning,Good Knight Fabric Personal Mosquito Repellent Roll On,7500,0,3,7500,8,False,8,75.0,75.0,0.0,No Discount,Low Stock,Affordable,Light,Large Pack,3513
Home & Cleaning,Gala Iron Bull Scrub Pad,14000,10,6,12600,174,False,3,140.0,126.0,14.0,Low Discount,In Stock,Affordable,Light,Small Pack,3514
Home & Cleaning,Tide Plus Extra Power Lemon & Mint Detergent Powder,21500,1,6,21100,2000,False,2,215.0,211.0,4.0,Low Discount,In Stock,Mid-Range,Extra Heavy,Small Pack,3515
Home & Cleaning,Chakaachak Dustpan Grey,7000,2,5,6800,58,False,1,70.0,68.0,2.0,Low Discount,Low Stock,Affordable,Light,Single,3516
Home & Cleaning,Mortein PowerGard Rat Kill Cake,6400,6,6,6000,100,False,100,64.0,60.0,4.0,Low Discount,In Stock,Affordable,Light,Bulk Pack,3517
Home & Cleaning,Odomos Mosquito Repellent Cream,2500,0,1,2500,23,False,25,25.0,25.0,0.0,No Discount,Low Stock,Budget,Light,Bulk Pack,3518
Home & Cleaning,Shubh kart - Nirmal Eco Box Sugandhi Mogra Agarbatti - 100g,6500,13,6,5600,100,False,100,65.0,56.0,9.0,Medium Discount,In Stock,Affordable,Light,Bulk Pack,3519
Home & Cleaning,Cherry Blossom Wax Shoe Polish Black,6800,5,6,6400,40,False,40,68.0,64.0,4.0,Low Discount,In Stock,Affordable,Light,Bulk Pack,3520
Home & Cleaning,Origami Paper Plates,24000,15,5,20400,50,False,50,240.0,204.0,36.0,Medium Discount,Low Stock,Mid-Range,Light,Bulk Pack,3521
Home & Cleaning,Gala Microfiber Magic Cloth 2-In-1,17500,9,6,15800,58,False,1,175.0,158.0,17.0,Low Discount,In Stock,Affordable,Light,Single,3522
Home & Cleaning,Mr Muscle Dranex Drain Cleaner Kiwi,16000,6,4,14900,375,False,375,160.0,149.0,11.0,Low Discount,Low Stock,Affordable,Medium,Bulk Pack,3523
Home & Cleaning,Lizol Disinfectant Surface & Floor Cleaner Liquid Jasmine,10300,5,6,9700,500,False,500,103.0,97.0,6.0,Low Discount,In Stock,Affordable,Medium,Bulk Pack,3524
Home & Cleaning,Odonil Room Spray Air Freshener Citrus Fres,15000,12,4,13200,137,False,137,150.0,132.0,18.0,Medium Discount,Low Stock,Affordable,Light,Bulk Pack,3525
Home & Cleaning,Scotch Brite Power Scrub Pad,5000,2,6,4900,58,False,1,50.0,49.0,1.0,Low Discount,In Stock,Budget,Light,Single,3526
Home & Cleaning,Origami Good Karma Toilet Roll,27500,14,6,23400,232,False,1,275.0,234.0,41.0,Medium Discount,In Stock,Mid-Range,Light,Single,3527
Home & Cleaning,Shubh kart - Shubhkart Sambrani Cup Black 12n,8000,6,4,7500,696,False,12,80.0,75.0,5.0,Low Discount,Low Stock,Affordable,Heavy,Bulk Pack,3528
Home & Cleaning,Gala Scrubber Pad,7500,9,5,6800,290,False,5,75.0,68.0,7.0,Low Discount,Low Stock,Affordable,Medium,Medium Pack,3529
Home & Cleaning,Origami So Soft Tissue Roll Single - 340 Pulls 3 Ply,8000,0,1,8000,58,False,1,80.0,80.0,0.0,No Discount,Low Stock,Affordable,Light,Single,3530
Home & Cleaning,Odomos lotion - Mosquito Repellent,9000,8,6,8200,120,False,120,90.0,82.0,8.0,Low Discount,In Stock,Affordable,Light,Bulk Pack,3531
Home & Cleaning,Surf Excel Matic Front Load Detergent Powder,53000,4,6,50700,2000,False,2,530.0,507.0,23.0,Low Discount,In Stock,Premium,Extra Heavy,Small Pack,3532
Home & Cleaning,Fevicol Mr.Original General Purpose White Glue ,5000,2,6,4900,105,False,100,50.0,49.0,1.0,Low Discount,In Stock,Budget,Light,Bulk Pack,3533
Home & Cleaning,Aro Aluminium Container with Lid 230 ml,7500,9,3,6800,25,False,25,75.0,68.0,7.0,Low Discount,Low Stock,Affordable,Light,Bulk Pack,3534
Home & Cleaning,Harpic Power Fresh 6 Toilet Cleaner Rim Block Floral Delight,18800,10,6,16900,35,False,35,188.0,169.0,19.0,Low Discount,In Stock,Affordable,Light,Bulk Pack,3535
Home & Cleaning,Origami So Soft Tissue Roll 3 Ply,39000,11,6,34700,696,False,12,390.0,347.0,43.0,Medium Discount,In Stock,Mid-Range,Heavy,Bulk Pack,3536
Home & Cleaning,Ariel Matic Front Load Detergent Washing Powder,80000,15,6,68000,3000,False,3,800.0,680.0,120.0,Medium Discount,In Stock,Premium,Bulk,Small Pack,3537
Home & Cleaning,Gala Double Hockey Toilet Brush,15000,10,6,13500,58,False,1,150.0,135.0,15.0,Low Discount,In Stock,Affordable,Light,Single,3538
Home & Cleaning,Surf Excel Detergent Bar Value Pack,11400,0,6,11400,800,False,800,114.0,114.0,0.0,No Discount,In Stock,Affordable,Heavy,Bulk Pack,3539
Home & Cleaning,Odonil Zipper Blissful Citrus,5500,0,1,5500,10,False,10,55.0,55.0,0.0,No Discount,Low Stock,Affordable,Light,Large Pack,3540
Home & Cleaning,Eveready Base B22 9-Watt LED Bulb,15000,0,2,15000,58,False,1,150.0,150.0,0.0,No Discount,Low Stock,Affordable,Light,Single,3541
Home & Cleaning,Scotch Brite Sponge Wipe,33000,10,6,29700,290,False,5,330.0,297.0,33.0,Low Discount,In Stock,Mid-Range,Medium,Medium Pack,3542
Home & Cleaning,Domex Disinfectant Floor Cleaner,18000,5,6,17000,1000,False,1,180.0,170.0,10.0,Low Discount,In Stock,Affordable,Heavy,Single,3543
Home & Cleaning,Surf Excel Matic Powder Front Load ,81000,7,2,75000,4000,False,4,810.0,750.0,60.0,Low Discount,Low Stock,Premium,Bulk,Medium Pack,3544
Home & Cleaning,Scotch Brite Silver Sparks Scrub Pad,9000,10,6,8100,348,False,3,90.0,81.0,9.0,Low Discount,In Stock,Affordable,Medium,Small Pack,3545
Home & Cleaning,Airwick Room Air Freshener Spray Cool Water & Aloe Vera,16100,5,6,15200,245,False,245,161.0,152.0,9.0,Low Discount,In Stock,Affordable,Light,Bulk Pack,3546
Home & Cleaning,Shubh kart - Surabhi Camphor Pouch 50g,9500,9,6,8600,50,False,50,95.0,86.0,9.0,Low Discount,In Stock,Affordable,Light,Bulk Pack,3547
Home & Cleaning,Pril Power Of Active Boosters,10200,0,1,10200,400,False,400,102.0,102.0,0.0,No Discount,Low Stock,Affordable,Medium,Bulk Pack,3548
Home & Cleaning,Scotch Brite Tough Scrubber Brush,15000,6,6,14000,58,False,1,150.0,140.0,10.0,Low Discount,In Stock,Affordable,Light,Single,3549
Home & Cleaning,Mortein Dual All Insect Killer Spray,28000,10,6,25200,600,False,600,280.0,252.0,28.0,Low Discount,In Stock,Mid-Range,Heavy,Bulk Pack,3550
Home & Cleaning,Lizol Double Concentrate Disinfectant Floor Cleaner Lavender,32500,10,6,29200,900,False,900,325.0,292.0,33.0,Low Discount,In Stock,Mid-Range,Heavy,Bulk Pack,3551
Home & Cleaning,Eveready Ultima Alkaline Battery AAA,6800,0,6,6800,116,False,2,68.0,68.0,0.0,No Discount,In Stock,Affordable,Light,Small Pack,3552
Home & Cleaning,Shubh kart - Tejas Twisted Cotton Wicks 1000n,3000,6,6,2800,1000,False,1000,30.0,28.0,2.0,Low Discount,In Stock,Budget,Heavy,Bulk Pack,3553
Home & Cleaning,Lizol Double Concentrate Disinfectant Floor Cleaner Citrus,65000,8,6,59800,1900,False,1,650.0,598.0,52.0,Low Discount,In Stock,Premium,Extra Heavy,Single,3554
Home & Cleaning,Surf Excel Matic Top Load,72000,9,4,64900,4000,False,4,720.0,649.0,71.0,Low Discount,Low Stock,Premium,Bulk,Medium Pack,3555
Home & Cleaning,Oxi Green Dish Wash Liquid - Lemon,10500,6,6,9800,500,False,500,105.0,98.0,7.0,Low Discount,In Stock,Affordable,Medium,Bulk Pack,3556
Home & Cleaning,Mangalam Camphor,10000,10,6,9000,50,False,50,100.0,90.0,10.0,Low Discount,In Stock,Affordable,Light,Bulk Pack,3557
Home & Cleaning,Cherry Blossom Liquid Wax Polish (Dark Tan),9800,5,6,9300,75,False,75,98.0,93.0,5.0,Low Discount,In Stock,Affordable,Light,Bulk Pack,3558
Home & Cleaning,Gala EzeeSqueegee Wiper,15000,10,6,13500,58,False,1,150.0,135.0,15.0,Low Discount,In Stock,Affordable,Light,Single,3559
Home & Cleaning,Lizol Disinfectant Surface & Floor Cleaner Liquid Pine,20500,8,6,18800,975,False,975,205.0,188.0,17.0,Low Discount,In Stock,Affordable,Heavy,Bulk Pack,3560
Home & Cleaning,Philips Stellar Bright 16W Light Bulb,39000,16,6,32400,58,False,1,390.0,324.0,66.0,Medium Discount,In Stock,Mid-Range,Light,Single,3561
Home & Cleaning,Airwick EverFresh Gel Bathroom Air Freshener - Lavender Dew,7000,10,6,6300,50,False,50,70.0,63.0,7.0,Low Discount,In Stock,Affordable,Light,Bulk Pack,3562
Home & Cleaning,Origami Cups Plain 100 units,15500,14,5,13200,100,False,100,155.0,132.0,23.0,Medium Discount,Low Stock,Affordable,Light,Bulk Pack,3563
Home & Cleaning,Airwick EverFresh Gel Bathroom Air Freshener - Citrus Splash,7000,10,6,6300,50,False,50,70.0,63.0,7.0,Low Discount,In Stock,Affordable,Light,Bulk Pack,3564
Home & Cleaning,Ariel Matic Liquid Detergent Front Load,25000,0,6,25000,1000,False,1,250.0,250.0,0.0,No Discount,In Stock,Mid-Range,Heavy,Single,3565
Home & Cleaning,Om Bhakti Gangajal Packed At Gangotri,3000,3,6,2900,220,False,220,30.0,29.0,1.0,Low Discount,In Stock,Budget,Light,Bulk Pack,3566
Home & Cleaning,Odonil Air Freshner Lavender Meadows,7500,5,4,7100,75,False,75,75.0,71.0,4.0,Low Discount,Low Stock,Affordable,Light,Bulk Pack,3567
Home & Cleaning,Om Bhakti Haldi ,1200,0,4,1200,15,False,15,12.0,12.0,0.0,No Discount,Low Stock,Budget,Light,Bulk Pack,3568
Home & Cleaning,Cherry Blossom Wax Shoe Polish Dark Tan,6800,5,6,6400,40,False,40,68.0,64.0,4.0,Low Discount,In Stock,Affordable,Light,Bulk Pack,3569
Home & Cleaning,Dabur Odomos Naturals Mosquito Repellant Gel,7500,8,4,6900,80,False,80,75.0,69.0,6.0,Low Discount,Low Stock,Affordable,Light,Bulk Pack,3570
Home & Cleaning,Shubh kart - Nirmal sugandhi mogra wet dhoop zipper 20 sticks,3000,6,6,2800,1160,False,20,30.0,28.0,2.0,Low Discount,In Stock,Budget,Extra Heavy,Bulk Pack,3571
Home & Cleaning,Lizol Disinfectant Surface & Floor Cleaner Liquid Floral,20500,8,6,18800,975,False,975,205.0,188.0,17.0,Low Discount,In Stock,Affordable,Heavy,Bulk Pack,3572
Home & Cleaning,Om Bhakti Wick for Diya - Ghee Cotton Wicks Big ,18900,10,6,17000,30,False,30,189.0,170.0,19.0,Low Discount,In Stock,Affordable,Light,Bulk Pack,3573
Home & Cleaning,Air Wick Room Air Freshener Spray - Lavender & Lotus,16100,5,6,15200,245,False,245,161.0,152.0,9.0,Low Discount,In Stock,Affordable,Light,Bulk Pack,3574
Home & Cleaning,Scotch Brite Kitchen Sink Brush,13500,9,5,12200,58,False,1,135.0,122.0,13.0,Low Discount,Low Stock,Affordable,Light,Single,3575
Home & Cleaning,Odonil Room Air Freshener Spray - Lavender Mist,15000,12,1,13200,137,False,137,150.0,132.0,18.0,Medium Discount,Low Stock,Affordable,Light,Bulk Pack,3576
Home & Cleaning,Godrej Aer Power Pocket - Long Lasting Bathroom Fragrance Lavender Bloom,5500,0,4,5500,10,False,10,55.0,55.0,0.0,No Discount,Low Stock,Affordable,Light,Large Pack,3577
Home & Cleaning,Origami Good Karma Paper Serviettes ,8000,10,6,7200,50,False,50,80.0,72.0,8.0,Low Discount,In Stock,Affordable,Light,Bulk Pack,3578
Home & Cleaning,Scotch Magic Tape,11500,14,6,9800,58,False,1,115.0,98.0,17.0,Medium Discount,In Stock,Affordable,Light,Single,3579
Home & Cleaning,Ambi Pur Car Freshener Gel - Relaxing Lavender,29900,10,2,26900,75,False,75,299.0,269.0,30.0,Low Discount,Low Stock,Mid-Range,Light,Bulk Pack,3580
Home & Cleaning,Origami Kitchen Towels 4 in 1 60 Pulls 2 Ply,26500,0,6,26500,58,False,1,265.0,265.0,0.0,No Discount,In Stock,Mid-Range,Light,Single,3581
Home & Cleaning,Ariel Matic Liquid Detergent Front Load,22500,0,6,22500,1000,False,1,225.0,225.0,0.0,No Discount,In Stock,Mid-Range,Heavy,Single,3582
Home & Cleaning,Om Bhakti Wick for Diya - Ghee Cotton Wicks Small ,13900,10,6,12500,30,False,30,139.0,125.0,14.0,Low Discount,In Stock,Affordable,Light,Bulk Pack,3583
Home & Cleaning,Chakaachak Super Strong Scrub,2900,3,5,2800,58,False,1,29.0,28.0,1.0,Low Discount,Low Stock,Budget,Light,Single,3584
Home & Cleaning,Nimyle Lemongrass Floor Cleaner,16500,5,5,15600,975,False,975,165.0,156.0,9.0,Low Discount,Low Stock,Affordable,Heavy,Bulk Pack,3585
Home & Cleaning,Oxi Green Floor Cleaner - Citrus ,17900,10,6,16100,1000,False,1,179.0,161.0,18.0,Low Discount,In Stock,Affordable,Heavy,Single,3586
Home & Cleaning,Airwick Room Air Freshener Spray - Rose & Saffron,16100,5,5,15200,245,False,245,161.0,152.0,9.0,Low Discount,Low Stock,Affordable,Light,Bulk Pack,3587
Home & Cleaning,Origami Luxuria Kitchen Towel 300 Pulls Single,32000,0,2,32000,58,False,1,320.0,320.0,0.0,No Discount,Low Stock,Mid-Range,Light,Single,3588
Home & Cleaning,Philips EyePro 10.5W Light Bulb,22000,10,6,19800,58,False,1,220.0,198.0,22.0,Low Discount,In Stock,Affordable,Light,Single,3589
Home & Cleaning,Mangalam Camphor Tablet Jar,28000,10,6,25200,100,False,100,280.0,252.0,28.0,Low Discount,In Stock,Mid-Range,Light,Bulk Pack,3590
Home & Cleaning,Chakaachak Super Sponge Wipes (Pack of 3),14000,0,6,14000,174,False,3,140.0,140.0,0.0,No Discount,In Stock,Affordable,Light,Small Pack,3591
Home & Cleaning,"""Origami Good Karma Paper Serviettes - 100 napkins (1 ply)""",7800,10,6,7000,58,False,1,78.0,70.0,8.0,Low Discount,In Stock,Affordable,Light,Single,3592
Home & Cleaning,Robin Dazzling Liquid Blue After Wash,7400,5,6,7000,200,False,200,74.0,70.0,4.0,Low Discount,In Stock,Affordable,Light,Bulk Pack,3593
Home & Cleaning,Om Bhakti Camphor Big,11900,10,6,10700,40,False,40,119.0,107.0,12.0,Low Discount,In Stock,Affordable,Light,Bulk Pack,3594
Home & Cleaning,Om Bhakti Wick for Diya - Cotton Long Batti ,2000,0,6,2000,75,False,75,20.0,20.0,0.0,No Discount,In Stock,Budget,Light,Bulk Pack,3595
Home & Cleaning,Om Bhakti Camphor Small,7900,10,6,7100,25,False,25,79.0,71.0,8.0,Low Discount,In Stock,Affordable,Light,Bulk Pack,3596
Home & Cleaning,Ariel Matic Top Load Detergent Washing Powder,49900,0,1,49900,2000,False,2,499.0,499.0,0.0,No Discount,Low Stock,Mid-Range,Extra Heavy,Small Pack,3597
Home & Cleaning,Scotch Brite Multi-Purpose Sponge Wipes,70000,17,6,58100,580,False,10,700.0,581.0,119.0,Medium Discount,In Stock,Premium,Heavy,Large Pack,3598
Home & Cleaning,Surabhi Pure Camphor,5000,2,6,4900,25,False,25,50.0,49.0,1.0,Low Discount,In Stock,Budget,Light,Bulk Pack,3599
Home & Cleaning,Lizol Double Concentrate Disinfectant Floor Cleaner Citrus,32500,5,6,30800,900,False,900,325.0,308.0,17.0,Low Discount,In Stock,Mid-Range,Heavy,Bulk Pack,3600
Home & Cleaning,Chakaachak Floor Pocha Large,5000,0,1,5000,58,False,1,50.0,50.0,0.0,No Discount,Low Stock,Budget,Light,Single,3601
Home & Cleaning,Ariel Matic Front Load Liquid Detergent,22000,0,4,22000,1000,False,1,220.0,220.0,0.0,No Discount,Low Stock,Mid-Range,Heavy,Single,3602
Home & Cleaning,Harpic Power Fresh 6 Toilet Cleaner Rim Block Marine Splash,18800,10,4,16900,35,False,35,188.0,169.0,19.0,Low Discount,Low Stock,Affordable,Light,Bulk Pack,3603
Home & Cleaning,Chakaachak Dust Proof Broom,18000,2,6,17500,58,False,1,180.0,175.0,5.0,Low Discount,In Stock,Affordable,Light,Single,3604
Home & Cleaning,Cherry Blossom Liquid Shoe Polish Neutral ,0,0,1,0,75,False,75,0.0,0.0,0.0,No Discount,Low Stock,Budget,Light,Bulk Pack,3605
Home & Cleaning,Om Bhakti Kumkum ,1200,0,6,1200,15,False,15,12.0,12.0,0.0,No Discount,In Stock,Budget,Light,Bulk Pack,3606
Home & Cleaning,Apsara Non Dust Eraser,6000,10,5,5400,1160,False,20,60.0,54.0,6.0,Low Discount,Low Stock,Affordable,Extra Heavy,Bulk Pack,3607
Home & Cleaning,Chakaachak Power Scrub (Pack of 2),4200,2,6,4100,116,False,2,42.0,41.0,1.0,Low Discount,In Stock,Budget,Light,Small Pack,3608
Home & Cleaning,Om Bhakti Wick for Diya - Vanaspati Ghee Cotton Wicks Small ,6900,11,6,6100,30,False,30,69.0,61.0,8.0,Medium Discount,In Stock,Affordable,Light,Bulk Pack,3609
Home & Cleaning,Whiskas Adult +1 year Salmon in Gravy,25000,10,3,22500,85,False,1,250.0,225.0,25.0,Low Discount,Low Stock,Mid-Range,Light,Single,3610
Home & Cleaning,Origami Paper Party Plates,24000,0,6,24000,580,False,50,240.0,240.0,0.0,No Discount,In Stock,Mid-Range,Heavy,Bulk Pack,3611
Home & Cleaning,Gala Microfiber Multipurpose Cloth,14000,7,6,12900,58,False,1,140.0,129.0,11.0,Low Discount,In Stock,Affordable,Light,Single,3612
Home & Cleaning,Ariel Matic Front Load Detergent Powder,26000,0,6,26000,1000,False,1,260.0,260.0,0.0,No Discount,In Stock,Mid-Range,Heavy,Single,3613
Home & Cleaning,Ariel Matic Liquid Detergent Front Load,25000,0,4,25000,1000,False,1,250.0,250.0,0.0,No Discount,Low Stock,Mid-Range,Heavy,Single,3614
Home & Cleaning,Vim Dishwash Bar,2300,4,0,2200,300,True,300,23.0,22.0,1.0,Low Discount,Out of Stock,Budget,Medium,Bulk Pack,3615
Home & Cleaning,Dettol Effective Protection Antiseptic Liquid,11600,0,0,11600,250,True,250,116.0,116.0,0.0,No Discount,Out of Stock,Affordable,Light,Bulk Pack,3616
Home & Cleaning,Godrej Good Night Gold Flash Liquid Vapouriser,8900,0,0,8900,60,True,60,89.0,89.0,0.0,No Discount,Out of Stock,Affordable,Light,Bulk Pack,3617
Home & Cleaning,Rin Detergent Powder,8600,2,0,8400,1000,True,1,86.0,84.0,2.0,Low Discount,Out of Stock,Affordable,Heavy,Single,3618
Home & Cleaning,Surf Excel Easy Wash Detergent Powder,13600,3,0,13100,1000,True,1,136.0,131.0,5.0,Low Discount,Out of Stock,Affordable,Heavy,Single,3619
Home & Cleaning,Rin Detergent Bar,1000,0,0,1000,140,True,140,10.0,10.0,0.0,No Discount,Out of Stock,Budget,Light,Bulk Pack,3620
Home & Cleaning,Odomos Mosquito Repellent Spray,9000,8,0,8200,100,True,100,90.0,82.0,8.0,Low Discount,Out of Stock,Affordable,Light,Bulk Pack,3621
Home & Cleaning,Chakaachak Super Steel Scrubber,1200,8,0,1100,58,True,1,12.0,11.0,1.0,Low Discount,Out of Stock,Budget,Light,Single,3622
Home & Cleaning,Scotch-Brite Scrub Sponge Ideal For Dishwash Liquid,6500,9,0,5900,116,True,2,65.0,59.0,6.0,Low Discount,Out of Stock,Affordable,Light,Small Pack,3623
Home & Cleaning,Gala No Dust Broom,19000,7,0,17500,58,True,1,190.0,175.0,15.0,Low Discount,Out of Stock,Affordable,Light,Single,3624
Home & Cleaning,Chakaachak Eazo Grass Broom New ,10500,2,0,10200,58,True,1,105.0,102.0,3.0,Low Discount,Out of Stock,Affordable,Light,Single,3625
Home & Cleaning,Vim Dishwash Bar,4500,0,0,4500,600,True,600,45.0,45.0,0.0,No Discount,Out of Stock,Budget,Heavy,Bulk Pack,3626
Home & Cleaning,Rin Fabric Whitener Detergent,6900,10,0,6200,500,True,500,69.0,62.0,7.0,Low Discount,Out of Stock,Affordable,Medium,Bulk Pack,3627
Home & Cleaning,Comfort After Wash Fabric Conditioner Lily Fresh ,23500,9,0,21200,860,True,860,235.0,212.0,23.0,Low Discount,Out of Stock,Mid-Range,Heavy,Bulk Pack,3628
Home & Cleaning,Ujala Superme For Super Whiteness Of Clothes,2500,0,0,2500,75,True,75,25.0,25.0,0.0,No Discount,Out of Stock,Budget,Light,Bulk Pack,3629
Home & Cleaning,Surf Excel Quick Wash,20800,6,0,19500,1000,True,1,208.0,195.0,13.0,Low Discount,Out of Stock,Affordable,Heavy,Single,3630
Home & Cleaning,Scotch BOPP Packaging Tape,8000,15,0,6800,58,True,1,80.0,68.0,12.0,Medium Discount,Out of Stock,Affordable,Light,Single,3631
Home & Cleaning,Origami Plates Plain,25000,10,0,22500,100,True,100,250.0,225.0,25.0,Low Discount,Out of Stock,Mid-Range,Light,Bulk Pack,3632
Home & Cleaning,Dettol Antiseptic Liquid,3000,0,0,3000,60,True,60,30.0,30.0,0.0,No Discount,Out of Stock,Budget,Light,Bulk Pack,3633
Health & Hygiene,Epigamia Fruit Yogurt Alphonso Mango,4000,50,6,2000,75,False,75,40.0,20.0,20.0,Very High Discount,In Stock,Budget,Light,Bulk Pack,3634
Health & Hygiene,Epigamia Fruit Yogurt Vanilla,4000,50,6,2000,75,False,75,40.0,20.0,20.0,Very High Discount,In Stock,Budget,Light,Bulk Pack,3635
Health & Hygiene,Nestle A+ Actiplus Probiotic Dahi Plain Curd,7800,3,5,7500,400,False,400,78.0,75.0,3.0,Low Discount,Low Stock,Affordable,Medium,Bulk Pack,3636
Health & Hygiene,Dettol Original Germ Protection Alcohol Based Hand Sanitizer,2500,0,6,2500,50,False,50,25.0,25.0,0.0,No Discount,In Stock,Budget,Light,Bulk Pack,3637
Health & Hygiene,Dettol Antiseptic Disinfectant Liquid,6600,0,6,6600,125,False,125,66.0,66.0,0.0,No Discount,In Stock,Affordable,Light,Bulk Pack,3638
Health & Hygiene,Durex Air Ultra Thin Condoms,8200,0,6,8200,174,False,3,82.0,82.0,0.0,No Discount,In Stock,Affordable,Light,Small Pack,3639
Health & Hygiene,Durex Air Ultra Thin Condom,24500,10,6,22000,580,False,10,245.0,220.0,25.0,Low Discount,In Stock,Mid-Range,Heavy,Large Pack,3640
Health & Hygiene,Dabur Regular Hajmola,4500,6,6,4200,120,False,120,45.0,42.0,3.0,Low Discount,In Stock,Budget,Light,Bulk Pack,3641
Health & Hygiene,Hajmola Anardana Digestive Tablets,4500,6,2,4200,120,False,180,45.0,42.0,3.0,Low Discount,Low Stock,Budget,Light,Bulk Pack,3642
Health & Hygiene,Zandu Balm,4000,10,4,3600,8,False,8,40.0,36.0,4.0,Low Discount,Low Stock,Budget,Light,Large Pack,3643
Health & Hygiene,Vicks Cough Drops Menthol,2000,0,6,2000,1160,False,20,20.0,20.0,0.0,No Discount,In Stock,Budget,Extra Heavy,Bulk Pack,3644
Health & Hygiene,Durex Extra Time Condoms,22800,10,6,20500,580,False,10,228.0,205.0,23.0,Low Discount,In Stock,Mid-Range,Heavy,Large Pack,3645
Health & Hygiene,Vicks Vaporub,8500,9,6,7700,25,False,25,85.0,77.0,8.0,Low Discount,In Stock,Affordable,Light,Bulk Pack,3646
Health & Hygiene,Dettol Antiseptic Liquid,3300,0,4,3300,60,False,60,33.0,33.0,0.0,No Discount,Low Stock,Budget,Light,Bulk Pack,3647
Health & Hygiene,Veet Sensitive Skin Hair Removal Cream,13500,5,6,12800,50,False,50,135.0,128.0,7.0,Low Discount,In Stock,Affordable,Light,Bulk Pack,3648
Health & Hygiene,Vicks VapoRub,14500,11,2,12900,50,False,50,145.0,129.0,16.0,Medium Discount,Low Stock,Affordable,Light,Bulk Pack,3649
Health & Hygiene,Dabur Hajmola Imli Digestive Tablets,4500,6,6,4200,120,False,120,45.0,42.0,3.0,Low Discount,In Stock,Budget,Light,Bulk Pack,3650
Health & Hygiene,Dettol Antiseptic Liquid + Disinfectant Spray - Original,15900,10,6,14300,225,False,225,159.0,143.0,16.0,Low Discount,In Stock,Affordable,Light,Bulk Pack,3651
Health & Hygiene,Iodex Body Pain Expert ,4000,2,6,3900,8,False,8,40.0,39.0,1.0,Low Discount,In Stock,Budget,Light,Large Pack,3652
Health & Hygiene,Patanjali Hing Goli,6500,10,4,5800,100,False,100,65.0,58.0,7.0,Low Discount,Low Stock,Affordable,Light,Bulk Pack,3653
Health & Hygiene,Moov Fast Pain Relief Cream,18900,15,6,16000,50,False,50,189.0,160.0,29.0,Medium Discount,In Stock,Affordable,Light,Bulk Pack,3654
Health & Hygiene,Dettol Hand Sanitizer,10000,5,6,9500,200,False,200,100.0,95.0,5.0,Low Discount,In Stock,Affordable,Light,Bulk Pack,3655
Health & Hygiene,Whisper Ultra Soft XL+ Sanitary Pads,33000,2,6,32300,30,False,30,330.0,323.0,7.0,Low Discount,In Stock,Mid-Range,Light,Bulk Pack,3656
Health & Hygiene,Whisper Choice Regular Wing Sanitary Pad,3000,0,2,3000,406,False,7,30.0,30.0,0.0,No Discount,Low Stock,Budget,Medium,Large Pack,3657
Health & Hygiene,Savlon Surface Disinfectant Spray,16500,10,6,14800,170,False,170,165.0,148.0,17.0,Low Discount,In Stock,Affordable,Light,Bulk Pack,3658
Health & Hygiene,Durex Extra Thin Condoms,22800,10,6,20500,580,False,10,228.0,205.0,23.0,Low Discount,In Stock,Mid-Range,Heavy,Large Pack,3659
Health & Hygiene,Stayfree Secure Dry Cover Regular Sanitary Pad With Wings,3000,3,6,2900,406,False,7,30.0,29.0,1.0,Low Discount,In Stock,Budget,Medium,Large Pack,3660
Health & Hygiene,Eno Fruit Salt Lemon Flavour Energy Powder,13000,10,6,11700,100,False,100,130.0,117.0,13.0,Low Discount,In Stock,Affordable,Light,Bulk Pack,3661
Health & Hygiene,Moov Pain Relief Specialist Spray,14900,5,5,14100,35,False,35,149.0,141.0,8.0,Low Discount,Low Stock,Affordable,Light,Bulk Pack,3662
Health & Hygiene,Savlon Germ Protection Wipes,18900,10,6,17000,72,False,72,189.0,170.0,19.0,Low Discount,In Stock,Affordable,Light,Bulk Pack,3663
Health & Hygiene,Veet Hair Removal Cream Dry Skin,13500,5,5,12800,50,False,50,135.0,128.0,7.0,Low Discount,Low Stock,Affordable,Light,Bulk Pack,3664
Health & Hygiene,Whisper Ultra Soft Air Fresh Sanitary Pads (XL) with Wings,31500,0,4,31500,30,False,30,315.0,315.0,0.0,No Discount,Low Stock,Mid-Range,Light,Bulk Pack,3665
Health & Hygiene,Whisper Choice Regular Sanitary Pads,9000,0,6,9000,1160,False,20,90.0,90.0,0.0,No Discount,In Stock,Affordable,Extra Heavy,Bulk Pack,3666
Health & Hygiene,Whisper Ultra Clean Wings XL+  Pouch,44900,7,6,41500,44,False,44,449.0,415.0,34.0,Low Discount,In Stock,Mid-Range,Light,Bulk Pack,3667
Health & Hygiene,Durex Extra Ribbed Condoms,24500,10,2,22000,580,False,10,245.0,220.0,25.0,Low Discount,Low Stock,Mid-Range,Heavy,Large Pack,3668
Health & Hygiene,Eno Regular Fruit Salt Energy Powder,13000,0,6,13000,100,False,100,130.0,130.0,0.0,No Discount,In Stock,Affordable,Light,Bulk Pack,3669
Health & Hygiene,Durex Extra Thin Bubblegum Condom,15000,10,6,13500,580,False,10,150.0,135.0,15.0,Low Discount,In Stock,Affordable,Heavy,Large Pack,3670
Health & Hygiene,Dabur Hajmola Pudina - Digestive Tablets,4500,6,6,4200,120,False,120,45.0,42.0,3.0,Low Discount,In Stock,Budget,Light,Bulk Pack,3671
Health & Hygiene,Baidyanath Isabgol,11000,22,3,8500,100,False,100,110.0,85.0,25.0,Medium Discount,Low Stock,Affordable,Light,Bulk Pack,3672
Health & Hygiene,Kapiva Thar Aloe Vera Juice,29900,15,6,25400,1000,False,1,299.0,254.0,45.0,Medium Discount,In Stock,Mid-Range,Heavy,Single,3673
Health & Hygiene,Fine Life Cotton Balls,11000,10,6,9900,100,False,100,110.0,99.0,11.0,Low Discount,In Stock,Affordable,Light,Bulk Pack,3674
Health & Hygiene,Stayfree Dry Max All Night XL Dry Cover Sanitary Pads,34000,12,6,29800,28,False,28,340.0,298.0,42.0,Medium Discount,In Stock,Mid-Range,Light,Bulk Pack,3675
Health & Hygiene,Moov Pain Releiver Spray,29000,15,6,24600,80,False,80,290.0,246.0,44.0,Medium Discount,In Stock,Mid-Range,Light,Bulk Pack,3676
Health & Hygiene,Whisper Ultra Clean XL Plus Sanitary Pad,17500,0,5,17500,870,False,15,175.0,175.0,0.0,No Discount,Low Stock,Affordable,Heavy,Bulk Pack,3677
Health & Hygiene,Durex Condoms Mutual Climax,12000,0,6,12000,174,False,3,120.0,120.0,0.0,No Discount,In Stock,Affordable,Light,Small Pack,3678
Health & Hygiene,Durex Extra Dots Condoms,22800,10,6,20500,580,False,10,228.0,205.0,23.0,Low Discount,In Stock,Mid-Range,Heavy,Large Pack,3679
Health & Hygiene,Zandu Balm Ulter Power For Strong Headache Bodyache & Cold,4500,8,6,4100,8,False,8,45.0,41.0,4.0,Low Discount,In Stock,Budget,Light,Large Pack,3680
Health & Hygiene,Dabur Hajmola Maha Candy - Aam+Imli,13000,5,1,12300,130,False,130,130.0,123.0,7.0,Low Discount,Low Stock,Affordable,Light,Bulk Pack,3681
Health & Hygiene,Whisper Choice Ultra XL Sanitary Pad,13300,2,5,13000,1160,False,20,133.0,130.0,3.0,Low Discount,Low Stock,Affordable,Extra Heavy,Bulk Pack,3682
Health & Hygiene,Veet Full Body Waxing Kit For Dry Skin,23500,7,6,21800,1160,False,20,235.0,218.0,17.0,Low Discount,In Stock,Mid-Range,Extra Heavy,Bulk Pack,3683
Health & Hygiene,Dabur Chyawanprakash - Sugar Free,41500,7,6,38500,900,False,900,415.0,385.0,30.0,Low Discount,In Stock,Mid-Range,Heavy,Bulk Pack,3684
Health & Hygiene,Zandu Balm,8500,10,5,7600,25,False,25,85.0,76.0,9.0,Low Discount,Low Stock,Affordable,Light,Bulk Pack,3685
Health & Hygiene,Himalaya Cold Balm,12500,9,6,11300,45,False,45,125.0,113.0,12.0,Low Discount,In Stock,Affordable,Light,Bulk Pack,3686
Health & Hygiene,Dettol Clinical Strength Hand Sanitizer Liquid,25000,10,6,22500,500,False,500,250.0,225.0,25.0,Low Discount,In Stock,Mid-Range,Medium,Bulk Pack,3687
Health & Hygiene,Kapiva Wild Amla Juice,24900,14,6,21200,1000,False,1,249.0,212.0,37.0,Medium Discount,In Stock,Mid-Range,Heavy,Single,3688
Health & Hygiene,Dabur Chyawanprash,34900,3,6,33800,950,False,1,349.0,338.0,11.0,Low Discount,In Stock,Mid-Range,Heavy,Single,3689
Health & Hygiene,Amrutanjan Pain Balm Extra Power,10000,11,6,8900,28,False,27,100.0,89.0,11.0,Medium Discount,In Stock,Affordable,Light,Bulk Pack,3690
Health & Hygiene,Stayfree Dry-Max All Night Ultra-Dry Sanitary Pad,9000,10,6,8100,406,False,7,90.0,81.0,9.0,Low Discount,In Stock,Affordable,Medium,Large Pack,3691
Health & Hygiene,Whisper Ultra Clean XL Plus Sanitary Pad,15500,0,6,15500,870,False,15,155.0,155.0,0.0,No Discount,In Stock,Affordable,Heavy,Bulk Pack,3692
Health & Hygiene,Durex Mutual Climax Condoms,36000,15,6,30600,580,False,10,360.0,306.0,54.0,Medium Discount,In Stock,Mid-Range,Heavy,Large Pack,3693
Health & Hygiene,Whisper Daily Liners Clean and Fresh,10500,0,4,10500,1160,False,20,105.0,105.0,0.0,No Discount,Low Stock,Affordable,Extra Heavy,Bulk Pack,3694
Health & Hygiene,Moov Cream Regular,5000,6,4,4700,10,False,10,50.0,47.0,3.0,Low Discount,Low Stock,Budget,Light,Large Pack,3695
Health & Hygiene,Moov Pain Relief Specialist,7500,5,6,7100,15,False,15,75.0,71.0,4.0,Low Discount,In Stock,Affordable,Light,Bulk Pack,3696
Health & Hygiene,Dabur Chyawanprakash Sugar Free,23500,5,6,22300,500,False,500,235.0,223.0,12.0,Low Discount,In Stock,Mid-Range,Medium,Bulk Pack,3697
Health & Hygiene,Baidyanath Isabgol,11000,22,5,8500,100,False,100,110.0,85.0,25.0,Medium Discount,Low Stock,Affordable,Light,Bulk Pack,3698
Health & Hygiene,Veet Hair Removal Cream (Normal Skin),13500,5,6,12800,50,False,50,135.0,128.0,7.0,Low Discount,In Stock,Affordable,Light,Bulk Pack,3699
Health & Hygiene,Stayfree Advanced XL Ultra Comfort Sanitary napkins with Wings,17500,0,3,17500,812,False,14,175.0,175.0,0.0,No Discount,Low Stock,Affordable,Heavy,Bulk Pack,3700
Health & Hygiene,Savlon Clothes Disinfectant & Refreshing Spray Fresh Breeze,17500,10,6,15700,230,False,230,175.0,157.0,18.0,Low Discount,In Stock,Affordable,Light,Bulk Pack,3701
Health & Hygiene,Dabur Chyawanprash Immunity Booster,19000,6,6,17700,500,False,500,190.0,177.0,13.0,Low Discount,In Stock,Affordable,Medium,Bulk Pack,3702
Health & Hygiene,Vicks Inhaler with Keychain,10500,9,4,9500,116,False,2,105.0,95.0,10.0,Low Discount,Low Stock,Affordable,Light,Small Pack,3703
Health & Hygiene,Stayfree Secure XL Size Sanitary Napkins,11500,0,5,11500,1160,False,20,115.0,115.0,0.0,No Discount,Low Stock,Affordable,Extra Heavy,Bulk Pack,3704
Health & Hygiene,Dabur Ayurvedic Tulsi Drops (Immunity Booster),19500,6,6,18200,30,False,30,195.0,182.0,13.0,Low Discount,In Stock,Affordable,Light,Bulk Pack,3705
Health & Hygiene,Organic India Wheat Grass,39500,20,4,31600,100,False,100,395.0,316.0,79.0,Medium Discount,Low Stock,Mid-Range,Light,Bulk Pack,3706
Health & Hygiene,Organic India Organic Chyawanprash,49500,20,6,39600,500,False,500,495.0,396.0,99.0,Medium Discount,In Stock,Mid-Range,Medium,Bulk Pack,3707
Health & Hygiene,Organic India Sugar Balance 60 Capsules Bottle,22500,0,6,22500,60,False,60,225.0,225.0,0.0,No Discount,In Stock,Mid-Range,Light,Bulk Pack,3708
Health & Hygiene,Whisper Ultra Soft XL+ Sanitary Pads,55500,0,1,55500,60,False,60,555.0,555.0,0.0,No Discount,Low Stock,Premium,Light,Bulk Pack,3709
Health & Hygiene,Dabur - Chyawanprash,9900,0,1,9900,250,False,25,99.0,99.0,0.0,No Discount,Low Stock,Affordable,Light,Bulk Pack,3710
Health & Hygiene,Vicks BabyRub,10500,11,6,9300,25,False,25,105.0,93.0,12.0,Medium Discount,In Stock,Affordable,Light,Bulk Pack,3711
Health & Hygiene,Bombay Shaving Company Sensitive Cartridges,37500,0,2,37500,116,False,2,375.0,375.0,0.0,No Discount,Low Stock,Mid-Range,Light,Small Pack,3712
Health & Hygiene,Organic India Brahmi Bottle,20500,20,1,16400,60,False,60,205.0,164.0,41.0,Medium Discount,Low Stock,Affordable,Light,Bulk Pack,3713
Health & Hygiene,Horlicks Protein Plus Chocolate,27000,0,2,27000,200,False,200,270.0,270.0,0.0,No Discount,Low Stock,Mid-Range,Light,Bulk Pack,3714
Health & Hygiene,Dabur Nature Care Isabgol - Double Action,14000,5,6,13300,100,False,100,140.0,133.0,7.0,Low Discount,In Stock,Affordable,Light,Bulk Pack,3715
Health & Hygiene,Kapiva Wild Tulsi Giloy Juice |,40000,15,1,34000,1000,False,1,400.0,340.0,60.0,Medium Discount,Low Stock,Mid-Range,Heavy,Single,3716
Health & Hygiene,Dabur Amla Juice,23500,15,6,19900,1000,False,1,235.0,199.0,36.0,Medium Discount,In Stock,Affordable,Heavy,Single,3717
Health & Hygiene,Epigamia Fruit Yogurt Strawberry,4000,50,0,2000,75,True,75,40.0,20.0,20.0,Very High Discount,Out of Stock,Budget,Light,Bulk Pack,3718
Health & Hygiene,Dettol Effective Protection Antiseptic Liquid,11600,0,0,11600,250,True,250,116.0,116.0,0.0,No Discount,Out of Stock,Affordable,Light,Bulk Pack,3719
Health & Hygiene,Stayfree Secure Cottony Soft Cover Sanitary Pad (Regular) with Wings,3000,3,0,2900,406,True,7,30.0,29.0,1.0,Low Discount,Out of Stock,Budget,Medium,Large Pack,3720
Health & Hygiene,"Eno Cooling Sachets - Cool Mint, 6 Pieces Carton",5400,11,0,4800,5,True,5,54.0,48.0,6.0,Medium Discount,Out of Stock,Budget,Light,Medium Pack,3721
Health & Hygiene,Whisper Choice Sanitary Pad ,3200,9,0,2900,406,True,7,32.0,29.0,3.0,Low Discount,Out of Stock,Budget,Medium,Large Pack,3722
Health & Hygiene,Whisper Bindazzz Nights XL + Sanitary Pad,9000,0,0,9000,406,True,7,90.0,90.0,0.0,No Discount,Out of Stock,Affordable,Medium,Large Pack,3723
Health & Hygiene,Gillette Venus Close & Clean Razor ,24900,7,0,23000,58,True,1,249.0,230.0,19.0,Low Discount,Out of Stock,Mid-Range,Light,Single,3724
Health & Hygiene,Whisper Choice Regular Sanitary Pads,9000,3,0,8700,58,True,20,90.0,87.0,3.0,Low Discount,Out of Stock,Affordable,Light,Bulk Pack,3725
Health & Hygiene,Stayfree Secure Dry Cover Extra Large Sanitary Pad,4200,2,0,4100,406,True,7,42.0,41.0,1.0,Low Discount,Out of Stock,Budget,Medium,Large Pack,3726
Health & Hygiene,Dabur Honitus Herbal Cough Remedy Ayurvedic Syrup,10500,15,0,8900,100,True,100,105.0,89.0,16.0,Medium Discount,Out of Stock,Affordable,Light,Bulk Pack,3727
Health & Hygiene,Whisper Bindazzz Night Sanitary Pads XL Plus,18500,0,0,18500,870,True,15,185.0,185.0,0.0,No Discount,Out of Stock,Affordable,Heavy,Bulk Pack,3728
Health & Hygiene,Fine Life Cotton Balls,6000,0,0,6000,50,True,50,60.0,60.0,0.0,No Discount,Out of Stock,Affordable,Light,Bulk Pack,3729
Health & Hygiene,Dettol Antiseptic Liquid,3000,0,0,3000,60,True,60,30.0,30.0,0.0,No Discount,Out of Stock,Budget,Light,Bulk Pack,3730
